[14062:253552:1008/140727.168671:INFO:components/enterprise/browser/controller/chrome_browser_cloud_management_controller.cc:206] No machine level policy manager exists.
[14062:253668:1008/140727.784809:ERROR:base/process/process_mac.cc:53] task_policy_set TASK_CATEGORY_POLICY: (os/kern) invalid argument (4)
[14062:253668:1008/140727.784911:ERROR:base/process/process_mac.cc:98] task_policy_set TASK_SUPPRESSION_POLICY: (os/kern) invalid argument (4)
[14062:253552:1008/140727.981049:INFO:CONSOLE:0] "[DOM] Input elements should have autocomplete attributes (suggested: "current-password"): (More info: https://goo.gl/9p2vKq) %o", source: https://nid.naver.com/nidlogin.login (0)
[14062:253552:1008/140728.351522:INFO:CONSOLE:2] "Error", source: https://wtm.pstatic.net/f42d54e/54ca873547d7da4dfa43.js (2)
[14062:253646:1008/140731.042591:ERROR:google_apis/gcm/engine/registration_request.cc:291] Registration response error message: QUOTA_EXCEEDED
[14074:253669:1008/140744.186995:WARNING:cc/paint/skottie_wrapper_impl.cc:130] Encountered unknown property node with hash: 559079338
[14074:253669:1008/140744.187305:WARNING:cc/paint/skottie_wrapper_impl.cc:130] Encountered unknown property node with hash: 733108593
[14074:253669:1008/140744.187315:WARNING:cc/paint/skottie_wrapper_impl.cc:130] Encountered unknown property node with hash: 1104477328
[14074:253669:1008/140744.187321:WARNING:cc/paint/skottie_wrapper_impl.cc:130] Encountered unknown property node with hash: 1235441726
[14074:253669:1008/140744.187327:WARNING:cc/paint/skottie_wrapper_impl.cc:130] Encountered unknown property node with hash: 1398109417
[14074:253669:1008/140744.187331:WARNING:cc/paint/skottie_wrapper_impl.cc:130] Encountered unknown property node with hash: 1745445570
[14074:253669:1008/140744.187337:WARNING:cc/paint/skottie_wrapper_impl.cc:130] Encountered unknown property node with hash: 2629264519
[14074:253669:1008/140744.187341:WARNING:cc/paint/skottie_wrapper_impl.cc:130] Encountered unknown property node with hash: 2928374096
[14074:253669:1008/140744.187345:WARNING:cc/paint/skottie_wrapper_impl.cc:130] Encountered unknown property node with hash: 3162947791
[14074:253669:1008/140744.187349:WARNING:cc/paint/skottie_wrapper_impl.cc:130] Encountered unknown property node with hash: 3189316647
[14062:253552:1008/140833.542079:INFO:CONSOLE:2] "클립보드 읽기 권한 상태: prompt", source: https://feblog.pstatic.net/real/pc/2025.10.01/js/vendor.6794114dd270eb42c37c.js (2)
[14062:253552:1008/140838.581111:INFO:CONSOLE:2] "클립보드 읽기 권한 상태: prompt", source: https://feblog.pstatic.net/real/pc/2025.10.01/js/vendor.6794114dd270eb42c37c.js (2)
[14062:253552:1008/140841.858397:INFO:CONSOLE:2] "클립보드 읽기 권한 상태: prompt", source: https://feblog.pstatic.net/real/pc/2025.10.01/js/vendor.6794114dd270eb42c37c.js (2)
[14062:253552:1008/140845.333768:INFO:CONSOLE:2] "클립보드 읽기 권한 상태: prompt", source: https://feblog.pstatic.net/real/pc/2025.10.01/js/vendor.6794114dd270eb42c37c.js (2)
[14062:253552:1008/140847.308544:INFO:CONSOLE:2] "클립보드 읽기 권한 상태: prompt", source: https://feblog.pstatic.net/real/pc/2025.10.01/js/vendor.6794114dd270eb42c37c.js (2)
[14062:253552:1008/140849.309669:INFO:CONSOLE:2] "클립보드 읽기 권한 상태: prompt", source: https://feblog.pstatic.net/real/pc/2025.10.01/js/vendor.6794114dd270eb42c37c.js (2)
[14062:253552:1008/140849.847122:INFO:CONSOLE:1] "File chooser dialog can only be shown with a user activation.", source: https://editor-static.pstatic.net/e/basic.desktop/1.69.0/se-editor.js?t=1755855480440 (1)
[14062:253552:1008/140851.284560:INFO:CONSOLE:2] "클립보드 읽기 권한 상태: prompt", source: https://feblog.pstatic.net/real/pc/2025.10.01/js/vendor.6794114dd270eb42c37c.js (2)
[14062:253552:1008/140851.813096:INFO:CONSOLE:1] "File chooser dialog can only be shown with a user activation.", source: https://editor-static.pstatic.net/e/basic.desktop/1.69.0/se-editor.js?t=1755855480440 (1)
[14062:253552:1008/140853.287082:INFO:CONSOLE:2] "클립보드 읽기 권한 상태: prompt", source: https://feblog.pstatic.net/real/pc/2025.10.01/js/vendor.6794114dd270eb42c37c.js (2)
[14062:253552:1008/140853.811462:INFO:CONSOLE:1] "File chooser dialog can only be shown with a user activation.", source: https://editor-static.pstatic.net/e/basic.desktop/1.69.0/se-editor.js?t=1755855480440 (1)
[14062:253552:1008/140906.675843:INFO:CONSOLE:2] "키보드 입력 차단 및 포커스 정리 완료", source: https://feblog.pstatic.net/real/pc/2025.10.01/js/vendor.6794114dd270eb42c37c.js (2)
[14062:253552:1008/140911.765053:INFO:CONSOLE:2] "=== 최강화된 확인 버튼 찾기 시작 ===", source: https://feblog.pstatic.net/real/pc/2025.10.01/js/vendor.6794114dd270eb42c37c.js (2)
[14062:253552:1008/140911.765199:INFO:CONSOLE:2] "현재 페이지의 모든 버튼 상황:", source: https://feblog.pstatic.net/real/pc/2025.10.01/js/vendor.6794114dd270eb42c37c.js (2)
[14062:253552:1008/140911.765650:INFO:CONSOLE:2] "버튼 1: [object Object]", source: https://feblog.pstatic.net/real/pc/2025.10.01/js/vendor.6794114dd270eb42c37c.js (2)
[14062:253552:1008/140911.765901:INFO:CONSOLE:2] "버튼 2: [object Object]", source: https://feblog.pstatic.net/real/pc/2025.10.01/js/vendor.6794114dd270eb42c37c.js (2)
[14062:253552:1008/140911.766082:INFO:CONSOLE:2] "버튼 3: [object Object]", source: https://feblog.pstatic.net/real/pc/2025.10.01/js/vendor.6794114dd270eb42c37c.js (2)
[14062:253552:1008/140911.766208:INFO:CONSOLE:2] "버튼 4: [object Object]", source: https://feblog.pstatic.net/real/pc/2025.10.01/js/vendor.6794114dd270eb42c37c.js (2)
[14062:253552:1008/140911.766345:INFO:CONSOLE:2] "버튼 5: [object Object]", source: https://feblog.pstatic.net/real/pc/2025.10.01/js/vendor.6794114dd270eb42c37c.js (2)
[14062:253552:1008/140911.766507:INFO:CONSOLE:2] "버튼 6: [object Object]", source: https://feblog.pstatic.net/real/pc/2025.10.01/js/vendor.6794114dd270eb42c37c.js (2)
[14062:253552:1008/140911.766721:INFO:CONSOLE:2] "버튼 7: [object Object]", source: https://feblog.pstatic.net/real/pc/2025.10.01/js/vendor.6794114dd270eb42c37c.js (2)
[14062:253552:1008/140911.766825:INFO:CONSOLE:2] "버튼 8: [object Object]", source: https://feblog.pstatic.net/real/pc/2025.10.01/js/vendor.6794114dd270eb42c37c.js (2)
[14062:253552:1008/140911.766960:INFO:CONSOLE:2] "버튼 9: [object Object]", source: https://feblog.pstatic.net/real/pc/2025.10.01/js/vendor.6794114dd270eb42c37c.js (2)
[14062:253552:1008/140911.767066:INFO:CONSOLE:2] "버튼 10: [object Object]", source: https://feblog.pstatic.net/real/pc/2025.10.01/js/vendor.6794114dd270eb42c37c.js (2)
[14062:253552:1008/140911.767165:INFO:CONSOLE:2] "버튼 11: [object Object]", source: https://feblog.pstatic.net/real/pc/2025.10.01/js/vendor.6794114dd270eb42c37c.js (2)
[14062:253552:1008/140911.767260:INFO:CONSOLE:2] "버튼 12: [object Object]", source: https://feblog.pstatic.net/real/pc/2025.10.01/js/vendor.6794114dd270eb42c37c.js (2)
[14062:253552:1008/140911.767355:INFO:CONSOLE:2] "버튼 13: [object Object]", source: https://feblog.pstatic.net/real/pc/2025.10.01/js/vendor.6794114dd270eb42c37c.js (2)
[14062:253552:1008/140911.767448:INFO:CONSOLE:2] "버튼 14: [object Object]", source: https://feblog.pstatic.net/real/pc/2025.10.01/js/vendor.6794114dd270eb42c37c.js (2)
[14062:253552:1008/140911.767567:INFO:CONSOLE:2] "버튼 15: [object Object]", source: https://feblog.pstatic.net/real/pc/2025.10.01/js/vendor.6794114dd270eb42c37c.js (2)
[14062:253552:1008/140911.767745:INFO:CONSOLE:2] "버튼 16: [object Object]", source: https://feblog.pstatic.net/real/pc/2025.10.01/js/vendor.6794114dd270eb42c37c.js (2)
[14062:253552:1008/140911.767851:INFO:CONSOLE:2] "버튼 17: [object Object]", source: https://feblog.pstatic.net/real/pc/2025.10.01/js/vendor.6794114dd270eb42c37c.js (2)
[14062:253552:1008/140911.767964:INFO:CONSOLE:2] "버튼 18: [object Object]", source: https://feblog.pstatic.net/real/pc/2025.10.01/js/vendor.6794114dd270eb42c37c.js (2)
[14062:253552:1008/140911.768092:INFO:CONSOLE:2] "버튼 19: [object Object]", source: https://feblog.pstatic.net/real/pc/2025.10.01/js/vendor.6794114dd270eb42c37c.js (2)
[14062:253552:1008/140911.768193:INFO:CONSOLE:2] "버튼 20: [object Object]", source: https://feblog.pstatic.net/real/pc/2025.10.01/js/vendor.6794114dd270eb42c37c.js (2)
[14062:253552:1008/140911.768296:INFO:CONSOLE:2] "버튼 21: [object Object]", source: https://feblog.pstatic.net/real/pc/2025.10.01/js/vendor.6794114dd270eb42c37c.js (2)
[14062:253552:1008/140911.768406:INFO:CONSOLE:2] "버튼 22: [object Object]", source: https://feblog.pstatic.net/real/pc/2025.10.01/js/vendor.6794114dd270eb42c37c.js (2)
[14062:253552:1008/140911.768502:INFO:CONSOLE:2] "버튼 23: [object Object]", source: https://feblog.pstatic.net/real/pc/2025.10.01/js/vendor.6794114dd270eb42c37c.js (2)
[14062:253552:1008/140911.768592:INFO:CONSOLE:2] "버튼 24: [object Object]", source: https://feblog.pstatic.net/real/pc/2025.10.01/js/vendor.6794114dd270eb42c37c.js (2)
[14062:253552:1008/140911.768700:INFO:CONSOLE:2] "버튼 25: [object Object]", source: https://feblog.pstatic.net/real/pc/2025.10.01/js/vendor.6794114dd270eb42c37c.js (2)
[14062:253552:1008/140911.768967:INFO:CONSOLE:2] "버튼 26: [object Object]", source: https://feblog.pstatic.net/real/pc/2025.10.01/js/vendor.6794114dd270eb42c37c.js (2)
[14062:253552:1008/140911.769180:INFO:CONSOLE:2] "버튼 27: [object Object]", source: https://feblog.pstatic.net/real/pc/2025.10.01/js/vendor.6794114dd270eb42c37c.js (2)
[14062:253552:1008/140911.769305:INFO:CONSOLE:2] "버튼 28: [object Object]", source: https://feblog.pstatic.net/real/pc/2025.10.01/js/vendor.6794114dd270eb42c37c.js (2)
[14062:253552:1008/140911.769405:INFO:CONSOLE:2] "버튼 29: [object Object]", source: https://feblog.pstatic.net/real/pc/2025.10.01/js/vendor.6794114dd270eb42c37c.js (2)
[14062:253552:1008/140911.769511:INFO:CONSOLE:2] "버튼 30: [object Object]", source: https://feblog.pstatic.net/real/pc/2025.10.01/js/vendor.6794114dd270eb42c37c.js (2)
[14062:253552:1008/140911.769608:INFO:CONSOLE:2] "버튼 31: [object Object]", source: https://feblog.pstatic.net/real/pc/2025.10.01/js/vendor.6794114dd270eb42c37c.js (2)
[14062:253552:1008/140911.769684:INFO:CONSOLE:2] "버튼 32: [object Object]", source: https://feblog.pstatic.net/real/pc/2025.10.01/js/vendor.6794114dd270eb42c37c.js (2)
[14062:253552:1008/140911.769810:INFO:CONSOLE:2] "버튼 33: [object Object]", source: https://feblog.pstatic.net/real/pc/2025.10.01/js/vendor.6794114dd270eb42c37c.js (2)
[14062:253552:1008/140911.769876:INFO:CONSOLE:2] "버튼 34: [object Object]", source: https://feblog.pstatic.net/real/pc/2025.10.01/js/vendor.6794114dd270eb42c37c.js (2)
[14062:253552:1008/140911.769952:INFO:CONSOLE:2] "버튼 35: [object Object]", source: https://feblog.pstatic.net/real/pc/2025.10.01/js/vendor.6794114dd270eb42c37c.js (2)
[14062:253552:1008/140911.770041:INFO:CONSOLE:2] "버튼 36: [object Object]", source: https://feblog.pstatic.net/real/pc/2025.10.01/js/vendor.6794114dd270eb42c37c.js (2)
[14062:253552:1008/140911.770155:INFO:CONSOLE:2] "버튼 37: [object Object]", source: https://feblog.pstatic.net/real/pc/2025.10.01/js/vendor.6794114dd270eb42c37c.js (2)
[14062:253552:1008/140911.770241:INFO:CONSOLE:2] "버튼 38: [object Object]", source: https://feblog.pstatic.net/real/pc/2025.10.01/js/vendor.6794114dd270eb42c37c.js (2)
[14062:253552:1008/140911.770313:INFO:CONSOLE:2] "버튼 39: [object Object]", source: https://feblog.pstatic.net/real/pc/2025.10.01/js/vendor.6794114dd270eb42c37c.js (2)
[14062:253552:1008/140911.770408:INFO:CONSOLE:2] "버튼 40: [object Object]", source: https://feblog.pstatic.net/real/pc/2025.10.01/js/vendor.6794114dd270eb42c37c.js (2)
[14062:253552:1008/140911.770479:INFO:CONSOLE:2] "버튼 41: [object Object]", source: https://feblog.pstatic.net/real/pc/2025.10.01/js/vendor.6794114dd270eb42c37c.js (2)
[14062:253552:1008/140911.770591:INFO:CONSOLE:2] "버튼 42: [object Object]", source: https://feblog.pstatic.net/real/pc/2025.10.01/js/vendor.6794114dd270eb42c37c.js (2)
[14062:253552:1008/140911.770693:INFO:CONSOLE:2] "버튼 43: [object Object]", source: https://feblog.pstatic.net/real/pc/2025.10.01/js/vendor.6794114dd270eb42c37c.js (2)
[14062:253552:1008/140911.770741:INFO:CONSOLE:2] "버튼 45: [object Object]", source: https://feblog.pstatic.net/real/pc/2025.10.01/js/vendor.6794114dd270eb42c37c.js (2)
[14062:253552:1008/140911.770841:INFO:CONSOLE:2] "버튼 47: [object Object]", source: https://feblog.pstatic.net/real/pc/2025.10.01/js/vendor.6794114dd270eb42c37c.js (2)
[14062:253552:1008/140911.770981:INFO:CONSOLE:2] "버튼 51: [object Object]", source: https://feblog.pstatic.net/real/pc/2025.10.01/js/vendor.6794114dd270eb42c37c.js (2)
[14062:253552:1008/140911.771104:INFO:CONSOLE:2] "버튼 55: [object Object]", source: https://feblog.pstatic.net/real/pc/2025.10.01/js/vendor.6794114dd270eb42c37c.js (2)
[14062:253552:1008/140911.771197:INFO:CONSOLE:2] "버튼 59: [object Object]", source: https://feblog.pstatic.net/real/pc/2025.10.01/js/vendor.6794114dd270eb42c37c.js (2)
[14062:253552:1008/140911.771251:INFO:CONSOLE:2] "버튼 60: [object Object]", source: https://feblog.pstatic.net/real/pc/2025.10.01/js/vendor.6794114dd270eb42c37c.js (2)
[14062:253552:1008/140911.771351:INFO:CONSOLE:2] "버튼 63: [object Object]", source: https://feblog.pstatic.net/real/pc/2025.10.01/js/vendor.6794114dd270eb42c37c.js (2)
[14062:253552:1008/140911.771430:INFO:CONSOLE:2] "버튼 64: [object Object]", source: https://feblog.pstatic.net/real/pc/2025.10.01/js/vendor.6794114dd270eb42c37c.js (2)
[14062:253552:1008/140911.771538:INFO:CONSOLE:2] "버튼 67: [object Object]", source: https://feblog.pstatic.net/real/pc/2025.10.01/js/vendor.6794114dd270eb42c37c.js (2)
[14062:253552:1008/140911.771604:INFO:CONSOLE:2] "버튼 68: [object Object]", source: https://feblog.pstatic.net/real/pc/2025.10.01/js/vendor.6794114dd270eb42c37c.js (2)
[14062:253552:1008/140911.771690:INFO:CONSOLE:2] "버튼 71: [object Object]", source: https://feblog.pstatic.net/real/pc/2025.10.01/js/vendor.6794114dd270eb42c37c.js (2)
[14062:253552:1008/140911.771789:INFO:CONSOLE:2] "버튼 72: [object Object]", source: https://feblog.pstatic.net/real/pc/2025.10.01/js/vendor.6794114dd270eb42c37c.js (2)
[14062:253552:1008/140911.771889:INFO:CONSOLE:2] "버튼 75: [object Object]", source: https://feblog.pstatic.net/real/pc/2025.10.01/js/vendor.6794114dd270eb42c37c.js (2)
[14062:253552:1008/140911.772073:INFO:CONSOLE:2] "버튼 95: [object Object]", source: https://feblog.pstatic.net/real/pc/2025.10.01/js/vendor.6794114dd270eb42c37c.js (2)
[14062:253552:1008/140911.772111:INFO:CONSOLE:2] "버튼 96: [object Object]", source: https://feblog.pstatic.net/real/pc/2025.10.01/js/vendor.6794114dd270eb42c37c.js (2)
[14062:253552:1008/140911.772176:INFO:CONSOLE:2] "버튼 97: [object Object]", source: https://feblog.pstatic.net/real/pc/2025.10.01/js/vendor.6794114dd270eb42c37c.js (2)
[14062:253552:1008/140911.772302:INFO:CONSOLE:2] "버튼 98: [object Object]", source: https://feblog.pstatic.net/real/pc/2025.10.01/js/vendor.6794114dd270eb42c37c.js (2)
[14062:253552:1008/140911.772346:INFO:CONSOLE:2] "버튼 99: [object Object]", source: https://feblog.pstatic.net/real/pc/2025.10.01/js/vendor.6794114dd270eb42c37c.js (2)
[14062:253552:1008/140911.772428:INFO:CONSOLE:2] "버튼 100: [object Object]", source: https://feblog.pstatic.net/real/pc/2025.10.01/js/vendor.6794114dd270eb42c37c.js (2)
[14062:253552:1008/140911.772493:INFO:CONSOLE:2] "버튼 101: [object Object]", source: https://feblog.pstatic.net/real/pc/2025.10.01/js/vendor.6794114dd270eb42c37c.js (2)
[14062:253552:1008/140911.772586:INFO:CONSOLE:2] "버튼 102: [object Object]", source: https://feblog.pstatic.net/real/pc/2025.10.01/js/vendor.6794114dd270eb42c37c.js (2)
[14062:253552:1008/140911.772652:INFO:CONSOLE:2] "버튼 103: [object Object]", source: https://feblog.pstatic.net/real/pc/2025.10.01/js/vendor.6794114dd270eb42c37c.js (2)
[14062:253552:1008/140911.772746:INFO:CONSOLE:2] "버튼 104: [object Object]", source: https://feblog.pstatic.net/real/pc/2025.10.01/js/vendor.6794114dd270eb42c37c.js (2)
[14062:253552:1008/140911.772815:INFO:CONSOLE:2] "버튼 105: [object Object]", source: https://feblog.pstatic.net/real/pc/2025.10.01/js/vendor.6794114dd270eb42c37c.js (2)
[14062:253552:1008/140911.772917:INFO:CONSOLE:2] "버튼 106: [object Object]", source: https://feblog.pstatic.net/real/pc/2025.10.01/js/vendor.6794114dd270eb42c37c.js (2)
[14062:253552:1008/140911.772999:INFO:CONSOLE:2] "버튼 107: [object Object]", source: https://feblog.pstatic.net/real/pc/2025.10.01/js/vendor.6794114dd270eb42c37c.js (2)
[14062:253552:1008/140911.773082:INFO:CONSOLE:2] "버튼 108: [object Object]", source: https://feblog.pstatic.net/real/pc/2025.10.01/js/vendor.6794114dd270eb42c37c.js (2)
[14062:253552:1008/140911.773207:INFO:CONSOLE:2] "버튼 109: [object Object]", source: https://feblog.pstatic.net/real/pc/2025.10.01/js/vendor.6794114dd270eb42c37c.js (2)
[14062:253552:1008/140911.773284:INFO:CONSOLE:2] "버튼 120: [object Object]", source: https://feblog.pstatic.net/real/pc/2025.10.01/js/vendor.6794114dd270eb42c37c.js (2)
[14062:253552:1008/140911.773375:INFO:CONSOLE:2] "버튼 121: [object Object]", source: https://feblog.pstatic.net/real/pc/2025.10.01/js/vendor.6794114dd270eb42c37c.js (2)
[14062:253552:1008/140911.773467:INFO:CONSOLE:2] "버튼 122: [object Object]", source: https://feblog.pstatic.net/real/pc/2025.10.01/js/vendor.6794114dd270eb42c37c.js (2)
[14062:253552:1008/140911.773570:INFO:CONSOLE:2] "버튼 124: [object Object]", source: https://feblog.pstatic.net/real/pc/2025.10.01/js/vendor.6794114dd270eb42c37c.js (2)
[14062:253552:1008/140911.773653:INFO:CONSOLE:2] "버튼 125: [object Object]", source: https://feblog.pstatic.net/real/pc/2025.10.01/js/vendor.6794114dd270eb42c37c.js (2)
[14062:253552:1008/140911.773751:INFO:CONSOLE:2] "버튼 126: [object Object]", source: https://feblog.pstatic.net/real/pc/2025.10.01/js/vendor.6794114dd270eb42c37c.js (2)
[14062:253552:1008/140911.773813:INFO:CONSOLE:2] "버튼 127: [object Object]", source: https://feblog.pstatic.net/real/pc/2025.10.01/js/vendor.6794114dd270eb42c37c.js (2)
[14062:253552:1008/140911.773882:INFO:CONSOLE:2] "버튼 128: [object Object]", source: https://feblog.pstatic.net/real/pc/2025.10.01/js/vendor.6794114dd270eb42c37c.js (2)
[14062:253552:1008/140911.773998:INFO:CONSOLE:2] "버튼 129: [object Object]", source: https://feblog.pstatic.net/real/pc/2025.10.01/js/vendor.6794114dd270eb42c37c.js (2)
[14062:253552:1008/140911.774062:INFO:CONSOLE:2] "버튼 130: [object Object]", source: https://feblog.pstatic.net/real/pc/2025.10.01/js/vendor.6794114dd270eb42c37c.js (2)
[14062:253552:1008/140911.774154:INFO:CONSOLE:2] "버튼 131: [object Object]", source: https://feblog.pstatic.net/real/pc/2025.10.01/js/vendor.6794114dd270eb42c37c.js (2)
[14062:253552:1008/140911.774242:INFO:CONSOLE:2] "버튼 132: [object Object]", source: https://feblog.pstatic.net/real/pc/2025.10.01/js/vendor.6794114dd270eb42c37c.js (2)
[14062:253552:1008/140911.774329:INFO:CONSOLE:2] "버튼 133: [object Object]", source: https://feblog.pstatic.net/real/pc/2025.10.01/js/vendor.6794114dd270eb42c37c.js (2)
[14062:253552:1008/140911.774420:INFO:CONSOLE:2] "버튼 134: [object Object]", source: https://feblog.pstatic.net/real/pc/2025.10.01/js/vendor.6794114dd270eb42c37c.js (2)
[14062:253552:1008/140911.774485:INFO:CONSOLE:2] "버튼 135: [object Object]", source: https://feblog.pstatic.net/real/pc/2025.10.01/js/vendor.6794114dd270eb42c37c.js (2)
[14062:253552:1008/140911.774570:INFO:CONSOLE:2] "1단계: 정확한 선택자로 시도...", source: https://feblog.pstatic.net/real/pc/2025.10.01/js/vendor.6794114dd270eb42c37c.js (2)
[14062:253552:1008/140911.774739:INFO:CONSOLE:2] "✅ 정확한 선택자로 확인 버튼 클릭: button.se-popup-button-confirm", source: https://feblog.pstatic.net/real/pc/2025.10.01/js/vendor.6794114dd270eb42c37c.js (2)
[14062:253552:1008/140914.050161:INFO:CONSOLE:2] "키보드 입력 차단 해제 완료", source: https://feblog.pstatic.net/real/pc/2025.10.01/js/vendor.6794114dd270eb42c37c.js (2)
[14062:253552:1008/140915.720626:INFO:CONSOLE:2] "Google Maps JavaScript API has been loaded directly without loading=async. This can result in suboptimal performance. For best-practice loading patterns please see https://goo.gle/js-api-loading", source: https://feblog.pstatic.net/real/pc/2025.10.01/js/vendor.6794114dd270eb42c37c.js (2)
[14062:253552:1008/140922.006163:INFO:CONSOLE:2] "추가 버튼 발견, 5번 클릭 시도 시작...", source: https://feblog.pstatic.net/real/pc/2025.10.01/js/vendor.6794114dd270eb42c37c.js (2)
[14062:253552:1008/140922.006554:INFO:CONSOLE:2] "1번째 클릭 시도...", source: https://feblog.pstatic.net/real/pc/2025.10.01/js/vendor.6794114dd270eb42c37c.js (2)
[14062:253552:1008/140923.008890:INFO:CONSOLE:2] "2번째 클릭 시도...", source: https://feblog.pstatic.net/real/pc/2025.10.01/js/vendor.6794114dd270eb42c37c.js (2)
[14062:253552:1008/140924.008744:INFO:CONSOLE:2] "3번째 클릭 시도...", source: https://feblog.pstatic.net/real/pc/2025.10.01/js/vendor.6794114dd270eb42c37c.js (2)
[14062:253552:1008/140925.008477:INFO:CONSOLE:2] "4번째 클릭 시도...", source: https://feblog.pstatic.net/real/pc/2025.10.01/js/vendor.6794114dd270eb42c37c.js (2)
[14062:253552:1008/140926.008473:INFO:CONSOLE:2] "5번째 클릭 시도...", source: https://feblog.pstatic.net/real/pc/2025.10.01/js/vendor.6794114dd270eb42c37c.js (2)
[14062:253552:1008/140927.035069:INFO:CONSOLE:2] "정확한 선택자로 확인 버튼 발견", source: https://feblog.pstatic.net/real/pc/2025.10.01/js/vendor.6794114dd270eb42c37c.js (2)
[14062:253552:1008/141017.418311:INFO:CONSOLE:2] "=== 최종 발행 버튼 찾기 시작 ===", source: https://feblog.pstatic.net/real/pc/2025.10.01/js/vendor.6794114dd270eb42c37c.js (2)
[14062:253552:1008/141017.418584:INFO:CONSOLE:2] "🎯 data-testid로 발행 버튼 찾기...", source: https://feblog.pstatic.net/real/pc/2025.10.01/js/vendor.6794114dd270eb42c37c.js (2)
[14062:253552:1008/141017.418609:INFO:CONSOLE:2] "🎯 confirm_btn 클래스로 발행 버튼 찾기...", source: https://feblog.pstatic.net/real/pc/2025.10.01/js/vendor.6794114dd270eb42c37c.js (2)
[14062:253552:1008/141017.418625:INFO:CONSOLE:2] "✅ confirm_btn으로 발행 버튼 발견: [object Object]", source: https://feblog.pstatic.net/real/pc/2025.10.01/js/vendor.6794114dd270eb42c37c.js (2)
[14062:253552:1008/141017.435504:INFO:CONSOLE:2] "✅ confirm_btn 발행 버튼 클릭 완료", source: https://feblog.pstatic.net/real/pc/2025.10.01/js/vendor.6794114dd270eb42c37c.js (2)
[14062:253552:1008/141019.254732:INFO:CONSOLE:275] "Google Maps JavaScript API has been loaded directly without loading=async. This can result in suboptimal performance. For best-practice loading patterns please see https://goo.gle/js-api-loading", source: https://maps.google.co.kr/maps/api/js?v=3&client=gme-nhncorp&language=ko&channel=naver_blog (275)
[14062:253552:1008/143437.150501:INFO:CONSOLE:2] "클립보드 읽기 권한 상태: granted", source: https://feblog.pstatic.net/real/pc/2025.10.01/js/vendor.6794114dd270eb42c37c.js (2)
[14062:253552:1008/143441.139097:INFO:CONSOLE:2] "클립보드 읽기 권한 상태: granted", source: https://feblog.pstatic.net/real/pc/2025.10.01/js/vendor.6794114dd270eb42c37c.js (2)
[14062:253552:1008/143444.507393:INFO:CONSOLE:2] "클립보드 읽기 권한 상태: granted", source: https://feblog.pstatic.net/real/pc/2025.10.01/js/vendor.6794114dd270eb42c37c.js (2)
[14062:253552:1008/143447.961286:INFO:CONSOLE:2] "클립보드 읽기 권한 상태: granted", source: https://feblog.pstatic.net/real/pc/2025.10.01/js/vendor.6794114dd270eb42c37c.js (2)
[14062:253552:1008/143449.930547:INFO:CONSOLE:2] "클립보드 읽기 권한 상태: granted", source: https://feblog.pstatic.net/real/pc/2025.10.01/js/vendor.6794114dd270eb42c37c.js (2)
[14062:253552:1008/143451.899745:INFO:CONSOLE:2] "클립보드 읽기 권한 상태: granted", source: https://feblog.pstatic.net/real/pc/2025.10.01/js/vendor.6794114dd270eb42c37c.js (2)
[14062:253552:1008/143452.439236:INFO:CONSOLE:1] "File chooser dialog can only be shown with a user activation.", source: https://editor-static.pstatic.net/e/basic.desktop/1.69.0/se-editor.js?t=1755855480440 (1)
[14062:253552:1008/143453.867999:INFO:CONSOLE:2] "클립보드 읽기 권한 상태: granted", source: https://feblog.pstatic.net/real/pc/2025.10.01/js/vendor.6794114dd270eb42c37c.js (2)
[14062:253552:1008/143454.397269:INFO:CONSOLE:1] "File chooser dialog can only be shown with a user activation.", source: https://editor-static.pstatic.net/e/basic.desktop/1.69.0/se-editor.js?t=1755855480440 (1)
[14062:253552:1008/143455.895491:INFO:CONSOLE:2] "클립보드 읽기 권한 상태: granted", source: https://feblog.pstatic.net/real/pc/2025.10.01/js/vendor.6794114dd270eb42c37c.js (2)
[14062:253552:1008/143456.425914:INFO:CONSOLE:1] "File chooser dialog can only be shown with a user activation.", source: https://editor-static.pstatic.net/e/basic.desktop/1.69.0/se-editor.js?t=1755855480440 (1)
[14062:253552:1008/143457.919262:INFO:CONSOLE:2] "클립보드 읽기 권한 상태: granted", source: https://feblog.pstatic.net/real/pc/2025.10.01/js/vendor.6794114dd270eb42c37c.js (2)
[14062:253552:1008/143458.445888:INFO:CONSOLE:1] "File chooser dialog can only be shown with a user activation.", source: https://editor-static.pstatic.net/e/basic.desktop/1.69.0/se-editor.js?t=1755855480440 (1)
[14062:253552:1008/143459.933832:INFO:CONSOLE:2] "클립보드 읽기 권한 상태: granted", source: https://feblog.pstatic.net/real/pc/2025.10.01/js/vendor.6794114dd270eb42c37c.js (2)
[14062:253552:1008/143500.466546:INFO:CONSOLE:1] "File chooser dialog can only be shown with a user activation.", source: https://editor-static.pstatic.net/e/basic.desktop/1.69.0/se-editor.js?t=1755855480440 (1)
[14062:253552:1008/143511.436507:INFO:CONSOLE:2] "키보드 입력 차단 및 포커스 정리 완료", source: https://feblog.pstatic.net/real/pc/2025.10.01/js/vendor.6794114dd270eb42c37c.js (2)
[14062:253552:1008/143516.510296:INFO:CONSOLE:2] "=== 최강화된 확인 버튼 찾기 시작 ===", source: https://feblog.pstatic.net/real/pc/2025.10.01/js/vendor.6794114dd270eb42c37c.js (2)
[14062:253552:1008/143516.510384:INFO:CONSOLE:2] "현재 페이지의 모든 버튼 상황:", source: https://feblog.pstatic.net/real/pc/2025.10.01/js/vendor.6794114dd270eb42c37c.js (2)
[14062:253552:1008/143516.510505:INFO:CONSOLE:2] "버튼 1: [object Object]", source: https://feblog.pstatic.net/real/pc/2025.10.01/js/vendor.6794114dd270eb42c37c.js (2)
[14062:253552:1008/143516.510583:INFO:CONSOLE:2] "버튼 2: [object Object]", source: https://feblog.pstatic.net/real/pc/2025.10.01/js/vendor.6794114dd270eb42c37c.js (2)
[14062:253552:1008/143516.510687:INFO:CONSOLE:2] "버튼 3: [object Object]", source: https://feblog.pstatic.net/real/pc/2025.10.01/js/vendor.6794114dd270eb42c37c.js (2)
[14062:253552:1008/143516.510744:INFO:CONSOLE:2] "버튼 4: [object Object]", source: https://feblog.pstatic.net/real/pc/2025.10.01/js/vendor.6794114dd270eb42c37c.js (2)
[14062:253552:1008/143516.510766:INFO:CONSOLE:2] "버튼 5: [object Object]", source: https://feblog.pstatic.net/real/pc/2025.10.01/js/vendor.6794114dd270eb42c37c.js (2)
[14062:253552:1008/143516.510817:INFO:CONSOLE:2] "버튼 6: [object Object]", source: https://feblog.pstatic.net/real/pc/2025.10.01/js/vendor.6794114dd270eb42c37c.js (2)
[14062:253552:1008/143516.510893:INFO:CONSOLE:2] "버튼 7: [object Object]", source: https://feblog.pstatic.net/real/pc/2025.10.01/js/vendor.6794114dd270eb42c37c.js (2)
[14062:253552:1008/143516.510944:INFO:CONSOLE:2] "버튼 8: [object Object]", source: https://feblog.pstatic.net/real/pc/2025.10.01/js/vendor.6794114dd270eb42c37c.js (2)
[14062:253552:1008/143516.510984:INFO:CONSOLE:2] "버튼 9: [object Object]", source: https://feblog.pstatic.net/real/pc/2025.10.01/js/vendor.6794114dd270eb42c37c.js (2)
[14062:253552:1008/143516.511124:INFO:CONSOLE:2] "버튼 10: [object Object]", source: https://feblog.pstatic.net/real/pc/2025.10.01/js/vendor.6794114dd270eb42c37c.js (2)
[14062:253552:1008/143516.511190:INFO:CONSOLE:2] "버튼 11: [object Object]", source: https://feblog.pstatic.net/real/pc/2025.10.01/js/vendor.6794114dd270eb42c37c.js (2)
[14062:253552:1008/143516.511253:INFO:CONSOLE:2] "버튼 12: [object Object]", source: https://feblog.pstatic.net/real/pc/2025.10.01/js/vendor.6794114dd270eb42c37c.js (2)
[14062:253552:1008/143516.511327:INFO:CONSOLE:2] "버튼 13: [object Object]", source: https://feblog.pstatic.net/real/pc/2025.10.01/js/vendor.6794114dd270eb42c37c.js (2)
[14062:253552:1008/143516.511378:INFO:CONSOLE:2] "버튼 14: [object Object]", source: https://feblog.pstatic.net/real/pc/2025.10.01/js/vendor.6794114dd270eb42c37c.js (2)
[14062:253552:1008/143516.511418:INFO:CONSOLE:2] "버튼 15: [object Object]", source: https://feblog.pstatic.net/real/pc/2025.10.01/js/vendor.6794114dd270eb42c37c.js (2)
[14062:253552:1008/143516.511480:INFO:CONSOLE:2] "버튼 16: [object Object]", source: https://feblog.pstatic.net/real/pc/2025.10.01/js/vendor.6794114dd270eb42c37c.js (2)
[14062:253552:1008/143516.511554:INFO:CONSOLE:2] "버튼 17: [object Object]", source: https://feblog.pstatic.net/real/pc/2025.10.01/js/vendor.6794114dd270eb42c37c.js (2)
[14062:253552:1008/143516.511569:INFO:CONSOLE:2] "버튼 18: [object Object]", source: https://feblog.pstatic.net/real/pc/2025.10.01/js/vendor.6794114dd270eb42c37c.js (2)
[14062:253552:1008/143516.511604:INFO:CONSOLE:2] "버튼 19: [object Object]", source: https://feblog.pstatic.net/real/pc/2025.10.01/js/vendor.6794114dd270eb42c37c.js (2)
[14062:253552:1008/143516.511662:INFO:CONSOLE:2] "버튼 20: [object Object]", source: https://feblog.pstatic.net/real/pc/2025.10.01/js/vendor.6794114dd270eb42c37c.js (2)
[14062:253552:1008/143516.511699:INFO:CONSOLE:2] "버튼 21: [object Object]", source: https://feblog.pstatic.net/real/pc/2025.10.01/js/vendor.6794114dd270eb42c37c.js (2)
[14062:253552:1008/143516.511805:INFO:CONSOLE:2] "버튼 22: [object Object]", source: https://feblog.pstatic.net/real/pc/2025.10.01/js/vendor.6794114dd270eb42c37c.js (2)
[14062:253552:1008/143516.511864:INFO:CONSOLE:2] "버튼 23: [object Object]", source: https://feblog.pstatic.net/real/pc/2025.10.01/js/vendor.6794114dd270eb42c37c.js (2)
[14062:253552:1008/143516.511878:INFO:CONSOLE:2] "버튼 24: [object Object]", source: https://feblog.pstatic.net/real/pc/2025.10.01/js/vendor.6794114dd270eb42c37c.js (2)
[14062:253552:1008/143516.511962:INFO:CONSOLE:2] "버튼 25: [object Object]", source: https://feblog.pstatic.net/real/pc/2025.10.01/js/vendor.6794114dd270eb42c37c.js (2)
[14062:253552:1008/143516.511977:INFO:CONSOLE:2] "버튼 26: [object Object]", source: https://feblog.pstatic.net/real/pc/2025.10.01/js/vendor.6794114dd270eb42c37c.js (2)
[14062:253552:1008/143516.512023:INFO:CONSOLE:2] "버튼 27: [object Object]", source: https://feblog.pstatic.net/real/pc/2025.10.01/js/vendor.6794114dd270eb42c37c.js (2)
[14062:253552:1008/143516.512063:INFO:CONSOLE:2] "버튼 28: [object Object]", source: https://feblog.pstatic.net/real/pc/2025.10.01/js/vendor.6794114dd270eb42c37c.js (2)
[14062:253552:1008/143516.512109:INFO:CONSOLE:2] "버튼 29: [object Object]", source: https://feblog.pstatic.net/real/pc/2025.10.01/js/vendor.6794114dd270eb42c37c.js (2)
[14062:253552:1008/143516.512162:INFO:CONSOLE:2] "버튼 30: [object Object]", source: https://feblog.pstatic.net/real/pc/2025.10.01/js/vendor.6794114dd270eb42c37c.js (2)
[14062:253552:1008/143516.512217:INFO:CONSOLE:2] "버튼 31: [object Object]", source: https://feblog.pstatic.net/real/pc/2025.10.01/js/vendor.6794114dd270eb42c37c.js (2)
[14062:253552:1008/143516.512279:INFO:CONSOLE:2] "버튼 32: [object Object]", source: https://feblog.pstatic.net/real/pc/2025.10.01/js/vendor.6794114dd270eb42c37c.js (2)
[14062:253552:1008/143516.512330:INFO:CONSOLE:2] "버튼 33: [object Object]", source: https://feblog.pstatic.net/real/pc/2025.10.01/js/vendor.6794114dd270eb42c37c.js (2)
[14062:253552:1008/143516.512346:INFO:CONSOLE:2] "버튼 34: [object Object]", source: https://feblog.pstatic.net/real/pc/2025.10.01/js/vendor.6794114dd270eb42c37c.js (2)
[14062:253552:1008/143516.512405:INFO:CONSOLE:2] "버튼 35: [object Object]", source: https://feblog.pstatic.net/real/pc/2025.10.01/js/vendor.6794114dd270eb42c37c.js (2)
[14062:253552:1008/143516.512439:INFO:CONSOLE:2] "버튼 36: [object Object]", source: https://feblog.pstatic.net/real/pc/2025.10.01/js/vendor.6794114dd270eb42c37c.js (2)
[14062:253552:1008/143516.512484:INFO:CONSOLE:2] "버튼 37: [object Object]", source: https://feblog.pstatic.net/real/pc/2025.10.01/js/vendor.6794114dd270eb42c37c.js (2)
[14062:253552:1008/143516.512534:INFO:CONSOLE:2] "버튼 38: [object Object]", source: https://feblog.pstatic.net/real/pc/2025.10.01/js/vendor.6794114dd270eb42c37c.js (2)
[14062:253552:1008/143516.512581:INFO:CONSOLE:2] "버튼 39: [object Object]", source: https://feblog.pstatic.net/real/pc/2025.10.01/js/vendor.6794114dd270eb42c37c.js (2)
[14062:253552:1008/143516.512662:INFO:CONSOLE:2] "버튼 40: [object Object]", source: https://feblog.pstatic.net/real/pc/2025.10.01/js/vendor.6794114dd270eb42c37c.js (2)
[14062:253552:1008/143516.512677:INFO:CONSOLE:2] "버튼 41: [object Object]", source: https://feblog.pstatic.net/real/pc/2025.10.01/js/vendor.6794114dd270eb42c37c.js (2)
[14062:253552:1008/143516.512722:INFO:CONSOLE:2] "버튼 42: [object Object]", source: https://feblog.pstatic.net/real/pc/2025.10.01/js/vendor.6794114dd270eb42c37c.js (2)
[14062:253552:1008/143516.512772:INFO:CONSOLE:2] "버튼 43: [object Object]", source: https://feblog.pstatic.net/real/pc/2025.10.01/js/vendor.6794114dd270eb42c37c.js (2)
[14062:253552:1008/143516.512850:INFO:CONSOLE:2] "버튼 45: [object Object]", source: https://feblog.pstatic.net/real/pc/2025.10.01/js/vendor.6794114dd270eb42c37c.js (2)
[14062:253552:1008/143516.512863:INFO:CONSOLE:2] "버튼 47: [object Object]", source: https://feblog.pstatic.net/real/pc/2025.10.01/js/vendor.6794114dd270eb42c37c.js (2)
[14062:253552:1008/143516.512919:INFO:CONSOLE:2] "버튼 51: [object Object]", source: https://feblog.pstatic.net/real/pc/2025.10.01/js/vendor.6794114dd270eb42c37c.js (2)
[14062:253552:1008/143516.512966:INFO:CONSOLE:2] "버튼 55: [object Object]", source: https://feblog.pstatic.net/real/pc/2025.10.01/js/vendor.6794114dd270eb42c37c.js (2)
[14062:253552:1008/143516.513020:INFO:CONSOLE:2] "버튼 58: [object Object]", source: https://feblog.pstatic.net/real/pc/2025.10.01/js/vendor.6794114dd270eb42c37c.js (2)
[14062:253552:1008/143516.513047:INFO:CONSOLE:2] "버튼 59: [object Object]", source: https://feblog.pstatic.net/real/pc/2025.10.01/js/vendor.6794114dd270eb42c37c.js (2)
[14062:253552:1008/143516.513103:INFO:CONSOLE:2] "버튼 61: [object Object]", source: https://feblog.pstatic.net/real/pc/2025.10.01/js/vendor.6794114dd270eb42c37c.js (2)
[14062:253552:1008/143516.513163:INFO:CONSOLE:2] "버튼 62: [object Object]", source: https://feblog.pstatic.net/real/pc/2025.10.01/js/vendor.6794114dd270eb42c37c.js (2)
[14062:253552:1008/143516.513218:INFO:CONSOLE:2] "버튼 64: [object Object]", source: https://feblog.pstatic.net/real/pc/2025.10.01/js/vendor.6794114dd270eb42c37c.js (2)
[14062:253552:1008/143516.513230:INFO:CONSOLE:2] "버튼 65: [object Object]", source: https://feblog.pstatic.net/real/pc/2025.10.01/js/vendor.6794114dd270eb42c37c.js (2)
[14062:253552:1008/143516.513272:INFO:CONSOLE:2] "버튼 67: [object Object]", source: https://feblog.pstatic.net/real/pc/2025.10.01/js/vendor.6794114dd270eb42c37c.js (2)
[14062:253552:1008/143516.513315:INFO:CONSOLE:2] "버튼 68: [object Object]", source: https://feblog.pstatic.net/real/pc/2025.10.01/js/vendor.6794114dd270eb42c37c.js (2)
[14062:253552:1008/143516.513360:INFO:CONSOLE:2] "버튼 70: [object Object]", source: https://feblog.pstatic.net/real/pc/2025.10.01/js/vendor.6794114dd270eb42c37c.js (2)
[14062:253552:1008/143516.513395:INFO:CONSOLE:2] "버튼 71: [object Object]", source: https://feblog.pstatic.net/real/pc/2025.10.01/js/vendor.6794114dd270eb42c37c.js (2)
[14062:253552:1008/143516.513437:INFO:CONSOLE:2] "버튼 74: [object Object]", source: https://feblog.pstatic.net/real/pc/2025.10.01/js/vendor.6794114dd270eb42c37c.js (2)
[14062:253552:1008/143516.513514:INFO:CONSOLE:2] "버튼 75: [object Object]", source: https://feblog.pstatic.net/real/pc/2025.10.01/js/vendor.6794114dd270eb42c37c.js (2)
[14062:253552:1008/143516.513528:INFO:CONSOLE:2] "버튼 78: [object Object]", source: https://feblog.pstatic.net/real/pc/2025.10.01/js/vendor.6794114dd270eb42c37c.js (2)
[14062:253552:1008/143516.513607:INFO:CONSOLE:2] "버튼 98: [object Object]", source: https://feblog.pstatic.net/real/pc/2025.10.01/js/vendor.6794114dd270eb42c37c.js (2)
[14062:253552:1008/143516.513630:INFO:CONSOLE:2] "버튼 99: [object Object]", source: https://feblog.pstatic.net/real/pc/2025.10.01/js/vendor.6794114dd270eb42c37c.js (2)
[14062:253552:1008/143516.513706:INFO:CONSOLE:2] "버튼 100: [object Object]", source: https://feblog.pstatic.net/real/pc/2025.10.01/js/vendor.6794114dd270eb42c37c.js (2)
[14062:253552:1008/143516.513736:INFO:CONSOLE:2] "버튼 101: [object Object]", source: https://feblog.pstatic.net/real/pc/2025.10.01/js/vendor.6794114dd270eb42c37c.js (2)
[14062:253552:1008/143516.513798:INFO:CONSOLE:2] "버튼 102: [object Object]", source: https://feblog.pstatic.net/real/pc/2025.10.01/js/vendor.6794114dd270eb42c37c.js (2)
[14062:253552:1008/143516.513824:INFO:CONSOLE:2] "버튼 103: [object Object]", source: https://feblog.pstatic.net/real/pc/2025.10.01/js/vendor.6794114dd270eb42c37c.js (2)
[14062:253552:1008/143516.513868:INFO:CONSOLE:2] "버튼 104: [object Object]", source: https://feblog.pstatic.net/real/pc/2025.10.01/js/vendor.6794114dd270eb42c37c.js (2)
[14062:253552:1008/143516.513922:INFO:CONSOLE:2] "버튼 105: [object Object]", source: https://feblog.pstatic.net/real/pc/2025.10.01/js/vendor.6794114dd270eb42c37c.js (2)
[14062:253552:1008/143516.513962:INFO:CONSOLE:2] "버튼 106: [object Object]", source: https://feblog.pstatic.net/real/pc/2025.10.01/js/vendor.6794114dd270eb42c37c.js (2)
[14062:253552:1008/143516.513994:INFO:CONSOLE:2] "버튼 107: [object Object]", source: https://feblog.pstatic.net/real/pc/2025.10.01/js/vendor.6794114dd270eb42c37c.js (2)
[14062:253552:1008/143516.514047:INFO:CONSOLE:2] "버튼 108: [object Object]", source: https://feblog.pstatic.net/real/pc/2025.10.01/js/vendor.6794114dd270eb42c37c.js (2)
[14062:253552:1008/143516.514104:INFO:CONSOLE:2] "버튼 109: [object Object]", source: https://feblog.pstatic.net/real/pc/2025.10.01/js/vendor.6794114dd270eb42c37c.js (2)
[14062:253552:1008/143516.514144:INFO:CONSOLE:2] "버튼 110: [object Object]", source: https://feblog.pstatic.net/real/pc/2025.10.01/js/vendor.6794114dd270eb42c37c.js (2)
[14062:253552:1008/143516.514177:INFO:CONSOLE:2] "버튼 111: [object Object]", source: https://feblog.pstatic.net/real/pc/2025.10.01/js/vendor.6794114dd270eb42c37c.js (2)
[14062:253552:1008/143516.514230:INFO:CONSOLE:2] "버튼 112: [object Object]", source: https://feblog.pstatic.net/real/pc/2025.10.01/js/vendor.6794114dd270eb42c37c.js (2)
[14062:253552:1008/143516.514293:INFO:CONSOLE:2] "버튼 113: [object Object]", source: https://feblog.pstatic.net/real/pc/2025.10.01/js/vendor.6794114dd270eb42c37c.js (2)
[14062:253552:1008/143516.514319:INFO:CONSOLE:2] "버튼 114: [object Object]", source: https://feblog.pstatic.net/real/pc/2025.10.01/js/vendor.6794114dd270eb42c37c.js (2)
[14062:253552:1008/143516.514370:INFO:CONSOLE:2] "버튼 115: [object Object]", source: https://feblog.pstatic.net/real/pc/2025.10.01/js/vendor.6794114dd270eb42c37c.js (2)
[14062:253552:1008/143516.514431:INFO:CONSOLE:2] "버튼 116: [object Object]", source: https://feblog.pstatic.net/real/pc/2025.10.01/js/vendor.6794114dd270eb42c37c.js (2)
[14062:253552:1008/143516.514505:INFO:CONSOLE:2] "버튼 117: [object Object]", source: https://feblog.pstatic.net/real/pc/2025.10.01/js/vendor.6794114dd270eb42c37c.js (2)
[14062:253552:1008/143516.514520:INFO:CONSOLE:2] "버튼 118: [object Object]", source: https://feblog.pstatic.net/real/pc/2025.10.01/js/vendor.6794114dd270eb42c37c.js (2)
[14062:253552:1008/143516.514558:INFO:CONSOLE:2] "버튼 119: [object Object]", source: https://feblog.pstatic.net/real/pc/2025.10.01/js/vendor.6794114dd270eb42c37c.js (2)
[14062:253552:1008/143516.514590:INFO:CONSOLE:2] "버튼 120: [object Object]", source: https://feblog.pstatic.net/real/pc/2025.10.01/js/vendor.6794114dd270eb42c37c.js (2)
[14062:253552:1008/143516.514635:INFO:CONSOLE:2] "버튼 121: [object Object]", source: https://feblog.pstatic.net/real/pc/2025.10.01/js/vendor.6794114dd270eb42c37c.js (2)
[14062:253552:1008/143516.514676:INFO:CONSOLE:2] "버튼 122: [object Object]", source: https://feblog.pstatic.net/real/pc/2025.10.01/js/vendor.6794114dd270eb42c37c.js (2)
[14062:253552:1008/143516.514735:INFO:CONSOLE:2] "버튼 123: [object Object]", source: https://feblog.pstatic.net/real/pc/2025.10.01/js/vendor.6794114dd270eb42c37c.js (2)
[14062:253552:1008/143516.514755:INFO:CONSOLE:2] "버튼 124: [object Object]", source: https://feblog.pstatic.net/real/pc/2025.10.01/js/vendor.6794114dd270eb42c37c.js (2)
[14062:253552:1008/143516.514804:INFO:CONSOLE:2] "버튼 125: [object Object]", source: https://feblog.pstatic.net/real/pc/2025.10.01/js/vendor.6794114dd270eb42c37c.js (2)
[14062:253552:1008/143516.514864:INFO:CONSOLE:2] "1단계: 정확한 선택자로 시도...", source: https://feblog.pstatic.net/real/pc/2025.10.01/js/vendor.6794114dd270eb42c37c.js (2)
[14062:253552:1008/143516.514910:INFO:CONSOLE:2] "✅ 정확한 선택자로 확인 버튼 클릭: button.se-popup-button-confirm", source: https://feblog.pstatic.net/real/pc/2025.10.01/js/vendor.6794114dd270eb42c37c.js (2)
[14062:253552:1008/143518.773089:INFO:CONSOLE:2] "키보드 입력 차단 해제 완료", source: https://feblog.pstatic.net/real/pc/2025.10.01/js/vendor.6794114dd270eb42c37c.js (2)
[14062:253552:1008/143519.925857:INFO:CONSOLE:2] "Google Maps JavaScript API has been loaded directly without loading=async. This can result in suboptimal performance. For best-practice loading patterns please see https://goo.gle/js-api-loading", source: https://feblog.pstatic.net/real/pc/2025.10.01/js/vendor.6794114dd270eb42c37c.js (2)
[14062:253552:1008/143526.822657:INFO:CONSOLE:2] "추가 버튼 발견, 5번 클릭 시도 시작...", source: https://feblog.pstatic.net/real/pc/2025.10.01/js/vendor.6794114dd270eb42c37c.js (2)
[14062:253552:1008/143526.823148:INFO:CONSOLE:2] "1번째 클릭 시도...", source: https://feblog.pstatic.net/real/pc/2025.10.01/js/vendor.6794114dd270eb42c37c.js (2)
[14062:253552:1008/143527.826107:INFO:CONSOLE:2] "2번째 클릭 시도...", source: https://feblog.pstatic.net/real/pc/2025.10.01/js/vendor.6794114dd270eb42c37c.js (2)
[14062:253552:1008/143528.825976:INFO:CONSOLE:2] "3번째 클릭 시도...", source: https://feblog.pstatic.net/real/pc/2025.10.01/js/vendor.6794114dd270eb42c37c.js (2)
[14062:253552:1008/143529.825686:INFO:CONSOLE:2] "4번째 클릭 시도...", source: https://feblog.pstatic.net/real/pc/2025.10.01/js/vendor.6794114dd270eb42c37c.js (2)
[14062:253552:1008/143530.826451:INFO:CONSOLE:2] "5번째 클릭 시도...", source: https://feblog.pstatic.net/real/pc/2025.10.01/js/vendor.6794114dd270eb42c37c.js (2)
[14062:253552:1008/143531.848186:INFO:CONSOLE:2] "정확한 선택자로 확인 버튼 발견", source: https://feblog.pstatic.net/real/pc/2025.10.01/js/vendor.6794114dd270eb42c37c.js (2)
[14062:253552:1008/143622.508440:INFO:CONSOLE:2] "=== 최종 발행 버튼 찾기 시작 ===", source: https://feblog.pstatic.net/real/pc/2025.10.01/js/vendor.6794114dd270eb42c37c.js (2)
[14062:253552:1008/143622.508619:INFO:CONSOLE:2] "🎯 data-testid로 발행 버튼 찾기...", source: https://feblog.pstatic.net/real/pc/2025.10.01/js/vendor.6794114dd270eb42c37c.js (2)
[14062:253552:1008/143622.508783:INFO:CONSOLE:2] "🎯 confirm_btn 클래스로 발행 버튼 찾기...", source: https://feblog.pstatic.net/real/pc/2025.10.01/js/vendor.6794114dd270eb42c37c.js (2)
[14062:253552:1008/143622.509004:INFO:CONSOLE:2] "✅ confirm_btn으로 발행 버튼 발견: [object Object]", source: https://feblog.pstatic.net/real/pc/2025.10.01/js/vendor.6794114dd270eb42c37c.js (2)
[14062:253552:1008/143622.540114:INFO:CONSOLE:2] "✅ confirm_btn 발행 버튼 클릭 완료", source: https://feblog.pstatic.net/real/pc/2025.10.01/js/vendor.6794114dd270eb42c37c.js (2)
[14062:253552:1008/143623.904045:INFO:CONSOLE:275] "Google Maps JavaScript API has been loaded directly without loading=async. This can result in suboptimal performance. For best-practice loading patterns please see https://goo.gle/js-api-loading", source: https://maps.google.co.kr/maps/api/js?v=3&client=gme-nhncorp&language=ko&channel=naver_blog (275)
[14062:253552:1008/150040.911903:INFO:CONSOLE:2] "클립보드 읽기 권한 상태: granted", source: https://feblog.pstatic.net/real/pc/2025.10.01/js/vendor.6794114dd270eb42c37c.js (2)
[14062:253552:1008/150044.507857:INFO:CONSOLE:2] "클립보드 읽기 권한 상태: granted", source: https://feblog.pstatic.net/real/pc/2025.10.01/js/vendor.6794114dd270eb42c37c.js (2)
[14062:253552:1008/150047.961381:INFO:CONSOLE:2] "클립보드 읽기 권한 상태: granted", source: https://feblog.pstatic.net/real/pc/2025.10.01/js/vendor.6794114dd270eb42c37c.js (2)
[14062:253552:1008/150051.826687:INFO:CONSOLE:2] "클립보드 읽기 권한 상태: granted", source: https://feblog.pstatic.net/real/pc/2025.10.01/js/vendor.6794114dd270eb42c37c.js (2)
[14062:253552:1008/150054.045894:INFO:CONSOLE:2] "클립보드 읽기 권한 상태: granted", source: https://feblog.pstatic.net/real/pc/2025.10.01/js/vendor.6794114dd270eb42c37c.js (2)
[14062:253552:1008/150056.043507:INFO:CONSOLE:2] "클립보드 읽기 권한 상태: granted", source: https://feblog.pstatic.net/real/pc/2025.10.01/js/vendor.6794114dd270eb42c37c.js (2)
[14062:253552:1008/150058.041421:INFO:CONSOLE:2] "클립보드 읽기 권한 상태: granted", source: https://feblog.pstatic.net/real/pc/2025.10.01/js/vendor.6794114dd270eb42c37c.js (2)
[14062:253552:1008/150058.572523:INFO:CONSOLE:1] "File chooser dialog can only be shown with a user activation.", source: https://editor-static.pstatic.net/e/basic.desktop/1.69.0/se-editor.js?t=1755855480440 (1)
[14062:253552:1008/150100.017587:INFO:CONSOLE:2] "클립보드 읽기 권한 상태: granted", source: https://feblog.pstatic.net/real/pc/2025.10.01/js/vendor.6794114dd270eb42c37c.js (2)
[14062:253552:1008/150100.549692:INFO:CONSOLE:1] "File chooser dialog can only be shown with a user activation.", source: https://editor-static.pstatic.net/e/basic.desktop/1.69.0/se-editor.js?t=1755855480440 (1)
[14062:253552:1008/150102.006223:INFO:CONSOLE:2] "클립보드 읽기 권한 상태: granted", source: https://feblog.pstatic.net/real/pc/2025.10.01/js/vendor.6794114dd270eb42c37c.js (2)
[14062:253552:1008/150102.531971:INFO:CONSOLE:1] "File chooser dialog can only be shown with a user activation.", source: https://editor-static.pstatic.net/e/basic.desktop/1.69.0/se-editor.js?t=1755855480440 (1)
[14062:253552:1008/150112.924286:INFO:CONSOLE:2] "키보드 입력 차단 및 포커스 정리 완료", source: https://feblog.pstatic.net/real/pc/2025.10.01/js/vendor.6794114dd270eb42c37c.js (2)
[14062:253552:1008/150118.023507:INFO:CONSOLE:2] "=== 최강화된 확인 버튼 찾기 시작 ===", source: https://feblog.pstatic.net/real/pc/2025.10.01/js/vendor.6794114dd270eb42c37c.js (2)
[14062:253552:1008/150118.023777:INFO:CONSOLE:2] "현재 페이지의 모든 버튼 상황:", source: https://feblog.pstatic.net/real/pc/2025.10.01/js/vendor.6794114dd270eb42c37c.js (2)
[14062:253552:1008/150118.024382:INFO:CONSOLE:2] "버튼 1: [object Object]", source: https://feblog.pstatic.net/real/pc/2025.10.01/js/vendor.6794114dd270eb42c37c.js (2)
[14062:253552:1008/150118.024495:INFO:CONSOLE:2] "버튼 2: [object Object]", source: https://feblog.pstatic.net/real/pc/2025.10.01/js/vendor.6794114dd270eb42c37c.js (2)
[14062:253552:1008/150118.024649:INFO:CONSOLE:2] "버튼 3: [object Object]", source: https://feblog.pstatic.net/real/pc/2025.10.01/js/vendor.6794114dd270eb42c37c.js (2)
[14062:253552:1008/150118.024812:INFO:CONSOLE:2] "버튼 4: [object Object]", source: https://feblog.pstatic.net/real/pc/2025.10.01/js/vendor.6794114dd270eb42c37c.js (2)
[14062:253552:1008/150118.024955:INFO:CONSOLE:2] "버튼 5: [object Object]", source: https://feblog.pstatic.net/real/pc/2025.10.01/js/vendor.6794114dd270eb42c37c.js (2)
[14062:253552:1008/150118.025099:INFO:CONSOLE:2] "버튼 6: [object Object]", source: https://feblog.pstatic.net/real/pc/2025.10.01/js/vendor.6794114dd270eb42c37c.js (2)
[14062:253552:1008/150118.025231:INFO:CONSOLE:2] "버튼 7: [object Object]", source: https://feblog.pstatic.net/real/pc/2025.10.01/js/vendor.6794114dd270eb42c37c.js (2)
[14062:253552:1008/150118.025329:INFO:CONSOLE:2] "버튼 8: [object Object]", source: https://feblog.pstatic.net/real/pc/2025.10.01/js/vendor.6794114dd270eb42c37c.js (2)
[14062:253552:1008/150118.025452:INFO:CONSOLE:2] "버튼 9: [object Object]", source: https://feblog.pstatic.net/real/pc/2025.10.01/js/vendor.6794114dd270eb42c37c.js (2)
[14062:253552:1008/150118.025558:INFO:CONSOLE:2] "버튼 10: [object Object]", source: https://feblog.pstatic.net/real/pc/2025.10.01/js/vendor.6794114dd270eb42c37c.js (2)
[14062:253552:1008/150118.025640:INFO:CONSOLE:2] "버튼 11: [object Object]", source: https://feblog.pstatic.net/real/pc/2025.10.01/js/vendor.6794114dd270eb42c37c.js (2)
[14062:253552:1008/150118.025737:INFO:CONSOLE:2] "버튼 12: [object Object]", source: https://feblog.pstatic.net/real/pc/2025.10.01/js/vendor.6794114dd270eb42c37c.js (2)
[14062:253552:1008/150118.025832:INFO:CONSOLE:2] "버튼 13: [object Object]", source: https://feblog.pstatic.net/real/pc/2025.10.01/js/vendor.6794114dd270eb42c37c.js (2)
[14062:253552:1008/150118.025933:INFO:CONSOLE:2] "버튼 14: [object Object]", source: https://feblog.pstatic.net/real/pc/2025.10.01/js/vendor.6794114dd270eb42c37c.js (2)
[14062:253552:1008/150118.026086:INFO:CONSOLE:2] "버튼 15: [object Object]", source: https://feblog.pstatic.net/real/pc/2025.10.01/js/vendor.6794114dd270eb42c37c.js (2)
[14062:253552:1008/150118.026155:INFO:CONSOLE:2] "버튼 16: [object Object]", source: https://feblog.pstatic.net/real/pc/2025.10.01/js/vendor.6794114dd270eb42c37c.js (2)
[14062:253552:1008/150118.026253:INFO:CONSOLE:2] "버튼 17: [object Object]", source: https://feblog.pstatic.net/real/pc/2025.10.01/js/vendor.6794114dd270eb42c37c.js (2)
[14062:253552:1008/150118.026357:INFO:CONSOLE:2] "버튼 18: [object Object]", source: https://feblog.pstatic.net/real/pc/2025.10.01/js/vendor.6794114dd270eb42c37c.js (2)
[14062:253552:1008/150118.026439:INFO:CONSOLE:2] "버튼 19: [object Object]", source: https://feblog.pstatic.net/real/pc/2025.10.01/js/vendor.6794114dd270eb42c37c.js (2)
[14062:253552:1008/150118.026747:INFO:CONSOLE:2] "버튼 20: [object Object]", source: https://feblog.pstatic.net/real/pc/2025.10.01/js/vendor.6794114dd270eb42c37c.js (2)
[14062:253552:1008/150118.026771:INFO:CONSOLE:2] "버튼 21: [object Object]", source: https://feblog.pstatic.net/real/pc/2025.10.01/js/vendor.6794114dd270eb42c37c.js (2)
[14062:253552:1008/150118.026819:INFO:CONSOLE:2] "버튼 22: [object Object]", source: https://feblog.pstatic.net/real/pc/2025.10.01/js/vendor.6794114dd270eb42c37c.js (2)
[14062:253552:1008/150118.026911:INFO:CONSOLE:2] "버튼 23: [object Object]", source: https://feblog.pstatic.net/real/pc/2025.10.01/js/vendor.6794114dd270eb42c37c.js (2)
[14062:253552:1008/150118.027024:INFO:CONSOLE:2] "버튼 24: [object Object]", source: https://feblog.pstatic.net/real/pc/2025.10.01/js/vendor.6794114dd270eb42c37c.js (2)
[14062:253552:1008/150118.027144:INFO:CONSOLE:2] "버튼 25: [object Object]", source: https://feblog.pstatic.net/real/pc/2025.10.01/js/vendor.6794114dd270eb42c37c.js (2)
[14062:253552:1008/150118.027258:INFO:CONSOLE:2] "버튼 26: [object Object]", source: https://feblog.pstatic.net/real/pc/2025.10.01/js/vendor.6794114dd270eb42c37c.js (2)
[14062:253552:1008/150118.027483:INFO:CONSOLE:2] "버튼 27: [object Object]", source: https://feblog.pstatic.net/real/pc/2025.10.01/js/vendor.6794114dd270eb42c37c.js (2)
[14062:253552:1008/150118.027769:INFO:CONSOLE:2] "버튼 28: [object Object]", source: https://feblog.pstatic.net/real/pc/2025.10.01/js/vendor.6794114dd270eb42c37c.js (2)
[14062:253552:1008/150118.027903:INFO:CONSOLE:2] "버튼 29: [object Object]", source: https://feblog.pstatic.net/real/pc/2025.10.01/js/vendor.6794114dd270eb42c37c.js (2)
[14062:253552:1008/150118.028024:INFO:CONSOLE:2] "버튼 30: [object Object]", source: https://feblog.pstatic.net/real/pc/2025.10.01/js/vendor.6794114dd270eb42c37c.js (2)
[14062:253552:1008/150118.028101:INFO:CONSOLE:2] "버튼 31: [object Object]", source: https://feblog.pstatic.net/real/pc/2025.10.01/js/vendor.6794114dd270eb42c37c.js (2)
[14062:253552:1008/150118.028205:INFO:CONSOLE:2] "버튼 32: [object Object]", source: https://feblog.pstatic.net/real/pc/2025.10.01/js/vendor.6794114dd270eb42c37c.js (2)
[14062:253552:1008/150118.028300:INFO:CONSOLE:2] "버튼 33: [object Object]", source: https://feblog.pstatic.net/real/pc/2025.10.01/js/vendor.6794114dd270eb42c37c.js (2)
[14062:253552:1008/150118.028390:INFO:CONSOLE:2] "버튼 34: [object Object]", source: https://feblog.pstatic.net/real/pc/2025.10.01/js/vendor.6794114dd270eb42c37c.js (2)
[14062:253552:1008/150118.028476:INFO:CONSOLE:2] "버튼 35: [object Object]", source: https://feblog.pstatic.net/real/pc/2025.10.01/js/vendor.6794114dd270eb42c37c.js (2)
[14062:253552:1008/150118.028575:INFO:CONSOLE:2] "버튼 36: [object Object]", source: https://feblog.pstatic.net/real/pc/2025.10.01/js/vendor.6794114dd270eb42c37c.js (2)
[14062:253552:1008/150118.028645:INFO:CONSOLE:2] "버튼 37: [object Object]", source: https://feblog.pstatic.net/real/pc/2025.10.01/js/vendor.6794114dd270eb42c37c.js (2)
[14062:253552:1008/150118.028732:INFO:CONSOLE:2] "버튼 38: [object Object]", source: https://feblog.pstatic.net/real/pc/2025.10.01/js/vendor.6794114dd270eb42c37c.js (2)
[14062:253552:1008/150118.028820:INFO:CONSOLE:2] "버튼 39: [object Object]", source: https://feblog.pstatic.net/real/pc/2025.10.01/js/vendor.6794114dd270eb42c37c.js (2)
[14062:253552:1008/150118.028927:INFO:CONSOLE:2] "버튼 40: [object Object]", source: https://feblog.pstatic.net/real/pc/2025.10.01/js/vendor.6794114dd270eb42c37c.js (2)
[14062:253552:1008/150118.028990:INFO:CONSOLE:2] "버튼 41: [object Object]", source: https://feblog.pstatic.net/real/pc/2025.10.01/js/vendor.6794114dd270eb42c37c.js (2)
[14062:253552:1008/150118.029087:INFO:CONSOLE:2] "버튼 42: [object Object]", source: https://feblog.pstatic.net/real/pc/2025.10.01/js/vendor.6794114dd270eb42c37c.js (2)
[14062:253552:1008/150118.029180:INFO:CONSOLE:2] "버튼 43: [object Object]", source: https://feblog.pstatic.net/real/pc/2025.10.01/js/vendor.6794114dd270eb42c37c.js (2)
[14062:253552:1008/150118.029267:INFO:CONSOLE:2] "버튼 45: [object Object]", source: https://feblog.pstatic.net/real/pc/2025.10.01/js/vendor.6794114dd270eb42c37c.js (2)
[14062:253552:1008/150118.029369:INFO:CONSOLE:2] "버튼 47: [object Object]", source: https://feblog.pstatic.net/real/pc/2025.10.01/js/vendor.6794114dd270eb42c37c.js (2)
[14062:253552:1008/150118.029453:INFO:CONSOLE:2] "버튼 51: [object Object]", source: https://feblog.pstatic.net/real/pc/2025.10.01/js/vendor.6794114dd270eb42c37c.js (2)
[14062:253552:1008/150118.029554:INFO:CONSOLE:2] "버튼 55: [object Object]", source: https://feblog.pstatic.net/real/pc/2025.10.01/js/vendor.6794114dd270eb42c37c.js (2)
[14062:253552:1008/150118.029634:INFO:CONSOLE:2] "버튼 59: [object Object]", source: https://feblog.pstatic.net/real/pc/2025.10.01/js/vendor.6794114dd270eb42c37c.js (2)
[14062:253552:1008/150118.029734:INFO:CONSOLE:2] "버튼 60: [object Object]", source: https://feblog.pstatic.net/real/pc/2025.10.01/js/vendor.6794114dd270eb42c37c.js (2)
[14062:253552:1008/150118.029813:INFO:CONSOLE:2] "버튼 63: [object Object]", source: https://feblog.pstatic.net/real/pc/2025.10.01/js/vendor.6794114dd270eb42c37c.js (2)
[14062:253552:1008/150118.029882:INFO:CONSOLE:2] "버튼 64: [object Object]", source: https://feblog.pstatic.net/real/pc/2025.10.01/js/vendor.6794114dd270eb42c37c.js (2)
[14062:253552:1008/150118.029976:INFO:CONSOLE:2] "버튼 67: [object Object]", source: https://feblog.pstatic.net/real/pc/2025.10.01/js/vendor.6794114dd270eb42c37c.js (2)
[14062:253552:1008/150118.030067:INFO:CONSOLE:2] "버튼 68: [object Object]", source: https://feblog.pstatic.net/real/pc/2025.10.01/js/vendor.6794114dd270eb42c37c.js (2)
[14062:253552:1008/150118.030144:INFO:CONSOLE:2] "버튼 71: [object Object]", source: https://feblog.pstatic.net/real/pc/2025.10.01/js/vendor.6794114dd270eb42c37c.js (2)
[14062:253552:1008/150118.030240:INFO:CONSOLE:2] "버튼 72: [object Object]", source: https://feblog.pstatic.net/real/pc/2025.10.01/js/vendor.6794114dd270eb42c37c.js (2)
[14062:253552:1008/150118.030305:INFO:CONSOLE:2] "버튼 75: [object Object]", source: https://feblog.pstatic.net/real/pc/2025.10.01/js/vendor.6794114dd270eb42c37c.js (2)
[14062:253552:1008/150118.030385:INFO:CONSOLE:2] "버튼 76: [object Object]", source: https://feblog.pstatic.net/real/pc/2025.10.01/js/vendor.6794114dd270eb42c37c.js (2)
[14062:253552:1008/150118.030479:INFO:CONSOLE:2] "버튼 79: [object Object]", source: https://feblog.pstatic.net/real/pc/2025.10.01/js/vendor.6794114dd270eb42c37c.js (2)
[14062:253552:1008/150118.030588:INFO:CONSOLE:2] "버튼 99: [object Object]", source: https://feblog.pstatic.net/real/pc/2025.10.01/js/vendor.6794114dd270eb42c37c.js (2)
[14062:253552:1008/150118.030687:INFO:CONSOLE:2] "버튼 100: [object Object]", source: https://feblog.pstatic.net/real/pc/2025.10.01/js/vendor.6794114dd270eb42c37c.js (2)
[14062:253552:1008/150118.030759:INFO:CONSOLE:2] "버튼 101: [object Object]", source: https://feblog.pstatic.net/real/pc/2025.10.01/js/vendor.6794114dd270eb42c37c.js (2)
[14062:253552:1008/150118.030868:INFO:CONSOLE:2] "버튼 102: [object Object]", source: https://feblog.pstatic.net/real/pc/2025.10.01/js/vendor.6794114dd270eb42c37c.js (2)
[14062:253552:1008/150118.030962:INFO:CONSOLE:2] "버튼 103: [object Object]", source: https://feblog.pstatic.net/real/pc/2025.10.01/js/vendor.6794114dd270eb42c37c.js (2)
[14062:253552:1008/150118.031043:INFO:CONSOLE:2] "버튼 104: [object Object]", source: https://feblog.pstatic.net/real/pc/2025.10.01/js/vendor.6794114dd270eb42c37c.js (2)
[14062:253552:1008/150118.031141:INFO:CONSOLE:2] "버튼 105: [object Object]", source: https://feblog.pstatic.net/real/pc/2025.10.01/js/vendor.6794114dd270eb42c37c.js (2)
[14062:253552:1008/150118.031246:INFO:CONSOLE:2] "버튼 106: [object Object]", source: https://feblog.pstatic.net/real/pc/2025.10.01/js/vendor.6794114dd270eb42c37c.js (2)
[14062:253552:1008/150118.031323:INFO:CONSOLE:2] "버튼 107: [object Object]", source: https://feblog.pstatic.net/real/pc/2025.10.01/js/vendor.6794114dd270eb42c37c.js (2)
[14062:253552:1008/150118.031405:INFO:CONSOLE:2] "버튼 108: [object Object]", source: https://feblog.pstatic.net/real/pc/2025.10.01/js/vendor.6794114dd270eb42c37c.js (2)
[14062:253552:1008/150118.031479:INFO:CONSOLE:2] "버튼 109: [object Object]", source: https://feblog.pstatic.net/real/pc/2025.10.01/js/vendor.6794114dd270eb42c37c.js (2)
[14062:253552:1008/150118.031578:INFO:CONSOLE:2] "버튼 110: [object Object]", source: https://feblog.pstatic.net/real/pc/2025.10.01/js/vendor.6794114dd270eb42c37c.js (2)
[14062:253552:1008/150118.031660:INFO:CONSOLE:2] "버튼 111: [object Object]", source: https://feblog.pstatic.net/real/pc/2025.10.01/js/vendor.6794114dd270eb42c37c.js (2)
[14062:253552:1008/150118.031747:INFO:CONSOLE:2] "버튼 112: [object Object]", source: https://feblog.pstatic.net/real/pc/2025.10.01/js/vendor.6794114dd270eb42c37c.js (2)
[14062:253552:1008/150118.031829:INFO:CONSOLE:2] "버튼 113: [object Object]", source: https://feblog.pstatic.net/real/pc/2025.10.01/js/vendor.6794114dd270eb42c37c.js (2)
[14062:253552:1008/150118.031912:INFO:CONSOLE:2] "버튼 114: [object Object]", source: https://feblog.pstatic.net/real/pc/2025.10.01/js/vendor.6794114dd270eb42c37c.js (2)
[14062:253552:1008/150118.031992:INFO:CONSOLE:2] "버튼 115: [object Object]", source: https://feblog.pstatic.net/real/pc/2025.10.01/js/vendor.6794114dd270eb42c37c.js (2)
[14062:253552:1008/150118.032073:INFO:CONSOLE:2] "버튼 116: [object Object]", source: https://feblog.pstatic.net/real/pc/2025.10.01/js/vendor.6794114dd270eb42c37c.js (2)
[14062:253552:1008/150118.032156:INFO:CONSOLE:2] "버튼 117: [object Object]", source: https://feblog.pstatic.net/real/pc/2025.10.01/js/vendor.6794114dd270eb42c37c.js (2)
[14062:253552:1008/150118.032241:INFO:CONSOLE:2] "버튼 118: [object Object]", source: https://feblog.pstatic.net/real/pc/2025.10.01/js/vendor.6794114dd270eb42c37c.js (2)
[14062:253552:1008/150118.032316:INFO:CONSOLE:2] "버튼 119: [object Object]", source: https://feblog.pstatic.net/real/pc/2025.10.01/js/vendor.6794114dd270eb42c37c.js (2)
[14062:253552:1008/150118.032396:INFO:CONSOLE:2] "버튼 120: [object Object]", source: https://feblog.pstatic.net/real/pc/2025.10.01/js/vendor.6794114dd270eb42c37c.js (2)
[14062:253552:1008/150118.032492:INFO:CONSOLE:2] "버튼 121: [object Object]", source: https://feblog.pstatic.net/real/pc/2025.10.01/js/vendor.6794114dd270eb42c37c.js (2)
[14062:253552:1008/150118.032560:INFO:CONSOLE:2] "버튼 122: [object Object]", source: https://feblog.pstatic.net/real/pc/2025.10.01/js/vendor.6794114dd270eb42c37c.js (2)
[14062:253552:1008/150118.032627:INFO:CONSOLE:2] "버튼 123: [object Object]", source: https://feblog.pstatic.net/real/pc/2025.10.01/js/vendor.6794114dd270eb42c37c.js (2)
[14062:253552:1008/150118.032715:INFO:CONSOLE:2] "버튼 124: [object Object]", source: https://feblog.pstatic.net/real/pc/2025.10.01/js/vendor.6794114dd270eb42c37c.js (2)
[14062:253552:1008/150118.032800:INFO:CONSOLE:2] "버튼 125: [object Object]", source: https://feblog.pstatic.net/real/pc/2025.10.01/js/vendor.6794114dd270eb42c37c.js (2)
[14062:253552:1008/150118.032880:INFO:CONSOLE:2] "1단계: 정확한 선택자로 시도...", source: https://feblog.pstatic.net/real/pc/2025.10.01/js/vendor.6794114dd270eb42c37c.js (2)
[14062:253552:1008/150118.033024:INFO:CONSOLE:2] "✅ 정확한 선택자로 확인 버튼 클릭: button.se-popup-button-confirm", source: https://feblog.pstatic.net/real/pc/2025.10.01/js/vendor.6794114dd270eb42c37c.js (2)
[14062:253552:1008/150120.329911:INFO:CONSOLE:2] "키보드 입력 차단 해제 완료", source: https://feblog.pstatic.net/real/pc/2025.10.01/js/vendor.6794114dd270eb42c37c.js (2)
[14062:253552:1008/150121.456797:INFO:CONSOLE:2] "Google Maps JavaScript API has been loaded directly without loading=async. This can result in suboptimal performance. For best-practice loading patterns please see https://goo.gle/js-api-loading", source: https://feblog.pstatic.net/real/pc/2025.10.01/js/vendor.6794114dd270eb42c37c.js (2)
[14062:253552:1008/150128.348488:INFO:CONSOLE:2] "추가 버튼 발견, 5번 클릭 시도 시작...", source: https://feblog.pstatic.net/real/pc/2025.10.01/js/vendor.6794114dd270eb42c37c.js (2)
[14062:253552:1008/150128.348904:INFO:CONSOLE:2] "1번째 클릭 시도...", source: https://feblog.pstatic.net/real/pc/2025.10.01/js/vendor.6794114dd270eb42c37c.js (2)
[14062:253552:1008/150129.352014:INFO:CONSOLE:2] "2번째 클릭 시도...", source: https://feblog.pstatic.net/real/pc/2025.10.01/js/vendor.6794114dd270eb42c37c.js (2)
[14062:253552:1008/150130.351681:INFO:CONSOLE:2] "3번째 클릭 시도...", source: https://feblog.pstatic.net/real/pc/2025.10.01/js/vendor.6794114dd270eb42c37c.js (2)
[14062:253552:1008/150131.351707:INFO:CONSOLE:2] "4번째 클릭 시도...", source: https://feblog.pstatic.net/real/pc/2025.10.01/js/vendor.6794114dd270eb42c37c.js (2)
[14062:253552:1008/150132.351344:INFO:CONSOLE:2] "5번째 클릭 시도...", source: https://feblog.pstatic.net/real/pc/2025.10.01/js/vendor.6794114dd270eb42c37c.js (2)
[14062:253552:1008/150133.378012:INFO:CONSOLE:2] "정확한 선택자로 확인 버튼 발견", source: https://feblog.pstatic.net/real/pc/2025.10.01/js/vendor.6794114dd270eb42c37c.js (2)
[14062:253552:1008/150223.879782:INFO:CONSOLE:2] "=== 최종 발행 버튼 찾기 시작 ===", source: https://feblog.pstatic.net/real/pc/2025.10.01/js/vendor.6794114dd270eb42c37c.js (2)
[14062:253552:1008/150223.880821:INFO:CONSOLE:2] "🎯 data-testid로 발행 버튼 찾기...", source: https://feblog.pstatic.net/real/pc/2025.10.01/js/vendor.6794114dd270eb42c37c.js (2)
[14062:253552:1008/150223.880893:INFO:CONSOLE:2] "🎯 confirm_btn 클래스로 발행 버튼 찾기...", source: https://feblog.pstatic.net/real/pc/2025.10.01/js/vendor.6794114dd270eb42c37c.js (2)
[14062:253552:1008/150223.880925:INFO:CONSOLE:2] "✅ confirm_btn으로 발행 버튼 발견: [object Object]", source: https://feblog.pstatic.net/real/pc/2025.10.01/js/vendor.6794114dd270eb42c37c.js (2)
[14062:253552:1008/150223.905609:INFO:CONSOLE:2] "✅ confirm_btn 발행 버튼 클릭 완료", source: https://feblog.pstatic.net/real/pc/2025.10.01/js/vendor.6794114dd270eb42c37c.js (2)
[14062:253552:1008/150225.351447:INFO:CONSOLE:275] "Google Maps JavaScript API has been loaded directly without loading=async. This can result in suboptimal performance. For best-practice loading patterns please see https://goo.gle/js-api-loading", source: https://maps.google.co.kr/maps/api/js?v=3&client=gme-nhncorp&language=ko&channel=naver_blog (275)
[14062:253552:1008/152344.758849:INFO:CONSOLE:2] "클립보드 읽기 권한 상태: granted", source: https://feblog.pstatic.net/real/pc/2025.10.01/js/vendor.6794114dd270eb42c37c.js (2)
[14062:253552:1008/152348.458629:INFO:CONSOLE:2] "클립보드 읽기 권한 상태: granted", source: https://feblog.pstatic.net/real/pc/2025.10.01/js/vendor.6794114dd270eb42c37c.js (2)
[14062:253552:1008/152352.024481:INFO:CONSOLE:2] "클립보드 읽기 권한 상태: granted", source: https://feblog.pstatic.net/real/pc/2025.10.01/js/vendor.6794114dd270eb42c37c.js (2)
[14062:253552:1008/152354.202272:INFO:CONSOLE:2] "클립보드 읽기 권한 상태: granted", source: https://feblog.pstatic.net/real/pc/2025.10.01/js/vendor.6794114dd270eb42c37c.js (2)
[14062:253552:1008/152356.227721:INFO:CONSOLE:2] "클립보드 읽기 권한 상태: granted", source: https://feblog.pstatic.net/real/pc/2025.10.01/js/vendor.6794114dd270eb42c37c.js (2)
[14062:253552:1008/152358.210631:INFO:CONSOLE:2] "클립보드 읽기 권한 상태: granted", source: https://feblog.pstatic.net/real/pc/2025.10.01/js/vendor.6794114dd270eb42c37c.js (2)
[14062:253552:1008/152358.736471:INFO:CONSOLE:1] "File chooser dialog can only be shown with a user activation.", source: https://editor-static.pstatic.net/e/basic.desktop/1.69.0/se-editor.js?t=1755855480440 (1)
[14062:253552:1008/152400.216299:INFO:CONSOLE:2] "클립보드 읽기 권한 상태: granted", source: https://feblog.pstatic.net/real/pc/2025.10.01/js/vendor.6794114dd270eb42c37c.js (2)
[14062:253552:1008/152400.749479:INFO:CONSOLE:1] "File chooser dialog can only be shown with a user activation.", source: https://editor-static.pstatic.net/e/basic.desktop/1.69.0/se-editor.js?t=1755855480440 (1)
[14062:253552:1008/152402.217748:INFO:CONSOLE:2] "클립보드 읽기 권한 상태: granted", source: https://feblog.pstatic.net/real/pc/2025.10.01/js/vendor.6794114dd270eb42c37c.js (2)
[14062:253552:1008/152402.743287:INFO:CONSOLE:1] "File chooser dialog can only be shown with a user activation.", source: https://editor-static.pstatic.net/e/basic.desktop/1.69.0/se-editor.js?t=1755855480440 (1)
[14062:253552:1008/152413.570230:INFO:CONSOLE:2] "키보드 입력 차단 및 포커스 정리 완료", source: https://feblog.pstatic.net/real/pc/2025.10.01/js/vendor.6794114dd270eb42c37c.js (2)
[14062:253552:1008/152418.677056:INFO:CONSOLE:2] "=== 최강화된 확인 버튼 찾기 시작 ===", source: https://feblog.pstatic.net/real/pc/2025.10.01/js/vendor.6794114dd270eb42c37c.js (2)
[14062:253552:1008/152418.677156:INFO:CONSOLE:2] "현재 페이지의 모든 버튼 상황:", source: https://feblog.pstatic.net/real/pc/2025.10.01/js/vendor.6794114dd270eb42c37c.js (2)
[14062:253552:1008/152418.677510:INFO:CONSOLE:2] "버튼 1: [object Object]", source: https://feblog.pstatic.net/real/pc/2025.10.01/js/vendor.6794114dd270eb42c37c.js (2)
[14062:253552:1008/152418.677654:INFO:CONSOLE:2] "버튼 2: [object Object]", source: https://feblog.pstatic.net/real/pc/2025.10.01/js/vendor.6794114dd270eb42c37c.js (2)
[14062:253552:1008/152418.677775:INFO:CONSOLE:2] "버튼 3: [object Object]", source: https://feblog.pstatic.net/real/pc/2025.10.01/js/vendor.6794114dd270eb42c37c.js (2)
[14062:253552:1008/152418.677865:INFO:CONSOLE:2] "버튼 4: [object Object]", source: https://feblog.pstatic.net/real/pc/2025.10.01/js/vendor.6794114dd270eb42c37c.js (2)
[14062:253552:1008/152418.677969:INFO:CONSOLE:2] "버튼 5: [object Object]", source: https://feblog.pstatic.net/real/pc/2025.10.01/js/vendor.6794114dd270eb42c37c.js (2)
[14062:253552:1008/152418.678061:INFO:CONSOLE:2] "버튼 6: [object Object]", source: https://feblog.pstatic.net/real/pc/2025.10.01/js/vendor.6794114dd270eb42c37c.js (2)
[14062:253552:1008/152418.678131:INFO:CONSOLE:2] "버튼 7: [object Object]", source: https://feblog.pstatic.net/real/pc/2025.10.01/js/vendor.6794114dd270eb42c37c.js (2)
[14062:253552:1008/152418.678216:INFO:CONSOLE:2] "버튼 8: [object Object]", source: https://feblog.pstatic.net/real/pc/2025.10.01/js/vendor.6794114dd270eb42c37c.js (2)
[14062:253552:1008/152418.678301:INFO:CONSOLE:2] "버튼 9: [object Object]", source: https://feblog.pstatic.net/real/pc/2025.10.01/js/vendor.6794114dd270eb42c37c.js (2)
[14062:253552:1008/152418.678392:INFO:CONSOLE:2] "버튼 10: [object Object]", source: https://feblog.pstatic.net/real/pc/2025.10.01/js/vendor.6794114dd270eb42c37c.js (2)
[14062:253552:1008/152418.678462:INFO:CONSOLE:2] "버튼 11: [object Object]", source: https://feblog.pstatic.net/real/pc/2025.10.01/js/vendor.6794114dd270eb42c37c.js (2)
[14062:253552:1008/152418.678555:INFO:CONSOLE:2] "버튼 12: [object Object]", source: https://feblog.pstatic.net/real/pc/2025.10.01/js/vendor.6794114dd270eb42c37c.js (2)
[14062:253552:1008/152418.678624:INFO:CONSOLE:2] "버튼 13: [object Object]", source: https://feblog.pstatic.net/real/pc/2025.10.01/js/vendor.6794114dd270eb42c37c.js (2)
[14062:253552:1008/152418.678690:INFO:CONSOLE:2] "버튼 14: [object Object]", source: https://feblog.pstatic.net/real/pc/2025.10.01/js/vendor.6794114dd270eb42c37c.js (2)
[14062:253552:1008/152418.678765:INFO:CONSOLE:2] "버튼 15: [object Object]", source: https://feblog.pstatic.net/real/pc/2025.10.01/js/vendor.6794114dd270eb42c37c.js (2)
[14062:253552:1008/152418.678834:INFO:CONSOLE:2] "버튼 16: [object Object]", source: https://feblog.pstatic.net/real/pc/2025.10.01/js/vendor.6794114dd270eb42c37c.js (2)
[14062:253552:1008/152418.678943:INFO:CONSOLE:2] "버튼 17: [object Object]", source: https://feblog.pstatic.net/real/pc/2025.10.01/js/vendor.6794114dd270eb42c37c.js (2)
[14062:253552:1008/152418.679012:INFO:CONSOLE:2] "버튼 18: [object Object]", source: https://feblog.pstatic.net/real/pc/2025.10.01/js/vendor.6794114dd270eb42c37c.js (2)
[14062:253552:1008/152418.679101:INFO:CONSOLE:2] "버튼 19: [object Object]", source: https://feblog.pstatic.net/real/pc/2025.10.01/js/vendor.6794114dd270eb42c37c.js (2)
[14062:253552:1008/152418.679166:INFO:CONSOLE:2] "버튼 20: [object Object]", source: https://feblog.pstatic.net/real/pc/2025.10.01/js/vendor.6794114dd270eb42c37c.js (2)
[14062:253552:1008/152418.679265:INFO:CONSOLE:2] "버튼 21: [object Object]", source: https://feblog.pstatic.net/real/pc/2025.10.01/js/vendor.6794114dd270eb42c37c.js (2)
[14062:253552:1008/152418.679343:INFO:CONSOLE:2] "버튼 22: [object Object]", source: https://feblog.pstatic.net/real/pc/2025.10.01/js/vendor.6794114dd270eb42c37c.js (2)
[14062:253552:1008/152418.679418:INFO:CONSOLE:2] "버튼 23: [object Object]", source: https://feblog.pstatic.net/real/pc/2025.10.01/js/vendor.6794114dd270eb42c37c.js (2)
[14062:253552:1008/152418.679496:INFO:CONSOLE:2] "버튼 24: [object Object]", source: https://feblog.pstatic.net/real/pc/2025.10.01/js/vendor.6794114dd270eb42c37c.js (2)
[14062:253552:1008/152418.679550:INFO:CONSOLE:2] "버튼 25: [object Object]", source: https://feblog.pstatic.net/real/pc/2025.10.01/js/vendor.6794114dd270eb42c37c.js (2)
[14062:253552:1008/152418.679634:INFO:CONSOLE:2] "버튼 26: [object Object]", source: https://feblog.pstatic.net/real/pc/2025.10.01/js/vendor.6794114dd270eb42c37c.js (2)
[14062:253552:1008/152418.679708:INFO:CONSOLE:2] "버튼 27: [object Object]", source: https://feblog.pstatic.net/real/pc/2025.10.01/js/vendor.6794114dd270eb42c37c.js (2)
[14062:253552:1008/152418.679784:INFO:CONSOLE:2] "버튼 28: [object Object]", source: https://feblog.pstatic.net/real/pc/2025.10.01/js/vendor.6794114dd270eb42c37c.js (2)
[14062:253552:1008/152418.679857:INFO:CONSOLE:2] "버튼 29: [object Object]", source: https://feblog.pstatic.net/real/pc/2025.10.01/js/vendor.6794114dd270eb42c37c.js (2)
[14062:253552:1008/152418.679940:INFO:CONSOLE:2] "버튼 30: [object Object]", source: https://feblog.pstatic.net/real/pc/2025.10.01/js/vendor.6794114dd270eb42c37c.js (2)
[14062:253552:1008/152418.680014:INFO:CONSOLE:2] "버튼 31: [object Object]", source: https://feblog.pstatic.net/real/pc/2025.10.01/js/vendor.6794114dd270eb42c37c.js (2)
[14062:253552:1008/152418.680085:INFO:CONSOLE:2] "버튼 32: [object Object]", source: https://feblog.pstatic.net/real/pc/2025.10.01/js/vendor.6794114dd270eb42c37c.js (2)
[14062:253552:1008/152418.680157:INFO:CONSOLE:2] "버튼 33: [object Object]", source: https://feblog.pstatic.net/real/pc/2025.10.01/js/vendor.6794114dd270eb42c37c.js (2)
[14062:253552:1008/152418.680215:INFO:CONSOLE:2] "버튼 34: [object Object]", source: https://feblog.pstatic.net/real/pc/2025.10.01/js/vendor.6794114dd270eb42c37c.js (2)
[14062:253552:1008/152418.680294:INFO:CONSOLE:2] "버튼 35: [object Object]", source: https://feblog.pstatic.net/real/pc/2025.10.01/js/vendor.6794114dd270eb42c37c.js (2)
[14062:253552:1008/152418.680357:INFO:CONSOLE:2] "버튼 36: [object Object]", source: https://feblog.pstatic.net/real/pc/2025.10.01/js/vendor.6794114dd270eb42c37c.js (2)
[14062:253552:1008/152418.680441:INFO:CONSOLE:2] "버튼 37: [object Object]", source: https://feblog.pstatic.net/real/pc/2025.10.01/js/vendor.6794114dd270eb42c37c.js (2)
[14062:253552:1008/152418.680512:INFO:CONSOLE:2] "버튼 38: [object Object]", source: https://feblog.pstatic.net/real/pc/2025.10.01/js/vendor.6794114dd270eb42c37c.js (2)
[14062:253552:1008/152418.680582:INFO:CONSOLE:2] "버튼 39: [object Object]", source: https://feblog.pstatic.net/real/pc/2025.10.01/js/vendor.6794114dd270eb42c37c.js (2)
[14062:253552:1008/152418.680659:INFO:CONSOLE:2] "버튼 40: [object Object]", source: https://feblog.pstatic.net/real/pc/2025.10.01/js/vendor.6794114dd270eb42c37c.js (2)
[14062:253552:1008/152418.680707:INFO:CONSOLE:2] "버튼 41: [object Object]", source: https://feblog.pstatic.net/real/pc/2025.10.01/js/vendor.6794114dd270eb42c37c.js (2)
[14062:253552:1008/152418.680802:INFO:CONSOLE:2] "버튼 42: [object Object]", source: https://feblog.pstatic.net/real/pc/2025.10.01/js/vendor.6794114dd270eb42c37c.js (2)
[14062:253552:1008/152418.680866:INFO:CONSOLE:2] "버튼 43: [object Object]", source: https://feblog.pstatic.net/real/pc/2025.10.01/js/vendor.6794114dd270eb42c37c.js (2)
[14062:253552:1008/152418.680955:INFO:CONSOLE:2] "버튼 45: [object Object]", source: https://feblog.pstatic.net/real/pc/2025.10.01/js/vendor.6794114dd270eb42c37c.js (2)
[14062:253552:1008/152418.681039:INFO:CONSOLE:2] "버튼 47: [object Object]", source: https://feblog.pstatic.net/real/pc/2025.10.01/js/vendor.6794114dd270eb42c37c.js (2)
[14062:253552:1008/152418.681097:INFO:CONSOLE:2] "버튼 51: [object Object]", source: https://feblog.pstatic.net/real/pc/2025.10.01/js/vendor.6794114dd270eb42c37c.js (2)
[14062:253552:1008/152418.681181:INFO:CONSOLE:2] "버튼 55: [object Object]", source: https://feblog.pstatic.net/real/pc/2025.10.01/js/vendor.6794114dd270eb42c37c.js (2)
[14062:253552:1008/152418.681270:INFO:CONSOLE:2] "버튼 56: [object Object]", source: https://feblog.pstatic.net/real/pc/2025.10.01/js/vendor.6794114dd270eb42c37c.js (2)
[14062:253552:1008/152418.681327:INFO:CONSOLE:2] "버튼 59: [object Object]", source: https://feblog.pstatic.net/real/pc/2025.10.01/js/vendor.6794114dd270eb42c37c.js (2)
[14062:253552:1008/152418.681406:INFO:CONSOLE:2] "버튼 60: [object Object]", source: https://feblog.pstatic.net/real/pc/2025.10.01/js/vendor.6794114dd270eb42c37c.js (2)
[14062:253552:1008/152418.681478:INFO:CONSOLE:2] "버튼 63: [object Object]", source: https://feblog.pstatic.net/real/pc/2025.10.01/js/vendor.6794114dd270eb42c37c.js (2)
[14062:253552:1008/152418.681547:INFO:CONSOLE:2] "버튼 64: [object Object]", source: https://feblog.pstatic.net/real/pc/2025.10.01/js/vendor.6794114dd270eb42c37c.js (2)
[14062:253552:1008/152418.681620:INFO:CONSOLE:2] "버튼 67: [object Object]", source: https://feblog.pstatic.net/real/pc/2025.10.01/js/vendor.6794114dd270eb42c37c.js (2)
[14062:253552:1008/152418.681692:INFO:CONSOLE:2] "버튼 68: [object Object]", source: https://feblog.pstatic.net/real/pc/2025.10.01/js/vendor.6794114dd270eb42c37c.js (2)
[14062:253552:1008/152418.681768:INFO:CONSOLE:2] "버튼 71: [object Object]", source: https://feblog.pstatic.net/real/pc/2025.10.01/js/vendor.6794114dd270eb42c37c.js (2)
[14062:253552:1008/152418.681833:INFO:CONSOLE:2] "버튼 72: [object Object]", source: https://feblog.pstatic.net/real/pc/2025.10.01/js/vendor.6794114dd270eb42c37c.js (2)
[14062:253552:1008/152418.681905:INFO:CONSOLE:2] "버튼 75: [object Object]", source: https://feblog.pstatic.net/real/pc/2025.10.01/js/vendor.6794114dd270eb42c37c.js (2)
[14062:253552:1008/152418.681988:INFO:CONSOLE:2] "버튼 95: [object Object]", source: https://feblog.pstatic.net/real/pc/2025.10.01/js/vendor.6794114dd270eb42c37c.js (2)
[14062:253552:1008/152418.682053:INFO:CONSOLE:2] "버튼 96: [object Object]", source: https://feblog.pstatic.net/real/pc/2025.10.01/js/vendor.6794114dd270eb42c37c.js (2)
[14062:253552:1008/152418.682135:INFO:CONSOLE:2] "버튼 97: [object Object]", source: https://feblog.pstatic.net/real/pc/2025.10.01/js/vendor.6794114dd270eb42c37c.js (2)
[14062:253552:1008/152418.682201:INFO:CONSOLE:2] "버튼 98: [object Object]", source: https://feblog.pstatic.net/real/pc/2025.10.01/js/vendor.6794114dd270eb42c37c.js (2)
[14062:253552:1008/152418.682272:INFO:CONSOLE:2] "버튼 99: [object Object]", source: https://feblog.pstatic.net/real/pc/2025.10.01/js/vendor.6794114dd270eb42c37c.js (2)
[14062:253552:1008/152418.682354:INFO:CONSOLE:2] "버튼 100: [object Object]", source: https://feblog.pstatic.net/real/pc/2025.10.01/js/vendor.6794114dd270eb42c37c.js (2)
[14062:253552:1008/152418.682404:INFO:CONSOLE:2] "버튼 101: [object Object]", source: https://feblog.pstatic.net/real/pc/2025.10.01/js/vendor.6794114dd270eb42c37c.js (2)
[14062:253552:1008/152418.682488:INFO:CONSOLE:2] "버튼 102: [object Object]", source: https://feblog.pstatic.net/real/pc/2025.10.01/js/vendor.6794114dd270eb42c37c.js (2)
[14062:253552:1008/152418.682552:INFO:CONSOLE:2] "버튼 103: [object Object]", source: https://feblog.pstatic.net/real/pc/2025.10.01/js/vendor.6794114dd270eb42c37c.js (2)
[14062:253552:1008/152418.682638:INFO:CONSOLE:2] "버튼 104: [object Object]", source: https://feblog.pstatic.net/real/pc/2025.10.01/js/vendor.6794114dd270eb42c37c.js (2)
[14062:253552:1008/152418.682712:INFO:CONSOLE:2] "버튼 105: [object Object]", source: https://feblog.pstatic.net/real/pc/2025.10.01/js/vendor.6794114dd270eb42c37c.js (2)
[14062:253552:1008/152418.682777:INFO:CONSOLE:2] "버튼 106: [object Object]", source: https://feblog.pstatic.net/real/pc/2025.10.01/js/vendor.6794114dd270eb42c37c.js (2)
[14062:253552:1008/152418.682857:INFO:CONSOLE:2] "버튼 107: [object Object]", source: https://feblog.pstatic.net/real/pc/2025.10.01/js/vendor.6794114dd270eb42c37c.js (2)
[14062:253552:1008/152418.682947:INFO:CONSOLE:2] "버튼 108: [object Object]", source: https://feblog.pstatic.net/real/pc/2025.10.01/js/vendor.6794114dd270eb42c37c.js (2)
[14062:253552:1008/152418.683023:INFO:CONSOLE:2] "버튼 109: [object Object]", source: https://feblog.pstatic.net/real/pc/2025.10.01/js/vendor.6794114dd270eb42c37c.js (2)
[14062:253552:1008/152418.683135:INFO:CONSOLE:2] "버튼 110: [object Object]", source: https://feblog.pstatic.net/real/pc/2025.10.01/js/vendor.6794114dd270eb42c37c.js (2)
[14062:253552:1008/152418.683154:INFO:CONSOLE:2] "버튼 111: [object Object]", source: https://feblog.pstatic.net/real/pc/2025.10.01/js/vendor.6794114dd270eb42c37c.js (2)
[14062:253552:1008/152418.683212:INFO:CONSOLE:2] "버튼 112: [object Object]", source: https://feblog.pstatic.net/real/pc/2025.10.01/js/vendor.6794114dd270eb42c37c.js (2)
[14062:253552:1008/152418.683271:INFO:CONSOLE:2] "버튼 113: [object Object]", source: https://feblog.pstatic.net/real/pc/2025.10.01/js/vendor.6794114dd270eb42c37c.js (2)
[14062:253552:1008/152418.683336:INFO:CONSOLE:2] "버튼 114: [object Object]", source: https://feblog.pstatic.net/real/pc/2025.10.01/js/vendor.6794114dd270eb42c37c.js (2)
[14062:253552:1008/152418.683382:INFO:CONSOLE:2] "버튼 115: [object Object]", source: https://feblog.pstatic.net/real/pc/2025.10.01/js/vendor.6794114dd270eb42c37c.js (2)
[14062:253552:1008/152418.683441:INFO:CONSOLE:2] "버튼 116: [object Object]", source: https://feblog.pstatic.net/real/pc/2025.10.01/js/vendor.6794114dd270eb42c37c.js (2)
[14062:253552:1008/152418.683487:INFO:CONSOLE:2] "버튼 117: [object Object]", source: https://feblog.pstatic.net/real/pc/2025.10.01/js/vendor.6794114dd270eb42c37c.js (2)
[14062:253552:1008/152418.683538:INFO:CONSOLE:2] "버튼 118: [object Object]", source: https://feblog.pstatic.net/real/pc/2025.10.01/js/vendor.6794114dd270eb42c37c.js (2)
[14062:253552:1008/152418.683608:INFO:CONSOLE:2] "버튼 119: [object Object]", source: https://feblog.pstatic.net/real/pc/2025.10.01/js/vendor.6794114dd270eb42c37c.js (2)
[14062:253552:1008/152418.683651:INFO:CONSOLE:2] "버튼 120: [object Object]", source: https://feblog.pstatic.net/real/pc/2025.10.01/js/vendor.6794114dd270eb42c37c.js (2)
[14062:253552:1008/152418.683706:INFO:CONSOLE:2] "1단계: 정확한 선택자로 시도...", source: https://feblog.pstatic.net/real/pc/2025.10.01/js/vendor.6794114dd270eb42c37c.js (2)
[14062:253552:1008/152418.683798:INFO:CONSOLE:2] "✅ 정확한 선택자로 확인 버튼 클릭: button.se-popup-button-confirm", source: https://feblog.pstatic.net/real/pc/2025.10.01/js/vendor.6794114dd270eb42c37c.js (2)
[14062:253552:1008/152420.943025:INFO:CONSOLE:2] "키보드 입력 차단 해제 완료", source: https://feblog.pstatic.net/real/pc/2025.10.01/js/vendor.6794114dd270eb42c37c.js (2)
[14062:253552:1008/152422.051216:INFO:CONSOLE:2] "Google Maps JavaScript API has been loaded directly without loading=async. This can result in suboptimal performance. For best-practice loading patterns please see https://goo.gle/js-api-loading", source: https://feblog.pstatic.net/real/pc/2025.10.01/js/vendor.6794114dd270eb42c37c.js (2)
[14062:253552:1008/152428.892095:INFO:CONSOLE:2] "추가 버튼 발견, 5번 클릭 시도 시작...", source: https://feblog.pstatic.net/real/pc/2025.10.01/js/vendor.6794114dd270eb42c37c.js (2)
[14062:253552:1008/152428.892478:INFO:CONSOLE:2] "1번째 클릭 시도...", source: https://feblog.pstatic.net/real/pc/2025.10.01/js/vendor.6794114dd270eb42c37c.js (2)
[14062:253552:1008/152429.895000:INFO:CONSOLE:2] "2번째 클릭 시도...", source: https://feblog.pstatic.net/real/pc/2025.10.01/js/vendor.6794114dd270eb42c37c.js (2)
[14062:253552:1008/152430.894736:INFO:CONSOLE:2] "3번째 클릭 시도...", source: https://feblog.pstatic.net/real/pc/2025.10.01/js/vendor.6794114dd270eb42c37c.js (2)
[14062:253552:1008/152431.894676:INFO:CONSOLE:2] "4번째 클릭 시도...", source: https://feblog.pstatic.net/real/pc/2025.10.01/js/vendor.6794114dd270eb42c37c.js (2)
[14062:253552:1008/152432.895214:INFO:CONSOLE:2] "5번째 클릭 시도...", source: https://feblog.pstatic.net/real/pc/2025.10.01/js/vendor.6794114dd270eb42c37c.js (2)
[14062:253552:1008/152433.912312:INFO:CONSOLE:2] "정확한 선택자로 확인 버튼 발견", source: https://feblog.pstatic.net/real/pc/2025.10.01/js/vendor.6794114dd270eb42c37c.js (2)
[14062:253552:1008/152524.415276:INFO:CONSOLE:2] "=== 최종 발행 버튼 찾기 시작 ===", source: https://feblog.pstatic.net/real/pc/2025.10.01/js/vendor.6794114dd270eb42c37c.js (2)
[14062:253552:1008/152524.415413:INFO:CONSOLE:2] "🎯 data-testid로 발행 버튼 찾기...", source: https://feblog.pstatic.net/real/pc/2025.10.01/js/vendor.6794114dd270eb42c37c.js (2)
[14062:253552:1008/152524.415527:INFO:CONSOLE:2] "🎯 confirm_btn 클래스로 발행 버튼 찾기...", source: https://feblog.pstatic.net/real/pc/2025.10.01/js/vendor.6794114dd270eb42c37c.js (2)
[14062:253552:1008/152524.415797:INFO:CONSOLE:2] "✅ confirm_btn으로 발행 버튼 발견: [object Object]", source: https://feblog.pstatic.net/real/pc/2025.10.01/js/vendor.6794114dd270eb42c37c.js (2)
[14062:253552:1008/152524.439195:INFO:CONSOLE:2] "✅ confirm_btn 발행 버튼 클릭 완료", source: https://feblog.pstatic.net/real/pc/2025.10.01/js/vendor.6794114dd270eb42c37c.js (2)
[14062:253552:1008/152525.580705:INFO:CONSOLE:275] "Google Maps JavaScript API has been loaded directly without loading=async. This can result in suboptimal performance. For best-practice loading patterns please see https://goo.gle/js-api-loading", source: https://maps.google.co.kr/maps/api/js?v=3&client=gme-nhncorp&language=ko&channel=naver_blog (275)
[14062:253552:1008/154342.790104:INFO:CONSOLE:2] "클립보드 읽기 권한 상태: granted", source: https://feblog.pstatic.net/real/pc/2025.10.01/js/vendor.6794114dd270eb42c37c.js (2)
[14062:253552:1008/154346.230997:INFO:CONSOLE:2] "클립보드 읽기 권한 상태: granted", source: https://feblog.pstatic.net/real/pc/2025.10.01/js/vendor.6794114dd270eb42c37c.js (2)
[14062:253552:1008/154350.058777:INFO:CONSOLE:2] "클립보드 읽기 권한 상태: granted", source: https://feblog.pstatic.net/real/pc/2025.10.01/js/vendor.6794114dd270eb42c37c.js (2)
[14062:253552:1008/154353.576092:INFO:CONSOLE:2] "클립보드 읽기 권한 상태: granted", source: https://feblog.pstatic.net/real/pc/2025.10.01/js/vendor.6794114dd270eb42c37c.js (2)
[14062:253552:1008/154355.763444:INFO:CONSOLE:2] "클립보드 읽기 권한 상태: granted", source: https://feblog.pstatic.net/real/pc/2025.10.01/js/vendor.6794114dd270eb42c37c.js (2)
[14062:253552:1008/154357.754369:INFO:CONSOLE:2] "클립보드 읽기 권한 상태: granted", source: https://feblog.pstatic.net/real/pc/2025.10.01/js/vendor.6794114dd270eb42c37c.js (2)
[14062:253552:1008/154359.736070:INFO:CONSOLE:2] "클립보드 읽기 권한 상태: granted", source: https://feblog.pstatic.net/real/pc/2025.10.01/js/vendor.6794114dd270eb42c37c.js (2)
[14062:253552:1008/154400.263024:INFO:CONSOLE:1] "File chooser dialog can only be shown with a user activation.", source: https://editor-static.pstatic.net/e/basic.desktop/1.69.0/se-editor.js?t=1755855480440 (1)
[14062:253552:1008/154401.719358:INFO:CONSOLE:2] "클립보드 읽기 권한 상태: granted", source: https://feblog.pstatic.net/real/pc/2025.10.01/js/vendor.6794114dd270eb42c37c.js (2)
[14062:253552:1008/154402.241856:INFO:CONSOLE:1] "File chooser dialog can only be shown with a user activation.", source: https://editor-static.pstatic.net/e/basic.desktop/1.69.0/se-editor.js?t=1755855480440 (1)
[14062:253552:1008/154403.695631:INFO:CONSOLE:2] "클립보드 읽기 권한 상태: granted", source: https://feblog.pstatic.net/real/pc/2025.10.01/js/vendor.6794114dd270eb42c37c.js (2)
[14062:253552:1008/154404.220326:INFO:CONSOLE:1] "File chooser dialog can only be shown with a user activation.", source: https://editor-static.pstatic.net/e/basic.desktop/1.69.0/se-editor.js?t=1755855480440 (1)
[14062:253552:1008/154405.666740:INFO:CONSOLE:2] "클립보드 읽기 권한 상태: granted", source: https://feblog.pstatic.net/real/pc/2025.10.01/js/vendor.6794114dd270eb42c37c.js (2)
[14062:253552:1008/154406.188239:INFO:CONSOLE:1] "File chooser dialog can only be shown with a user activation.", source: https://editor-static.pstatic.net/e/basic.desktop/1.69.0/se-editor.js?t=1755855480440 (1)
[14062:253552:1008/154416.425184:INFO:CONSOLE:2] "키보드 입력 차단 및 포커스 정리 완료", source: https://feblog.pstatic.net/real/pc/2025.10.01/js/vendor.6794114dd270eb42c37c.js (2)
[14062:253552:1008/154421.505369:INFO:CONSOLE:2] "=== 최강화된 확인 버튼 찾기 시작 ===", source: https://feblog.pstatic.net/real/pc/2025.10.01/js/vendor.6794114dd270eb42c37c.js (2)
[14062:253552:1008/154421.505549:INFO:CONSOLE:2] "현재 페이지의 모든 버튼 상황:", source: https://feblog.pstatic.net/real/pc/2025.10.01/js/vendor.6794114dd270eb42c37c.js (2)
[14062:253552:1008/154421.506040:INFO:CONSOLE:2] "버튼 1: [object Object]", source: https://feblog.pstatic.net/real/pc/2025.10.01/js/vendor.6794114dd270eb42c37c.js (2)
[14062:253552:1008/154421.506257:INFO:CONSOLE:2] "버튼 2: [object Object]", source: https://feblog.pstatic.net/real/pc/2025.10.01/js/vendor.6794114dd270eb42c37c.js (2)
[14062:253552:1008/154421.506389:INFO:CONSOLE:2] "버튼 3: [object Object]", source: https://feblog.pstatic.net/real/pc/2025.10.01/js/vendor.6794114dd270eb42c37c.js (2)
[14062:253552:1008/154421.506501:INFO:CONSOLE:2] "버튼 4: [object Object]", source: https://feblog.pstatic.net/real/pc/2025.10.01/js/vendor.6794114dd270eb42c37c.js (2)
[14062:253552:1008/154421.506620:INFO:CONSOLE:2] "버튼 5: [object Object]", source: https://feblog.pstatic.net/real/pc/2025.10.01/js/vendor.6794114dd270eb42c37c.js (2)
[14062:253552:1008/154421.506740:INFO:CONSOLE:2] "버튼 6: [object Object]", source: https://feblog.pstatic.net/real/pc/2025.10.01/js/vendor.6794114dd270eb42c37c.js (2)
[14062:253552:1008/154421.506862:INFO:CONSOLE:2] "버튼 7: [object Object]", source: https://feblog.pstatic.net/real/pc/2025.10.01/js/vendor.6794114dd270eb42c37c.js (2)
[14062:253552:1008/154421.506971:INFO:CONSOLE:2] "버튼 8: [object Object]", source: https://feblog.pstatic.net/real/pc/2025.10.01/js/vendor.6794114dd270eb42c37c.js (2)
[14062:253552:1008/154421.507125:INFO:CONSOLE:2] "버튼 9: [object Object]", source: https://feblog.pstatic.net/real/pc/2025.10.01/js/vendor.6794114dd270eb42c37c.js (2)
[14062:253552:1008/154421.507292:INFO:CONSOLE:2] "버튼 10: [object Object]", source: https://feblog.pstatic.net/real/pc/2025.10.01/js/vendor.6794114dd270eb42c37c.js (2)
[14062:253552:1008/154421.507463:INFO:CONSOLE:2] "버튼 11: [object Object]", source: https://feblog.pstatic.net/real/pc/2025.10.01/js/vendor.6794114dd270eb42c37c.js (2)
[14062:253552:1008/154421.507654:INFO:CONSOLE:2] "버튼 12: [object Object]", source: https://feblog.pstatic.net/real/pc/2025.10.01/js/vendor.6794114dd270eb42c37c.js (2)
[14062:253552:1008/154421.507831:INFO:CONSOLE:2] "버튼 13: [object Object]", source: https://feblog.pstatic.net/real/pc/2025.10.01/js/vendor.6794114dd270eb42c37c.js (2)
[14062:253552:1008/154421.507936:INFO:CONSOLE:2] "버튼 14: [object Object]", source: https://feblog.pstatic.net/real/pc/2025.10.01/js/vendor.6794114dd270eb42c37c.js (2)
[14062:253552:1008/154421.508027:INFO:CONSOLE:2] "버튼 15: [object Object]", source: https://feblog.pstatic.net/real/pc/2025.10.01/js/vendor.6794114dd270eb42c37c.js (2)
[14062:253552:1008/154421.508224:INFO:CONSOLE:2] "버튼 16: [object Object]", source: https://feblog.pstatic.net/real/pc/2025.10.01/js/vendor.6794114dd270eb42c37c.js (2)
[14062:253552:1008/154421.508534:INFO:CONSOLE:2] "버튼 17: [object Object]", source: https://feblog.pstatic.net/real/pc/2025.10.01/js/vendor.6794114dd270eb42c37c.js (2)
[14062:253552:1008/154421.508670:INFO:CONSOLE:2] "버튼 18: [object Object]", source: https://feblog.pstatic.net/real/pc/2025.10.01/js/vendor.6794114dd270eb42c37c.js (2)
[14062:253552:1008/154421.508764:INFO:CONSOLE:2] "버튼 19: [object Object]", source: https://feblog.pstatic.net/real/pc/2025.10.01/js/vendor.6794114dd270eb42c37c.js (2)
[14062:253552:1008/154421.508870:INFO:CONSOLE:2] "버튼 20: [object Object]", source: https://feblog.pstatic.net/real/pc/2025.10.01/js/vendor.6794114dd270eb42c37c.js (2)
[14062:253552:1008/154421.508972:INFO:CONSOLE:2] "버튼 21: [object Object]", source: https://feblog.pstatic.net/real/pc/2025.10.01/js/vendor.6794114dd270eb42c37c.js (2)
[14062:253552:1008/154421.509069:INFO:CONSOLE:2] "버튼 22: [object Object]", source: https://feblog.pstatic.net/real/pc/2025.10.01/js/vendor.6794114dd270eb42c37c.js (2)
[14062:253552:1008/154421.509171:INFO:CONSOLE:2] "버튼 23: [object Object]", source: https://feblog.pstatic.net/real/pc/2025.10.01/js/vendor.6794114dd270eb42c37c.js (2)
[14062:253552:1008/154421.509254:INFO:CONSOLE:2] "버튼 24: [object Object]", source: https://feblog.pstatic.net/real/pc/2025.10.01/js/vendor.6794114dd270eb42c37c.js (2)
[14062:253552:1008/154421.509369:INFO:CONSOLE:2] "버튼 25: [object Object]", source: https://feblog.pstatic.net/real/pc/2025.10.01/js/vendor.6794114dd270eb42c37c.js (2)
[14062:253552:1008/154421.509439:INFO:CONSOLE:2] "버튼 26: [object Object]", source: https://feblog.pstatic.net/real/pc/2025.10.01/js/vendor.6794114dd270eb42c37c.js (2)
[14062:253552:1008/154421.509529:INFO:CONSOLE:2] "버튼 27: [object Object]", source: https://feblog.pstatic.net/real/pc/2025.10.01/js/vendor.6794114dd270eb42c37c.js (2)
[14062:253552:1008/154421.509607:INFO:CONSOLE:2] "버튼 28: [object Object]", source: https://feblog.pstatic.net/real/pc/2025.10.01/js/vendor.6794114dd270eb42c37c.js (2)
[14062:253552:1008/154421.509692:INFO:CONSOLE:2] "버튼 29: [object Object]", source: https://feblog.pstatic.net/real/pc/2025.10.01/js/vendor.6794114dd270eb42c37c.js (2)
[14062:253552:1008/154421.509791:INFO:CONSOLE:2] "버튼 30: [object Object]", source: https://feblog.pstatic.net/real/pc/2025.10.01/js/vendor.6794114dd270eb42c37c.js (2)
[14062:253552:1008/154421.509902:INFO:CONSOLE:2] "버튼 31: [object Object]", source: https://feblog.pstatic.net/real/pc/2025.10.01/js/vendor.6794114dd270eb42c37c.js (2)
[14062:253552:1008/154421.509964:INFO:CONSOLE:2] "버튼 32: [object Object]", source: https://feblog.pstatic.net/real/pc/2025.10.01/js/vendor.6794114dd270eb42c37c.js (2)
[14062:253552:1008/154421.510059:INFO:CONSOLE:2] "버튼 33: [object Object]", source: https://feblog.pstatic.net/real/pc/2025.10.01/js/vendor.6794114dd270eb42c37c.js (2)
[14062:253552:1008/154421.510165:INFO:CONSOLE:2] "버튼 34: [object Object]", source: https://feblog.pstatic.net/real/pc/2025.10.01/js/vendor.6794114dd270eb42c37c.js (2)
[14062:253552:1008/154421.510235:INFO:CONSOLE:2] "버튼 35: [object Object]", source: https://feblog.pstatic.net/real/pc/2025.10.01/js/vendor.6794114dd270eb42c37c.js (2)
[14062:253552:1008/154421.510343:INFO:CONSOLE:2] "버튼 36: [object Object]", source: https://feblog.pstatic.net/real/pc/2025.10.01/js/vendor.6794114dd270eb42c37c.js (2)
[14062:253552:1008/154421.510447:INFO:CONSOLE:2] "버튼 37: [object Object]", source: https://feblog.pstatic.net/real/pc/2025.10.01/js/vendor.6794114dd270eb42c37c.js (2)
[14062:253552:1008/154421.510518:INFO:CONSOLE:2] "버튼 38: [object Object]", source: https://feblog.pstatic.net/real/pc/2025.10.01/js/vendor.6794114dd270eb42c37c.js (2)
[14062:253552:1008/154421.510614:INFO:CONSOLE:2] "버튼 39: [object Object]", source: https://feblog.pstatic.net/real/pc/2025.10.01/js/vendor.6794114dd270eb42c37c.js (2)
[14062:253552:1008/154421.510720:INFO:CONSOLE:2] "버튼 40: [object Object]", source: https://feblog.pstatic.net/real/pc/2025.10.01/js/vendor.6794114dd270eb42c37c.js (2)
[14062:253552:1008/154421.510812:INFO:CONSOLE:2] "버튼 41: [object Object]", source: https://feblog.pstatic.net/real/pc/2025.10.01/js/vendor.6794114dd270eb42c37c.js (2)
[14062:253552:1008/154421.510905:INFO:CONSOLE:2] "버튼 42: [object Object]", source: https://feblog.pstatic.net/real/pc/2025.10.01/js/vendor.6794114dd270eb42c37c.js (2)
[14062:253552:1008/154421.510988:INFO:CONSOLE:2] "버튼 43: [object Object]", source: https://feblog.pstatic.net/real/pc/2025.10.01/js/vendor.6794114dd270eb42c37c.js (2)
[14062:253552:1008/154421.511125:INFO:CONSOLE:2] "버튼 45: [object Object]", source: https://feblog.pstatic.net/real/pc/2025.10.01/js/vendor.6794114dd270eb42c37c.js (2)
[14062:253552:1008/154421.511199:INFO:CONSOLE:2] "버튼 47: [object Object]", source: https://feblog.pstatic.net/real/pc/2025.10.01/js/vendor.6794114dd270eb42c37c.js (2)
[14062:253552:1008/154421.511268:INFO:CONSOLE:2] "버튼 51: [object Object]", source: https://feblog.pstatic.net/real/pc/2025.10.01/js/vendor.6794114dd270eb42c37c.js (2)
[14062:253552:1008/154421.511349:INFO:CONSOLE:2] "버튼 55: [object Object]", source: https://feblog.pstatic.net/real/pc/2025.10.01/js/vendor.6794114dd270eb42c37c.js (2)
[14062:253552:1008/154421.511447:INFO:CONSOLE:2] "버튼 58: [object Object]", source: https://feblog.pstatic.net/real/pc/2025.10.01/js/vendor.6794114dd270eb42c37c.js (2)
[14062:253552:1008/154421.511615:INFO:CONSOLE:2] "버튼 59: [object Object]", source: https://feblog.pstatic.net/real/pc/2025.10.01/js/vendor.6794114dd270eb42c37c.js (2)
[14062:253552:1008/154421.511668:INFO:CONSOLE:2] "버튼 61: [object Object]", source: https://feblog.pstatic.net/real/pc/2025.10.01/js/vendor.6794114dd270eb42c37c.js (2)
[14062:253552:1008/154421.511721:INFO:CONSOLE:2] "버튼 62: [object Object]", source: https://feblog.pstatic.net/real/pc/2025.10.01/js/vendor.6794114dd270eb42c37c.js (2)
[14062:253552:1008/154421.511806:INFO:CONSOLE:2] "버튼 64: [object Object]", source: https://feblog.pstatic.net/real/pc/2025.10.01/js/vendor.6794114dd270eb42c37c.js (2)
[14062:253552:1008/154421.511908:INFO:CONSOLE:2] "버튼 65: [object Object]", source: https://feblog.pstatic.net/real/pc/2025.10.01/js/vendor.6794114dd270eb42c37c.js (2)
[14062:253552:1008/154421.511983:INFO:CONSOLE:2] "버튼 67: [object Object]", source: https://feblog.pstatic.net/real/pc/2025.10.01/js/vendor.6794114dd270eb42c37c.js (2)
[14062:253552:1008/154421.512091:INFO:CONSOLE:2] "버튼 68: [object Object]", source: https://feblog.pstatic.net/real/pc/2025.10.01/js/vendor.6794114dd270eb42c37c.js (2)
[14062:253552:1008/154421.512151:INFO:CONSOLE:2] "버튼 70: [object Object]", source: https://feblog.pstatic.net/real/pc/2025.10.01/js/vendor.6794114dd270eb42c37c.js (2)
[14062:253552:1008/154421.512213:INFO:CONSOLE:2] "버튼 71: [object Object]", source: https://feblog.pstatic.net/real/pc/2025.10.01/js/vendor.6794114dd270eb42c37c.js (2)
[14062:253552:1008/154421.512305:INFO:CONSOLE:2] "버튼 73: [object Object]", source: https://feblog.pstatic.net/real/pc/2025.10.01/js/vendor.6794114dd270eb42c37c.js (2)
[14062:253552:1008/154421.512392:INFO:CONSOLE:2] "버튼 74: [object Object]", source: https://feblog.pstatic.net/real/pc/2025.10.01/js/vendor.6794114dd270eb42c37c.js (2)
[14062:253552:1008/154421.512475:INFO:CONSOLE:2] "버튼 77: [object Object]", source: https://feblog.pstatic.net/real/pc/2025.10.01/js/vendor.6794114dd270eb42c37c.js (2)
[14062:253552:1008/154421.512610:INFO:CONSOLE:2] "버튼 97: [object Object]", source: https://feblog.pstatic.net/real/pc/2025.10.01/js/vendor.6794114dd270eb42c37c.js (2)
[14062:253552:1008/154421.512710:INFO:CONSOLE:2] "버튼 98: [object Object]", source: https://feblog.pstatic.net/real/pc/2025.10.01/js/vendor.6794114dd270eb42c37c.js (2)
[14062:253552:1008/154421.512782:INFO:CONSOLE:2] "버튼 99: [object Object]", source: https://feblog.pstatic.net/real/pc/2025.10.01/js/vendor.6794114dd270eb42c37c.js (2)
[14062:253552:1008/154421.512892:INFO:CONSOLE:2] "버튼 100: [object Object]", source: https://feblog.pstatic.net/real/pc/2025.10.01/js/vendor.6794114dd270eb42c37c.js (2)
[14062:253552:1008/154421.512980:INFO:CONSOLE:2] "버튼 101: [object Object]", source: https://feblog.pstatic.net/real/pc/2025.10.01/js/vendor.6794114dd270eb42c37c.js (2)
[14062:253552:1008/154421.513079:INFO:CONSOLE:2] "버튼 102: [object Object]", source: https://feblog.pstatic.net/real/pc/2025.10.01/js/vendor.6794114dd270eb42c37c.js (2)
[14062:253552:1008/154421.513191:INFO:CONSOLE:2] "버튼 103: [object Object]", source: https://feblog.pstatic.net/real/pc/2025.10.01/js/vendor.6794114dd270eb42c37c.js (2)
[14062:253552:1008/154421.513280:INFO:CONSOLE:2] "버튼 104: [object Object]", source: https://feblog.pstatic.net/real/pc/2025.10.01/js/vendor.6794114dd270eb42c37c.js (2)
[14062:253552:1008/154421.513342:INFO:CONSOLE:2] "버튼 105: [object Object]", source: https://feblog.pstatic.net/real/pc/2025.10.01/js/vendor.6794114dd270eb42c37c.js (2)
[14062:253552:1008/154421.513443:INFO:CONSOLE:2] "버튼 106: [object Object]", source: https://feblog.pstatic.net/real/pc/2025.10.01/js/vendor.6794114dd270eb42c37c.js (2)
[14062:253552:1008/154421.513523:INFO:CONSOLE:2] "버튼 107: [object Object]", source: https://feblog.pstatic.net/real/pc/2025.10.01/js/vendor.6794114dd270eb42c37c.js (2)
[14062:253552:1008/154421.513603:INFO:CONSOLE:2] "버튼 108: [object Object]", source: https://feblog.pstatic.net/real/pc/2025.10.01/js/vendor.6794114dd270eb42c37c.js (2)
[14062:253552:1008/154421.513705:INFO:CONSOLE:2] "버튼 109: [object Object]", source: https://feblog.pstatic.net/real/pc/2025.10.01/js/vendor.6794114dd270eb42c37c.js (2)
[14062:253552:1008/154421.513776:INFO:CONSOLE:2] "버튼 110: [object Object]", source: https://feblog.pstatic.net/real/pc/2025.10.01/js/vendor.6794114dd270eb42c37c.js (2)
[14062:253552:1008/154421.513872:INFO:CONSOLE:2] "버튼 111: [object Object]", source: https://feblog.pstatic.net/real/pc/2025.10.01/js/vendor.6794114dd270eb42c37c.js (2)
[14062:253552:1008/154421.513945:INFO:CONSOLE:2] "버튼 112: [object Object]", source: https://feblog.pstatic.net/real/pc/2025.10.01/js/vendor.6794114dd270eb42c37c.js (2)
[14062:253552:1008/154421.514029:INFO:CONSOLE:2] "버튼 113: [object Object]", source: https://feblog.pstatic.net/real/pc/2025.10.01/js/vendor.6794114dd270eb42c37c.js (2)
[14062:253552:1008/154421.514098:INFO:CONSOLE:2] "버튼 114: [object Object]", source: https://feblog.pstatic.net/real/pc/2025.10.01/js/vendor.6794114dd270eb42c37c.js (2)
[14062:253552:1008/154421.514173:INFO:CONSOLE:2] "버튼 115: [object Object]", source: https://feblog.pstatic.net/real/pc/2025.10.01/js/vendor.6794114dd270eb42c37c.js (2)
[14062:253552:1008/154421.514227:INFO:CONSOLE:2] "버튼 116: [object Object]", source: https://feblog.pstatic.net/real/pc/2025.10.01/js/vendor.6794114dd270eb42c37c.js (2)
[14062:253552:1008/154421.514302:INFO:CONSOLE:2] "버튼 117: [object Object]", source: https://feblog.pstatic.net/real/pc/2025.10.01/js/vendor.6794114dd270eb42c37c.js (2)
[14062:253552:1008/154421.514376:INFO:CONSOLE:2] "버튼 118: [object Object]", source: https://feblog.pstatic.net/real/pc/2025.10.01/js/vendor.6794114dd270eb42c37c.js (2)
[14062:253552:1008/154421.514458:INFO:CONSOLE:2] "버튼 119: [object Object]", source: https://feblog.pstatic.net/real/pc/2025.10.01/js/vendor.6794114dd270eb42c37c.js (2)
[14062:253552:1008/154421.514533:INFO:CONSOLE:2] "버튼 120: [object Object]", source: https://feblog.pstatic.net/real/pc/2025.10.01/js/vendor.6794114dd270eb42c37c.js (2)
[14062:253552:1008/154421.514604:INFO:CONSOLE:2] "버튼 121: [object Object]", source: https://feblog.pstatic.net/real/pc/2025.10.01/js/vendor.6794114dd270eb42c37c.js (2)
[14062:253552:1008/154421.514674:INFO:CONSOLE:2] "버튼 122: [object Object]", source: https://feblog.pstatic.net/real/pc/2025.10.01/js/vendor.6794114dd270eb42c37c.js (2)
[14062:253552:1008/154421.514724:INFO:CONSOLE:2] "버튼 123: [object Object]", source: https://feblog.pstatic.net/real/pc/2025.10.01/js/vendor.6794114dd270eb42c37c.js (2)
[14062:253552:1008/154421.514808:INFO:CONSOLE:2] "버튼 124: [object Object]", source: https://feblog.pstatic.net/real/pc/2025.10.01/js/vendor.6794114dd270eb42c37c.js (2)
[14062:253552:1008/154421.514867:INFO:CONSOLE:2] "1단계: 정확한 선택자로 시도...", source: https://feblog.pstatic.net/real/pc/2025.10.01/js/vendor.6794114dd270eb42c37c.js (2)
[14062:253552:1008/154421.514987:INFO:CONSOLE:2] "✅ 정확한 선택자로 확인 버튼 클릭: button.se-popup-button-confirm", source: https://feblog.pstatic.net/real/pc/2025.10.01/js/vendor.6794114dd270eb42c37c.js (2)
[14062:253552:1008/154423.765825:INFO:CONSOLE:2] "키보드 입력 차단 해제 완료", source: https://feblog.pstatic.net/real/pc/2025.10.01/js/vendor.6794114dd270eb42c37c.js (2)
[14062:253552:1008/154424.910369:INFO:CONSOLE:2] "Google Maps JavaScript API has been loaded directly without loading=async. This can result in suboptimal performance. For best-practice loading patterns please see https://goo.gle/js-api-loading", source: https://feblog.pstatic.net/real/pc/2025.10.01/js/vendor.6794114dd270eb42c37c.js (2)
[14062:253552:1008/154431.722654:INFO:CONSOLE:2] "추가 버튼 발견, 5번 클릭 시도 시작...", source: https://feblog.pstatic.net/real/pc/2025.10.01/js/vendor.6794114dd270eb42c37c.js (2)
[14062:253552:1008/154431.723164:INFO:CONSOLE:2] "1번째 클릭 시도...", source: https://feblog.pstatic.net/real/pc/2025.10.01/js/vendor.6794114dd270eb42c37c.js (2)
[14062:253552:1008/154432.725167:INFO:CONSOLE:2] "2번째 클릭 시도...", source: https://feblog.pstatic.net/real/pc/2025.10.01/js/vendor.6794114dd270eb42c37c.js (2)
[14062:253552:1008/154433.725039:INFO:CONSOLE:2] "3번째 클릭 시도...", source: https://feblog.pstatic.net/real/pc/2025.10.01/js/vendor.6794114dd270eb42c37c.js (2)
[14062:253552:1008/154434.725250:INFO:CONSOLE:2] "4번째 클릭 시도...", source: https://feblog.pstatic.net/real/pc/2025.10.01/js/vendor.6794114dd270eb42c37c.js (2)
[14062:253552:1008/154435.724700:INFO:CONSOLE:2] "5번째 클릭 시도...", source: https://feblog.pstatic.net/real/pc/2025.10.01/js/vendor.6794114dd270eb42c37c.js (2)
[14062:253552:1008/154436.743276:INFO:CONSOLE:2] "정확한 선택자로 확인 버튼 발견", source: https://feblog.pstatic.net/real/pc/2025.10.01/js/vendor.6794114dd270eb42c37c.js (2)
[14062:253552:1008/154526.996475:INFO:CONSOLE:2] "=== 최종 발행 버튼 찾기 시작 ===", source: https://feblog.pstatic.net/real/pc/2025.10.01/js/vendor.6794114dd270eb42c37c.js (2)
[14062:253552:1008/154526.997023:INFO:CONSOLE:2] "🎯 data-testid로 발행 버튼 찾기...", source: https://feblog.pstatic.net/real/pc/2025.10.01/js/vendor.6794114dd270eb42c37c.js (2)
[14062:253552:1008/154526.997103:INFO:CONSOLE:2] "🎯 confirm_btn 클래스로 발행 버튼 찾기...", source: https://feblog.pstatic.net/real/pc/2025.10.01/js/vendor.6794114dd270eb42c37c.js (2)
[14062:253552:1008/154526.997366:INFO:CONSOLE:2] "✅ confirm_btn으로 발행 버튼 발견: [object Object]", source: https://feblog.pstatic.net/real/pc/2025.10.01/js/vendor.6794114dd270eb42c37c.js (2)
[14062:253552:1008/154527.025802:INFO:CONSOLE:2] "✅ confirm_btn 발행 버튼 클릭 완료", source: https://feblog.pstatic.net/real/pc/2025.10.01/js/vendor.6794114dd270eb42c37c.js (2)
[14062:253552:1008/154528.329251:INFO:CONSOLE:275] "Google Maps JavaScript API has been loaded directly without loading=async. This can result in suboptimal performance. For best-practice loading patterns please see https://goo.gle/js-api-loading", source: https://maps.google.co.kr/maps/api/js?v=3&client=gme-nhncorp&language=ko&channel=naver_blog (275)
[14062:253552:1008/160751.601592:INFO:CONSOLE:2] "클립보드 읽기 권한 상태: granted", source: https://feblog.pstatic.net/real/pc/2025.10.01/js/vendor.6794114dd270eb42c37c.js (2)
[14062:253552:1008/160755.140317:INFO:CONSOLE:2] "클립보드 읽기 권한 상태: granted", source: https://feblog.pstatic.net/real/pc/2025.10.01/js/vendor.6794114dd270eb42c37c.js (2)
[14062:253552:1008/160758.687568:INFO:CONSOLE:2] "클립보드 읽기 권한 상태: granted", source: https://feblog.pstatic.net/real/pc/2025.10.01/js/vendor.6794114dd270eb42c37c.js (2)
[14062:253552:1008/160802.396339:INFO:CONSOLE:2] "클립보드 읽기 권한 상태: granted", source: https://feblog.pstatic.net/real/pc/2025.10.01/js/vendor.6794114dd270eb42c37c.js (2)
[14062:253552:1008/160804.434686:INFO:CONSOLE:2] "클립보드 읽기 권한 상태: granted", source: https://feblog.pstatic.net/real/pc/2025.10.01/js/vendor.6794114dd270eb42c37c.js (2)
[14062:253552:1008/160806.393501:INFO:CONSOLE:2] "클립보드 읽기 권한 상태: granted", source: https://feblog.pstatic.net/real/pc/2025.10.01/js/vendor.6794114dd270eb42c37c.js (2)
[14062:253552:1008/160806.932624:INFO:CONSOLE:1] "File chooser dialog can only be shown with a user activation.", source: https://editor-static.pstatic.net/e/basic.desktop/1.69.0/se-editor.js?t=1755855480440 (1)
[14062:253552:1008/160808.418280:INFO:CONSOLE:2] "클립보드 읽기 권한 상태: granted", source: https://feblog.pstatic.net/real/pc/2025.10.01/js/vendor.6794114dd270eb42c37c.js (2)
[14062:253552:1008/160808.944618:INFO:CONSOLE:1] "File chooser dialog can only be shown with a user activation.", source: https://editor-static.pstatic.net/e/basic.desktop/1.69.0/se-editor.js?t=1755855480440 (1)
[14062:253552:1008/160810.406188:INFO:CONSOLE:2] "클립보드 읽기 권한 상태: granted", source: https://feblog.pstatic.net/real/pc/2025.10.01/js/vendor.6794114dd270eb42c37c.js (2)
[14062:253552:1008/160810.939396:INFO:CONSOLE:1] "File chooser dialog can only be shown with a user activation.", source: https://editor-static.pstatic.net/e/basic.desktop/1.69.0/se-editor.js?t=1755855480440 (1)
[14062:253552:1008/160812.383367:INFO:CONSOLE:2] "클립보드 읽기 권한 상태: granted", source: https://feblog.pstatic.net/real/pc/2025.10.01/js/vendor.6794114dd270eb42c37c.js (2)
[14062:253552:1008/160812.906135:INFO:CONSOLE:1] "File chooser dialog can only be shown with a user activation.", source: https://editor-static.pstatic.net/e/basic.desktop/1.69.0/se-editor.js?t=1755855480440 (1)
[14062:253552:1008/160814.394584:INFO:CONSOLE:2] "클립보드 읽기 권한 상태: granted", source: https://feblog.pstatic.net/real/pc/2025.10.01/js/vendor.6794114dd270eb42c37c.js (2)
[14062:253552:1008/160814.915120:INFO:CONSOLE:1] "File chooser dialog can only be shown with a user activation.", source: https://editor-static.pstatic.net/e/basic.desktop/1.69.0/se-editor.js?t=1755855480440 (1)
[14062:253552:1008/160825.765178:INFO:CONSOLE:2] "키보드 입력 차단 및 포커스 정리 완료", source: https://feblog.pstatic.net/real/pc/2025.10.01/js/vendor.6794114dd270eb42c37c.js (2)
[14062:253552:1008/160830.883346:INFO:CONSOLE:2] "=== 최강화된 확인 버튼 찾기 시작 ===", source: https://feblog.pstatic.net/real/pc/2025.10.01/js/vendor.6794114dd270eb42c37c.js (2)
[14062:253552:1008/160830.884009:INFO:CONSOLE:2] "현재 페이지의 모든 버튼 상황:", source: https://feblog.pstatic.net/real/pc/2025.10.01/js/vendor.6794114dd270eb42c37c.js (2)
[14062:253552:1008/160830.884210:INFO:CONSOLE:2] "버튼 1: [object Object]", source: https://feblog.pstatic.net/real/pc/2025.10.01/js/vendor.6794114dd270eb42c37c.js (2)
[14062:253552:1008/160830.884450:INFO:CONSOLE:2] "버튼 2: [object Object]", source: https://feblog.pstatic.net/real/pc/2025.10.01/js/vendor.6794114dd270eb42c37c.js (2)
[14062:253552:1008/160830.884525:INFO:CONSOLE:2] "버튼 3: [object Object]", source: https://feblog.pstatic.net/real/pc/2025.10.01/js/vendor.6794114dd270eb42c37c.js (2)
[14062:253552:1008/160830.885392:INFO:CONSOLE:2] "버튼 4: [object Object]", source: https://feblog.pstatic.net/real/pc/2025.10.01/js/vendor.6794114dd270eb42c37c.js (2)
[14062:253552:1008/160830.885528:INFO:CONSOLE:2] "버튼 5: [object Object]", source: https://feblog.pstatic.net/real/pc/2025.10.01/js/vendor.6794114dd270eb42c37c.js (2)
[14062:253552:1008/160830.885610:INFO:CONSOLE:2] "버튼 6: [object Object]", source: https://feblog.pstatic.net/real/pc/2025.10.01/js/vendor.6794114dd270eb42c37c.js (2)
[14062:253552:1008/160830.885647:INFO:CONSOLE:2] "버튼 7: [object Object]", source: https://feblog.pstatic.net/real/pc/2025.10.01/js/vendor.6794114dd270eb42c37c.js (2)
[14062:253552:1008/160830.885678:INFO:CONSOLE:2] "버튼 8: [object Object]", source: https://feblog.pstatic.net/real/pc/2025.10.01/js/vendor.6794114dd270eb42c37c.js (2)
[14062:253552:1008/160830.885706:INFO:CONSOLE:2] "버튼 9: [object Object]", source: https://feblog.pstatic.net/real/pc/2025.10.01/js/vendor.6794114dd270eb42c37c.js (2)
[14062:253552:1008/160830.885773:INFO:CONSOLE:2] "버튼 10: [object Object]", source: https://feblog.pstatic.net/real/pc/2025.10.01/js/vendor.6794114dd270eb42c37c.js (2)
[14062:253552:1008/160830.886015:INFO:CONSOLE:2] "버튼 11: [object Object]", source: https://feblog.pstatic.net/real/pc/2025.10.01/js/vendor.6794114dd270eb42c37c.js (2)
[14062:253552:1008/160830.886148:INFO:CONSOLE:2] "버튼 12: [object Object]", source: https://feblog.pstatic.net/real/pc/2025.10.01/js/vendor.6794114dd270eb42c37c.js (2)
[14062:253552:1008/160830.886302:INFO:CONSOLE:2] "버튼 13: [object Object]", source: https://feblog.pstatic.net/real/pc/2025.10.01/js/vendor.6794114dd270eb42c37c.js (2)
[14062:253552:1008/160830.886411:INFO:CONSOLE:2] "버튼 14: [object Object]", source: https://feblog.pstatic.net/real/pc/2025.10.01/js/vendor.6794114dd270eb42c37c.js (2)
[14062:253552:1008/160830.886537:INFO:CONSOLE:2] "버튼 15: [object Object]", source: https://feblog.pstatic.net/real/pc/2025.10.01/js/vendor.6794114dd270eb42c37c.js (2)
[14062:253552:1008/160830.886660:INFO:CONSOLE:2] "버튼 16: [object Object]", source: https://feblog.pstatic.net/real/pc/2025.10.01/js/vendor.6794114dd270eb42c37c.js (2)
[14062:253552:1008/160830.886782:INFO:CONSOLE:2] "버튼 17: [object Object]", source: https://feblog.pstatic.net/real/pc/2025.10.01/js/vendor.6794114dd270eb42c37c.js (2)
[14062:253552:1008/160830.886887:INFO:CONSOLE:2] "버튼 18: [object Object]", source: https://feblog.pstatic.net/real/pc/2025.10.01/js/vendor.6794114dd270eb42c37c.js (2)
[14062:253552:1008/160830.887003:INFO:CONSOLE:2] "버튼 19: [object Object]", source: https://feblog.pstatic.net/real/pc/2025.10.01/js/vendor.6794114dd270eb42c37c.js (2)
[14062:253552:1008/160830.887110:INFO:CONSOLE:2] "버튼 20: [object Object]", source: https://feblog.pstatic.net/real/pc/2025.10.01/js/vendor.6794114dd270eb42c37c.js (2)
[14062:253552:1008/160830.887222:INFO:CONSOLE:2] "버튼 21: [object Object]", source: https://feblog.pstatic.net/real/pc/2025.10.01/js/vendor.6794114dd270eb42c37c.js (2)
[14062:253552:1008/160830.887342:INFO:CONSOLE:2] "버튼 22: [object Object]", source: https://feblog.pstatic.net/real/pc/2025.10.01/js/vendor.6794114dd270eb42c37c.js (2)
[14062:253552:1008/160830.887471:INFO:CONSOLE:2] "버튼 23: [object Object]", source: https://feblog.pstatic.net/real/pc/2025.10.01/js/vendor.6794114dd270eb42c37c.js (2)
[14062:253552:1008/160830.887563:INFO:CONSOLE:2] "버튼 24: [object Object]", source: https://feblog.pstatic.net/real/pc/2025.10.01/js/vendor.6794114dd270eb42c37c.js (2)
[14062:253552:1008/160830.887646:INFO:CONSOLE:2] "버튼 25: [object Object]", source: https://feblog.pstatic.net/real/pc/2025.10.01/js/vendor.6794114dd270eb42c37c.js (2)
[14062:253552:1008/160830.887774:INFO:CONSOLE:2] "버튼 26: [object Object]", source: https://feblog.pstatic.net/real/pc/2025.10.01/js/vendor.6794114dd270eb42c37c.js (2)
[14062:253552:1008/160830.887851:INFO:CONSOLE:2] "버튼 27: [object Object]", source: https://feblog.pstatic.net/real/pc/2025.10.01/js/vendor.6794114dd270eb42c37c.js (2)
[14062:253552:1008/160830.887916:INFO:CONSOLE:2] "버튼 28: [object Object]", source: https://feblog.pstatic.net/real/pc/2025.10.01/js/vendor.6794114dd270eb42c37c.js (2)
[14062:253552:1008/160830.888021:INFO:CONSOLE:2] "버튼 29: [object Object]", source: https://feblog.pstatic.net/real/pc/2025.10.01/js/vendor.6794114dd270eb42c37c.js (2)
[14062:253552:1008/160830.888103:INFO:CONSOLE:2] "버튼 30: [object Object]", source: https://feblog.pstatic.net/real/pc/2025.10.01/js/vendor.6794114dd270eb42c37c.js (2)
[14062:253552:1008/160830.888232:INFO:CONSOLE:2] "버튼 31: [object Object]", source: https://feblog.pstatic.net/real/pc/2025.10.01/js/vendor.6794114dd270eb42c37c.js (2)
[14062:253552:1008/160830.888293:INFO:CONSOLE:2] "버튼 32: [object Object]", source: https://feblog.pstatic.net/real/pc/2025.10.01/js/vendor.6794114dd270eb42c37c.js (2)
[14062:253552:1008/160830.888383:INFO:CONSOLE:2] "버튼 33: [object Object]", source: https://feblog.pstatic.net/real/pc/2025.10.01/js/vendor.6794114dd270eb42c37c.js (2)
[14062:253552:1008/160830.888488:INFO:CONSOLE:2] "버튼 34: [object Object]", source: https://feblog.pstatic.net/real/pc/2025.10.01/js/vendor.6794114dd270eb42c37c.js (2)
[14062:253552:1008/160830.888575:INFO:CONSOLE:2] "버튼 35: [object Object]", source: https://feblog.pstatic.net/real/pc/2025.10.01/js/vendor.6794114dd270eb42c37c.js (2)
[14062:253552:1008/160830.888708:INFO:CONSOLE:2] "버튼 36: [object Object]", source: https://feblog.pstatic.net/real/pc/2025.10.01/js/vendor.6794114dd270eb42c37c.js (2)
[14062:253552:1008/160830.888846:INFO:CONSOLE:2] "버튼 37: [object Object]", source: https://feblog.pstatic.net/real/pc/2025.10.01/js/vendor.6794114dd270eb42c37c.js (2)
[14062:253552:1008/160830.888872:INFO:CONSOLE:2] "버튼 38: [object Object]", source: https://feblog.pstatic.net/real/pc/2025.10.01/js/vendor.6794114dd270eb42c37c.js (2)
[14062:253552:1008/160830.888955:INFO:CONSOLE:2] "버튼 39: [object Object]", source: https://feblog.pstatic.net/real/pc/2025.10.01/js/vendor.6794114dd270eb42c37c.js (2)
[14062:253552:1008/160830.889082:INFO:CONSOLE:2] "버튼 40: [object Object]", source: https://feblog.pstatic.net/real/pc/2025.10.01/js/vendor.6794114dd270eb42c37c.js (2)
[14062:253552:1008/160830.889149:INFO:CONSOLE:2] "버튼 41: [object Object]", source: https://feblog.pstatic.net/real/pc/2025.10.01/js/vendor.6794114dd270eb42c37c.js (2)
[14062:253552:1008/160830.889268:INFO:CONSOLE:2] "버튼 42: [object Object]", source: https://feblog.pstatic.net/real/pc/2025.10.01/js/vendor.6794114dd270eb42c37c.js (2)
[14062:253552:1008/160830.889405:INFO:CONSOLE:2] "버튼 43: [object Object]", source: https://feblog.pstatic.net/real/pc/2025.10.01/js/vendor.6794114dd270eb42c37c.js (2)
[14062:253552:1008/160830.889443:INFO:CONSOLE:2] "버튼 45: [object Object]", source: https://feblog.pstatic.net/real/pc/2025.10.01/js/vendor.6794114dd270eb42c37c.js (2)
[14062:253552:1008/160830.889551:INFO:CONSOLE:2] "버튼 47: [object Object]", source: https://feblog.pstatic.net/real/pc/2025.10.01/js/vendor.6794114dd270eb42c37c.js (2)
[14062:253552:1008/160830.889664:INFO:CONSOLE:2] "버튼 51: [object Object]", source: https://feblog.pstatic.net/real/pc/2025.10.01/js/vendor.6794114dd270eb42c37c.js (2)
[14062:253552:1008/160830.889723:INFO:CONSOLE:2] "버튼 55: [object Object]", source: https://feblog.pstatic.net/real/pc/2025.10.01/js/vendor.6794114dd270eb42c37c.js (2)
[14062:253552:1008/160830.889816:INFO:CONSOLE:2] "버튼 58: [object Object]", source: https://feblog.pstatic.net/real/pc/2025.10.01/js/vendor.6794114dd270eb42c37c.js (2)
[14062:253552:1008/160830.889876:INFO:CONSOLE:2] "버튼 59: [object Object]", source: https://feblog.pstatic.net/real/pc/2025.10.01/js/vendor.6794114dd270eb42c37c.js (2)
[14062:253552:1008/160830.890000:INFO:CONSOLE:2] "버튼 61: [object Object]", source: https://feblog.pstatic.net/real/pc/2025.10.01/js/vendor.6794114dd270eb42c37c.js (2)
[14062:253552:1008/160830.890065:INFO:CONSOLE:2] "버튼 62: [object Object]", source: https://feblog.pstatic.net/real/pc/2025.10.01/js/vendor.6794114dd270eb42c37c.js (2)
[14062:253552:1008/160830.890182:INFO:CONSOLE:2] "버튼 64: [object Object]", source: https://feblog.pstatic.net/real/pc/2025.10.01/js/vendor.6794114dd270eb42c37c.js (2)
[14062:253552:1008/160830.890221:INFO:CONSOLE:2] "버튼 65: [object Object]", source: https://feblog.pstatic.net/real/pc/2025.10.01/js/vendor.6794114dd270eb42c37c.js (2)
[14062:253552:1008/160830.890300:INFO:CONSOLE:2] "버튼 67: [object Object]", source: https://feblog.pstatic.net/real/pc/2025.10.01/js/vendor.6794114dd270eb42c37c.js (2)
[14062:253552:1008/160830.890362:INFO:CONSOLE:2] "버튼 68: [object Object]", source: https://feblog.pstatic.net/real/pc/2025.10.01/js/vendor.6794114dd270eb42c37c.js (2)
[14062:253552:1008/160830.890440:INFO:CONSOLE:2] "버튼 70: [object Object]", source: https://feblog.pstatic.net/real/pc/2025.10.01/js/vendor.6794114dd270eb42c37c.js (2)
[14062:253552:1008/160830.890560:INFO:CONSOLE:2] "버튼 71: [object Object]", source: https://feblog.pstatic.net/real/pc/2025.10.01/js/vendor.6794114dd270eb42c37c.js (2)
[14062:253552:1008/160830.890619:INFO:CONSOLE:2] "버튼 73: [object Object]", source: https://feblog.pstatic.net/real/pc/2025.10.01/js/vendor.6794114dd270eb42c37c.js (2)
[14062:253552:1008/160830.890685:INFO:CONSOLE:2] "버튼 74: [object Object]", source: https://feblog.pstatic.net/real/pc/2025.10.01/js/vendor.6794114dd270eb42c37c.js (2)
[14062:253552:1008/160830.890782:INFO:CONSOLE:2] "버튼 77: [object Object]", source: https://feblog.pstatic.net/real/pc/2025.10.01/js/vendor.6794114dd270eb42c37c.js (2)
[14062:253552:1008/160830.890897:INFO:CONSOLE:2] "버튼 97: [object Object]", source: https://feblog.pstatic.net/real/pc/2025.10.01/js/vendor.6794114dd270eb42c37c.js (2)
[14062:253552:1008/160830.890998:INFO:CONSOLE:2] "버튼 98: [object Object]", source: https://feblog.pstatic.net/real/pc/2025.10.01/js/vendor.6794114dd270eb42c37c.js (2)
[14062:253552:1008/160830.891093:INFO:CONSOLE:2] "버튼 99: [object Object]", source: https://feblog.pstatic.net/real/pc/2025.10.01/js/vendor.6794114dd270eb42c37c.js (2)
[14062:253552:1008/160830.891174:INFO:CONSOLE:2] "버튼 100: [object Object]", source: https://feblog.pstatic.net/real/pc/2025.10.01/js/vendor.6794114dd270eb42c37c.js (2)
[14062:253552:1008/160830.891269:INFO:CONSOLE:2] "버튼 101: [object Object]", source: https://feblog.pstatic.net/real/pc/2025.10.01/js/vendor.6794114dd270eb42c37c.js (2)
[14062:253552:1008/160830.891345:INFO:CONSOLE:2] "버튼 102: [object Object]", source: https://feblog.pstatic.net/real/pc/2025.10.01/js/vendor.6794114dd270eb42c37c.js (2)
[14062:253552:1008/160830.891426:INFO:CONSOLE:2] "버튼 103: [object Object]", source: https://feblog.pstatic.net/real/pc/2025.10.01/js/vendor.6794114dd270eb42c37c.js (2)
[14062:253552:1008/160830.891503:INFO:CONSOLE:2] "버튼 104: [object Object]", source: https://feblog.pstatic.net/real/pc/2025.10.01/js/vendor.6794114dd270eb42c37c.js (2)
[14062:253552:1008/160830.891611:INFO:CONSOLE:2] "버튼 105: [object Object]", source: https://feblog.pstatic.net/real/pc/2025.10.01/js/vendor.6794114dd270eb42c37c.js (2)
[14062:253552:1008/160830.891689:INFO:CONSOLE:2] "버튼 106: [object Object]", source: https://feblog.pstatic.net/real/pc/2025.10.01/js/vendor.6794114dd270eb42c37c.js (2)
[14062:253552:1008/160830.891780:INFO:CONSOLE:2] "버튼 107: [object Object]", source: https://feblog.pstatic.net/real/pc/2025.10.01/js/vendor.6794114dd270eb42c37c.js (2)
[14062:253552:1008/160830.891839:INFO:CONSOLE:2] "버튼 108: [object Object]", source: https://feblog.pstatic.net/real/pc/2025.10.01/js/vendor.6794114dd270eb42c37c.js (2)
[14062:253552:1008/160830.891927:INFO:CONSOLE:2] "버튼 109: [object Object]", source: https://feblog.pstatic.net/real/pc/2025.10.01/js/vendor.6794114dd270eb42c37c.js (2)
[14062:253552:1008/160830.892015:INFO:CONSOLE:2] "버튼 110: [object Object]", source: https://feblog.pstatic.net/real/pc/2025.10.01/js/vendor.6794114dd270eb42c37c.js (2)
[14062:253552:1008/160830.892106:INFO:CONSOLE:2] "버튼 111: [object Object]", source: https://feblog.pstatic.net/real/pc/2025.10.01/js/vendor.6794114dd270eb42c37c.js (2)
[14062:253552:1008/160830.892193:INFO:CONSOLE:2] "버튼 112: [object Object]", source: https://feblog.pstatic.net/real/pc/2025.10.01/js/vendor.6794114dd270eb42c37c.js (2)
[14062:253552:1008/160830.892288:INFO:CONSOLE:2] "버튼 113: [object Object]", source: https://feblog.pstatic.net/real/pc/2025.10.01/js/vendor.6794114dd270eb42c37c.js (2)
[14062:253552:1008/160830.892376:INFO:CONSOLE:2] "버튼 114: [object Object]", source: https://feblog.pstatic.net/real/pc/2025.10.01/js/vendor.6794114dd270eb42c37c.js (2)
[14062:253552:1008/160830.892457:INFO:CONSOLE:2] "버튼 115: [object Object]", source: https://feblog.pstatic.net/real/pc/2025.10.01/js/vendor.6794114dd270eb42c37c.js (2)
[14062:253552:1008/160830.892520:INFO:CONSOLE:2] "버튼 116: [object Object]", source: https://feblog.pstatic.net/real/pc/2025.10.01/js/vendor.6794114dd270eb42c37c.js (2)
[14062:253552:1008/160830.892625:INFO:CONSOLE:2] "버튼 117: [object Object]", source: https://feblog.pstatic.net/real/pc/2025.10.01/js/vendor.6794114dd270eb42c37c.js (2)
[14062:253552:1008/160830.892696:INFO:CONSOLE:2] "버튼 118: [object Object]", source: https://feblog.pstatic.net/real/pc/2025.10.01/js/vendor.6794114dd270eb42c37c.js (2)
[14062:253552:1008/160830.892769:INFO:CONSOLE:2] "버튼 119: [object Object]", source: https://feblog.pstatic.net/real/pc/2025.10.01/js/vendor.6794114dd270eb42c37c.js (2)
[14062:253552:1008/160830.892875:INFO:CONSOLE:2] "버튼 120: [object Object]", source: https://feblog.pstatic.net/real/pc/2025.10.01/js/vendor.6794114dd270eb42c37c.js (2)
[14062:253552:1008/160830.892935:INFO:CONSOLE:2] "버튼 121: [object Object]", source: https://feblog.pstatic.net/real/pc/2025.10.01/js/vendor.6794114dd270eb42c37c.js (2)
[14062:253552:1008/160830.893013:INFO:CONSOLE:2] "버튼 122: [object Object]", source: https://feblog.pstatic.net/real/pc/2025.10.01/js/vendor.6794114dd270eb42c37c.js (2)
[14062:253552:1008/160830.893106:INFO:CONSOLE:2] "버튼 123: [object Object]", source: https://feblog.pstatic.net/real/pc/2025.10.01/js/vendor.6794114dd270eb42c37c.js (2)
[14062:253552:1008/160830.893168:INFO:CONSOLE:2] "버튼 124: [object Object]", source: https://feblog.pstatic.net/real/pc/2025.10.01/js/vendor.6794114dd270eb42c37c.js (2)
[14062:253552:1008/160830.893258:INFO:CONSOLE:2] "1단계: 정확한 선택자로 시도...", source: https://feblog.pstatic.net/real/pc/2025.10.01/js/vendor.6794114dd270eb42c37c.js (2)
[14062:253552:1008/160830.893393:INFO:CONSOLE:2] "✅ 정확한 선택자로 확인 버튼 클릭: button.se-popup-button-confirm", source: https://feblog.pstatic.net/real/pc/2025.10.01/js/vendor.6794114dd270eb42c37c.js (2)
[14062:253552:1008/160833.156077:INFO:CONSOLE:2] "키보드 입력 차단 해제 완료", source: https://feblog.pstatic.net/real/pc/2025.10.01/js/vendor.6794114dd270eb42c37c.js (2)
[14062:253552:1008/160834.321807:INFO:CONSOLE:2] "Google Maps JavaScript API has been loaded directly without loading=async. This can result in suboptimal performance. For best-practice loading patterns please see https://goo.gle/js-api-loading", source: https://feblog.pstatic.net/real/pc/2025.10.01/js/vendor.6794114dd270eb42c37c.js (2)
[14062:253552:1008/160841.172093:INFO:CONSOLE:2] "추가 버튼 발견, 5번 클릭 시도 시작...", source: https://feblog.pstatic.net/real/pc/2025.10.01/js/vendor.6794114dd270eb42c37c.js (2)
[14062:253552:1008/160841.172487:INFO:CONSOLE:2] "1번째 클릭 시도...", source: https://feblog.pstatic.net/real/pc/2025.10.01/js/vendor.6794114dd270eb42c37c.js (2)
[14062:253552:1008/160842.175548:INFO:CONSOLE:2] "2번째 클릭 시도...", source: https://feblog.pstatic.net/real/pc/2025.10.01/js/vendor.6794114dd270eb42c37c.js (2)
[14062:253552:1008/160843.175054:INFO:CONSOLE:2] "3번째 클릭 시도...", source: https://feblog.pstatic.net/real/pc/2025.10.01/js/vendor.6794114dd270eb42c37c.js (2)
[14062:253552:1008/160844.175066:INFO:CONSOLE:2] "4번째 클릭 시도...", source: https://feblog.pstatic.net/real/pc/2025.10.01/js/vendor.6794114dd270eb42c37c.js (2)
[14062:253552:1008/160845.174991:INFO:CONSOLE:2] "5번째 클릭 시도...", source: https://feblog.pstatic.net/real/pc/2025.10.01/js/vendor.6794114dd270eb42c37c.js (2)
[14062:253552:1008/160846.196708:INFO:CONSOLE:2] "정확한 선택자로 확인 버튼 발견", source: https://feblog.pstatic.net/real/pc/2025.10.01/js/vendor.6794114dd270eb42c37c.js (2)
[14062:253552:1008/160936.641328:INFO:CONSOLE:2] "=== 최종 발행 버튼 찾기 시작 ===", source: https://feblog.pstatic.net/real/pc/2025.10.01/js/vendor.6794114dd270eb42c37c.js (2)
[14062:253552:1008/160936.642333:INFO:CONSOLE:2] "🎯 data-testid로 발행 버튼 찾기...", source: https://feblog.pstatic.net/real/pc/2025.10.01/js/vendor.6794114dd270eb42c37c.js (2)
[14062:253552:1008/160936.642375:INFO:CONSOLE:2] "🎯 confirm_btn 클래스로 발행 버튼 찾기...", source: https://feblog.pstatic.net/real/pc/2025.10.01/js/vendor.6794114dd270eb42c37c.js (2)
[14062:253552:1008/160936.642404:INFO:CONSOLE:2] "✅ confirm_btn으로 발행 버튼 발견: [object Object]", source: https://feblog.pstatic.net/real/pc/2025.10.01/js/vendor.6794114dd270eb42c37c.js (2)
[14062:253552:1008/160936.667682:INFO:CONSOLE:2] "✅ confirm_btn 발행 버튼 클릭 완료", source: https://feblog.pstatic.net/real/pc/2025.10.01/js/vendor.6794114dd270eb42c37c.js (2)
[14062:253552:1008/160938.013849:INFO:CONSOLE:275] "Google Maps JavaScript API has been loaded directly without loading=async. This can result in suboptimal performance. For best-practice loading patterns please see https://goo.gle/js-api-loading", source: https://maps.google.co.kr/maps/api/js?v=3&client=gme-nhncorp&language=ko&channel=naver_blog (275)
[14062:253552:1008/163257.589585:INFO:CONSOLE:2] "클립보드 읽기 권한 상태: granted", source: https://feblog.pstatic.net/real/pc/2025.10.01/js/vendor.6794114dd270eb42c37c.js (2)
[14062:253552:1008/163301.182945:INFO:CONSOLE:2] "클립보드 읽기 권한 상태: granted", source: https://feblog.pstatic.net/real/pc/2025.10.01/js/vendor.6794114dd270eb42c37c.js (2)
[14062:253552:1008/163304.637579:INFO:CONSOLE:2] "클립보드 읽기 권한 상태: granted", source: https://feblog.pstatic.net/real/pc/2025.10.01/js/vendor.6794114dd270eb42c37c.js (2)
[14062:253552:1008/163308.372629:INFO:CONSOLE:2] "클립보드 읽기 권한 상태: granted", source: https://feblog.pstatic.net/real/pc/2025.10.01/js/vendor.6794114dd270eb42c37c.js (2)
[14062:253552:1008/163310.594864:INFO:CONSOLE:2] "클립보드 읽기 권한 상태: granted", source: https://feblog.pstatic.net/real/pc/2025.10.01/js/vendor.6794114dd270eb42c37c.js (2)
[14062:253552:1008/163312.561960:INFO:CONSOLE:2] "클립보드 읽기 권한 상태: granted", source: https://feblog.pstatic.net/real/pc/2025.10.01/js/vendor.6794114dd270eb42c37c.js (2)
[14062:253552:1008/163314.523837:INFO:CONSOLE:2] "클립보드 읽기 권한 상태: granted", source: https://feblog.pstatic.net/real/pc/2025.10.01/js/vendor.6794114dd270eb42c37c.js (2)
[14062:253552:1008/163315.060960:INFO:CONSOLE:1] "File chooser dialog can only be shown with a user activation.", source: https://editor-static.pstatic.net/e/basic.desktop/1.69.0/se-editor.js?t=1755855480440 (1)
[14062:253552:1008/163316.521217:INFO:CONSOLE:2] "클립보드 읽기 권한 상태: granted", source: https://feblog.pstatic.net/real/pc/2025.10.01/js/vendor.6794114dd270eb42c37c.js (2)
[14062:253552:1008/163317.046836:INFO:CONSOLE:1] "File chooser dialog can only be shown with a user activation.", source: https://editor-static.pstatic.net/e/basic.desktop/1.69.0/se-editor.js?t=1755855480440 (1)
[14062:253552:1008/163327.904232:INFO:CONSOLE:2] "키보드 입력 차단 및 포커스 정리 완료", source: https://feblog.pstatic.net/real/pc/2025.10.01/js/vendor.6794114dd270eb42c37c.js (2)
[14062:253552:1008/163332.997529:INFO:CONSOLE:2] "=== 최강화된 확인 버튼 찾기 시작 ===", source: https://feblog.pstatic.net/real/pc/2025.10.01/js/vendor.6794114dd270eb42c37c.js (2)
[14062:253552:1008/163332.997599:INFO:CONSOLE:2] "현재 페이지의 모든 버튼 상황:", source: https://feblog.pstatic.net/real/pc/2025.10.01/js/vendor.6794114dd270eb42c37c.js (2)
[14062:253552:1008/163332.997941:INFO:CONSOLE:2] "버튼 1: [object Object]", source: https://feblog.pstatic.net/real/pc/2025.10.01/js/vendor.6794114dd270eb42c37c.js (2)
[14062:253552:1008/163332.998079:INFO:CONSOLE:2] "버튼 2: [object Object]", source: https://feblog.pstatic.net/real/pc/2025.10.01/js/vendor.6794114dd270eb42c37c.js (2)
[14062:253552:1008/163332.998206:INFO:CONSOLE:2] "버튼 3: [object Object]", source: https://feblog.pstatic.net/real/pc/2025.10.01/js/vendor.6794114dd270eb42c37c.js (2)
[14062:253552:1008/163332.998298:INFO:CONSOLE:2] "버튼 4: [object Object]", source: https://feblog.pstatic.net/real/pc/2025.10.01/js/vendor.6794114dd270eb42c37c.js (2)
[14062:253552:1008/163332.998382:INFO:CONSOLE:2] "버튼 5: [object Object]", source: https://feblog.pstatic.net/real/pc/2025.10.01/js/vendor.6794114dd270eb42c37c.js (2)
[14062:253552:1008/163332.998468:INFO:CONSOLE:2] "버튼 6: [object Object]", source: https://feblog.pstatic.net/real/pc/2025.10.01/js/vendor.6794114dd270eb42c37c.js (2)
[14062:253552:1008/163332.998578:INFO:CONSOLE:2] "버튼 7: [object Object]", source: https://feblog.pstatic.net/real/pc/2025.10.01/js/vendor.6794114dd270eb42c37c.js (2)
[14062:253552:1008/163332.998660:INFO:CONSOLE:2] "버튼 8: [object Object]", source: https://feblog.pstatic.net/real/pc/2025.10.01/js/vendor.6794114dd270eb42c37c.js (2)
[14062:253552:1008/163332.998761:INFO:CONSOLE:2] "버튼 9: [object Object]", source: https://feblog.pstatic.net/real/pc/2025.10.01/js/vendor.6794114dd270eb42c37c.js (2)
[14062:253552:1008/163332.998850:INFO:CONSOLE:2] "버튼 10: [object Object]", source: https://feblog.pstatic.net/real/pc/2025.10.01/js/vendor.6794114dd270eb42c37c.js (2)
[14062:253552:1008/163332.998911:INFO:CONSOLE:2] "버튼 11: [object Object]", source: https://feblog.pstatic.net/real/pc/2025.10.01/js/vendor.6794114dd270eb42c37c.js (2)
[14062:253552:1008/163332.999000:INFO:CONSOLE:2] "버튼 12: [object Object]", source: https://feblog.pstatic.net/real/pc/2025.10.01/js/vendor.6794114dd270eb42c37c.js (2)
[14062:253552:1008/163332.999080:INFO:CONSOLE:2] "버튼 13: [object Object]", source: https://feblog.pstatic.net/real/pc/2025.10.01/js/vendor.6794114dd270eb42c37c.js (2)
[14062:253552:1008/163332.999185:INFO:CONSOLE:2] "버튼 14: [object Object]", source: https://feblog.pstatic.net/real/pc/2025.10.01/js/vendor.6794114dd270eb42c37c.js (2)
[14062:253552:1008/163332.999264:INFO:CONSOLE:2] "버튼 15: [object Object]", source: https://feblog.pstatic.net/real/pc/2025.10.01/js/vendor.6794114dd270eb42c37c.js (2)
[14062:253552:1008/163332.999348:INFO:CONSOLE:2] "버튼 16: [object Object]", source: https://feblog.pstatic.net/real/pc/2025.10.01/js/vendor.6794114dd270eb42c37c.js (2)
[14062:253552:1008/163332.999422:INFO:CONSOLE:2] "버튼 17: [object Object]", source: https://feblog.pstatic.net/real/pc/2025.10.01/js/vendor.6794114dd270eb42c37c.js (2)
[14062:253552:1008/163332.999495:INFO:CONSOLE:2] "버튼 18: [object Object]", source: https://feblog.pstatic.net/real/pc/2025.10.01/js/vendor.6794114dd270eb42c37c.js (2)
[14062:253552:1008/163332.999579:INFO:CONSOLE:2] "버튼 19: [object Object]", source: https://feblog.pstatic.net/real/pc/2025.10.01/js/vendor.6794114dd270eb42c37c.js (2)
[14062:253552:1008/163332.999655:INFO:CONSOLE:2] "버튼 20: [object Object]", source: https://feblog.pstatic.net/real/pc/2025.10.01/js/vendor.6794114dd270eb42c37c.js (2)
[14062:253552:1008/163332.999732:INFO:CONSOLE:2] "버튼 21: [object Object]", source: https://feblog.pstatic.net/real/pc/2025.10.01/js/vendor.6794114dd270eb42c37c.js (2)
[14062:253552:1008/163332.999812:INFO:CONSOLE:2] "버튼 22: [object Object]", source: https://feblog.pstatic.net/real/pc/2025.10.01/js/vendor.6794114dd270eb42c37c.js (2)
[14062:253552:1008/163332.999884:INFO:CONSOLE:2] "버튼 23: [object Object]", source: https://feblog.pstatic.net/real/pc/2025.10.01/js/vendor.6794114dd270eb42c37c.js (2)
[14062:253552:1008/163332.999968:INFO:CONSOLE:2] "버튼 24: [object Object]", source: https://feblog.pstatic.net/real/pc/2025.10.01/js/vendor.6794114dd270eb42c37c.js (2)
[14062:253552:1008/163333.000058:INFO:CONSOLE:2] "버튼 25: [object Object]", source: https://feblog.pstatic.net/real/pc/2025.10.01/js/vendor.6794114dd270eb42c37c.js (2)
[14062:253552:1008/163333.000126:INFO:CONSOLE:2] "버튼 26: [object Object]", source: https://feblog.pstatic.net/real/pc/2025.10.01/js/vendor.6794114dd270eb42c37c.js (2)
[14062:253552:1008/163333.000200:INFO:CONSOLE:2] "버튼 27: [object Object]", source: https://feblog.pstatic.net/real/pc/2025.10.01/js/vendor.6794114dd270eb42c37c.js (2)
[14062:253552:1008/163333.000295:INFO:CONSOLE:2] "버튼 28: [object Object]", source: https://feblog.pstatic.net/real/pc/2025.10.01/js/vendor.6794114dd270eb42c37c.js (2)
[14062:253552:1008/163333.000348:INFO:CONSOLE:2] "버튼 29: [object Object]", source: https://feblog.pstatic.net/real/pc/2025.10.01/js/vendor.6794114dd270eb42c37c.js (2)
[14062:253552:1008/163333.000436:INFO:CONSOLE:2] "버튼 30: [object Object]", source: https://feblog.pstatic.net/real/pc/2025.10.01/js/vendor.6794114dd270eb42c37c.js (2)
[14062:253552:1008/163333.000503:INFO:CONSOLE:2] "버튼 31: [object Object]", source: https://feblog.pstatic.net/real/pc/2025.10.01/js/vendor.6794114dd270eb42c37c.js (2)
[14062:253552:1008/163333.000568:INFO:CONSOLE:2] "버튼 32: [object Object]", source: https://feblog.pstatic.net/real/pc/2025.10.01/js/vendor.6794114dd270eb42c37c.js (2)
[14062:253552:1008/163333.000640:INFO:CONSOLE:2] "버튼 33: [object Object]", source: https://feblog.pstatic.net/real/pc/2025.10.01/js/vendor.6794114dd270eb42c37c.js (2)
[14062:253552:1008/163333.000709:INFO:CONSOLE:2] "버튼 34: [object Object]", source: https://feblog.pstatic.net/real/pc/2025.10.01/js/vendor.6794114dd270eb42c37c.js (2)
[14062:253552:1008/163333.000787:INFO:CONSOLE:2] "버튼 35: [object Object]", source: https://feblog.pstatic.net/real/pc/2025.10.01/js/vendor.6794114dd270eb42c37c.js (2)
[14062:253552:1008/163333.000858:INFO:CONSOLE:2] "버튼 36: [object Object]", source: https://feblog.pstatic.net/real/pc/2025.10.01/js/vendor.6794114dd270eb42c37c.js (2)
[14062:253552:1008/163333.000935:INFO:CONSOLE:2] "버튼 37: [object Object]", source: https://feblog.pstatic.net/real/pc/2025.10.01/js/vendor.6794114dd270eb42c37c.js (2)
[14062:253552:1008/163333.001009:INFO:CONSOLE:2] "버튼 38: [object Object]", source: https://feblog.pstatic.net/real/pc/2025.10.01/js/vendor.6794114dd270eb42c37c.js (2)
[14062:253552:1008/163333.001082:INFO:CONSOLE:2] "버튼 39: [object Object]", source: https://feblog.pstatic.net/real/pc/2025.10.01/js/vendor.6794114dd270eb42c37c.js (2)
[14062:253552:1008/163333.001138:INFO:CONSOLE:2] "버튼 40: [object Object]", source: https://feblog.pstatic.net/real/pc/2025.10.01/js/vendor.6794114dd270eb42c37c.js (2)
[14062:253552:1008/163333.001208:INFO:CONSOLE:2] "버튼 41: [object Object]", source: https://feblog.pstatic.net/real/pc/2025.10.01/js/vendor.6794114dd270eb42c37c.js (2)
[14062:253552:1008/163333.001279:INFO:CONSOLE:2] "버튼 42: [object Object]", source: https://feblog.pstatic.net/real/pc/2025.10.01/js/vendor.6794114dd270eb42c37c.js (2)
[14062:253552:1008/163333.001350:INFO:CONSOLE:2] "버튼 43: [object Object]", source: https://feblog.pstatic.net/real/pc/2025.10.01/js/vendor.6794114dd270eb42c37c.js (2)
[14062:253552:1008/163333.001422:INFO:CONSOLE:2] "버튼 45: [object Object]", source: https://feblog.pstatic.net/real/pc/2025.10.01/js/vendor.6794114dd270eb42c37c.js (2)
[14062:253552:1008/163333.001486:INFO:CONSOLE:2] "버튼 47: [object Object]", source: https://feblog.pstatic.net/real/pc/2025.10.01/js/vendor.6794114dd270eb42c37c.js (2)
[14062:253552:1008/163333.001568:INFO:CONSOLE:2] "버튼 51: [object Object]", source: https://feblog.pstatic.net/real/pc/2025.10.01/js/vendor.6794114dd270eb42c37c.js (2)
[14062:253552:1008/163333.001640:INFO:CONSOLE:2] "버튼 55: [object Object]", source: https://feblog.pstatic.net/real/pc/2025.10.01/js/vendor.6794114dd270eb42c37c.js (2)
[14062:253552:1008/163333.001718:INFO:CONSOLE:2] "버튼 59: [object Object]", source: https://feblog.pstatic.net/real/pc/2025.10.01/js/vendor.6794114dd270eb42c37c.js (2)
[14062:253552:1008/163333.001796:INFO:CONSOLE:2] "버튼 60: [object Object]", source: https://feblog.pstatic.net/real/pc/2025.10.01/js/vendor.6794114dd270eb42c37c.js (2)
[14062:253552:1008/163333.001858:INFO:CONSOLE:2] "버튼 63: [object Object]", source: https://feblog.pstatic.net/real/pc/2025.10.01/js/vendor.6794114dd270eb42c37c.js (2)
[14062:253552:1008/163333.001909:INFO:CONSOLE:2] "버튼 64: [object Object]", source: https://feblog.pstatic.net/real/pc/2025.10.01/js/vendor.6794114dd270eb42c37c.js (2)
[14062:253552:1008/163333.001972:INFO:CONSOLE:2] "버튼 67: [object Object]", source: https://feblog.pstatic.net/real/pc/2025.10.01/js/vendor.6794114dd270eb42c37c.js (2)
[14062:253552:1008/163333.002047:INFO:CONSOLE:2] "버튼 68: [object Object]", source: https://feblog.pstatic.net/real/pc/2025.10.01/js/vendor.6794114dd270eb42c37c.js (2)
[14062:253552:1008/163333.002101:INFO:CONSOLE:2] "버튼 71: [object Object]", source: https://feblog.pstatic.net/real/pc/2025.10.01/js/vendor.6794114dd270eb42c37c.js (2)
[14062:253552:1008/163333.002157:INFO:CONSOLE:2] "버튼 72: [object Object]", source: https://feblog.pstatic.net/real/pc/2025.10.01/js/vendor.6794114dd270eb42c37c.js (2)
[14062:253552:1008/163333.002213:INFO:CONSOLE:2] "버튼 75: [object Object]", source: https://feblog.pstatic.net/real/pc/2025.10.01/js/vendor.6794114dd270eb42c37c.js (2)
[14062:253552:1008/163333.002291:INFO:CONSOLE:2] "버튼 95: [object Object]", source: https://feblog.pstatic.net/real/pc/2025.10.01/js/vendor.6794114dd270eb42c37c.js (2)
[14062:253552:1008/163333.002337:INFO:CONSOLE:2] "버튼 96: [object Object]", source: https://feblog.pstatic.net/real/pc/2025.10.01/js/vendor.6794114dd270eb42c37c.js (2)
[14062:253552:1008/163333.002409:INFO:CONSOLE:2] "버튼 97: [object Object]", source: https://feblog.pstatic.net/real/pc/2025.10.01/js/vendor.6794114dd270eb42c37c.js (2)
[14062:253552:1008/163333.002465:INFO:CONSOLE:2] "버튼 98: [object Object]", source: https://feblog.pstatic.net/real/pc/2025.10.01/js/vendor.6794114dd270eb42c37c.js (2)
[14062:253552:1008/163333.002539:INFO:CONSOLE:2] "버튼 99: [object Object]", source: https://feblog.pstatic.net/real/pc/2025.10.01/js/vendor.6794114dd270eb42c37c.js (2)
[14062:253552:1008/163333.002577:INFO:CONSOLE:2] "버튼 100: [object Object]", source: https://feblog.pstatic.net/real/pc/2025.10.01/js/vendor.6794114dd270eb42c37c.js (2)
[14062:253552:1008/163333.002628:INFO:CONSOLE:2] "버튼 101: [object Object]", source: https://feblog.pstatic.net/real/pc/2025.10.01/js/vendor.6794114dd270eb42c37c.js (2)
[14062:253552:1008/163333.002689:INFO:CONSOLE:2] "버튼 102: [object Object]", source: https://feblog.pstatic.net/real/pc/2025.10.01/js/vendor.6794114dd270eb42c37c.js (2)
[14062:253552:1008/163333.002748:INFO:CONSOLE:2] "버튼 103: [object Object]", source: https://feblog.pstatic.net/real/pc/2025.10.01/js/vendor.6794114dd270eb42c37c.js (2)
[14062:253552:1008/163333.002802:INFO:CONSOLE:2] "버튼 104: [object Object]", source: https://feblog.pstatic.net/real/pc/2025.10.01/js/vendor.6794114dd270eb42c37c.js (2)
[14062:253552:1008/163333.002855:INFO:CONSOLE:2] "버튼 105: [object Object]", source: https://feblog.pstatic.net/real/pc/2025.10.01/js/vendor.6794114dd270eb42c37c.js (2)
[14062:253552:1008/163333.002931:INFO:CONSOLE:2] "버튼 106: [object Object]", source: https://feblog.pstatic.net/real/pc/2025.10.01/js/vendor.6794114dd270eb42c37c.js (2)
[14062:253552:1008/163333.002981:INFO:CONSOLE:2] "버튼 107: [object Object]", source: https://feblog.pstatic.net/real/pc/2025.10.01/js/vendor.6794114dd270eb42c37c.js (2)
[14062:253552:1008/163333.003037:INFO:CONSOLE:2] "버튼 108: [object Object]", source: https://feblog.pstatic.net/real/pc/2025.10.01/js/vendor.6794114dd270eb42c37c.js (2)
[14062:253552:1008/163333.003103:INFO:CONSOLE:2] "버튼 109: [object Object]", source: https://feblog.pstatic.net/real/pc/2025.10.01/js/vendor.6794114dd270eb42c37c.js (2)
[14062:253552:1008/163333.003177:INFO:CONSOLE:2] "버튼 110: [object Object]", source: https://feblog.pstatic.net/real/pc/2025.10.01/js/vendor.6794114dd270eb42c37c.js (2)
[14062:253552:1008/163333.003241:INFO:CONSOLE:2] "버튼 111: [object Object]", source: https://feblog.pstatic.net/real/pc/2025.10.01/js/vendor.6794114dd270eb42c37c.js (2)
[14062:253552:1008/163333.003355:INFO:CONSOLE:2] "버튼 112: [object Object]", source: https://feblog.pstatic.net/real/pc/2025.10.01/js/vendor.6794114dd270eb42c37c.js (2)
[14062:253552:1008/163333.003371:INFO:CONSOLE:2] "버튼 113: [object Object]", source: https://feblog.pstatic.net/real/pc/2025.10.01/js/vendor.6794114dd270eb42c37c.js (2)
[14062:253552:1008/163333.003473:INFO:CONSOLE:2] "버튼 114: [object Object]", source: https://feblog.pstatic.net/real/pc/2025.10.01/js/vendor.6794114dd270eb42c37c.js (2)
[14062:253552:1008/163333.003515:INFO:CONSOLE:2] "버튼 115: [object Object]", source: https://feblog.pstatic.net/real/pc/2025.10.01/js/vendor.6794114dd270eb42c37c.js (2)
[14062:253552:1008/163333.003529:INFO:CONSOLE:2] "버튼 116: [object Object]", source: https://feblog.pstatic.net/real/pc/2025.10.01/js/vendor.6794114dd270eb42c37c.js (2)
[14062:253552:1008/163333.003579:INFO:CONSOLE:2] "버튼 117: [object Object]", source: https://feblog.pstatic.net/real/pc/2025.10.01/js/vendor.6794114dd270eb42c37c.js (2)
[14062:253552:1008/163333.003640:INFO:CONSOLE:2] "버튼 118: [object Object]", source: https://feblog.pstatic.net/real/pc/2025.10.01/js/vendor.6794114dd270eb42c37c.js (2)
[14062:253552:1008/163333.003686:INFO:CONSOLE:2] "버튼 119: [object Object]", source: https://feblog.pstatic.net/real/pc/2025.10.01/js/vendor.6794114dd270eb42c37c.js (2)
[14062:253552:1008/163333.003770:INFO:CONSOLE:2] "버튼 120: [object Object]", source: https://feblog.pstatic.net/real/pc/2025.10.01/js/vendor.6794114dd270eb42c37c.js (2)
[14062:253552:1008/163333.003819:INFO:CONSOLE:2] "1단계: 정확한 선택자로 시도...", source: https://feblog.pstatic.net/real/pc/2025.10.01/js/vendor.6794114dd270eb42c37c.js (2)
[14062:253552:1008/163333.003897:INFO:CONSOLE:2] "✅ 정확한 선택자로 확인 버튼 클릭: button.se-popup-button-confirm", source: https://feblog.pstatic.net/real/pc/2025.10.01/js/vendor.6794114dd270eb42c37c.js (2)
[14062:253552:1008/163335.285397:INFO:CONSOLE:2] "키보드 입력 차단 해제 완료", source: https://feblog.pstatic.net/real/pc/2025.10.01/js/vendor.6794114dd270eb42c37c.js (2)
[14062:253552:1008/163336.424055:INFO:CONSOLE:2] "Google Maps JavaScript API has been loaded directly without loading=async. This can result in suboptimal performance. For best-practice loading patterns please see https://goo.gle/js-api-loading", source: https://feblog.pstatic.net/real/pc/2025.10.01/js/vendor.6794114dd270eb42c37c.js (2)
[14062:253552:1008/163343.279629:INFO:CONSOLE:2] "추가 버튼 발견, 5번 클릭 시도 시작...", source: https://feblog.pstatic.net/real/pc/2025.10.01/js/vendor.6794114dd270eb42c37c.js (2)
[14062:253552:1008/163343.280104:INFO:CONSOLE:2] "1번째 클릭 시도...", source: https://feblog.pstatic.net/real/pc/2025.10.01/js/vendor.6794114dd270eb42c37c.js (2)
[14062:253552:1008/163344.283484:INFO:CONSOLE:2] "2번째 클릭 시도...", source: https://feblog.pstatic.net/real/pc/2025.10.01/js/vendor.6794114dd270eb42c37c.js (2)
[14062:253552:1008/163345.284182:INFO:CONSOLE:2] "3번째 클릭 시도...", source: https://feblog.pstatic.net/real/pc/2025.10.01/js/vendor.6794114dd270eb42c37c.js (2)
[14062:253552:1008/163346.284930:INFO:CONSOLE:2] "4번째 클릭 시도...", source: https://feblog.pstatic.net/real/pc/2025.10.01/js/vendor.6794114dd270eb42c37c.js (2)
[14062:253552:1008/163347.284557:INFO:CONSOLE:2] "5번째 클릭 시도...", source: https://feblog.pstatic.net/real/pc/2025.10.01/js/vendor.6794114dd270eb42c37c.js (2)
[14062:253552:1008/163348.309493:INFO:CONSOLE:2] "정확한 선택자로 확인 버튼 발견", source: https://feblog.pstatic.net/real/pc/2025.10.01/js/vendor.6794114dd270eb42c37c.js (2)
[14062:253552:1008/163438.853690:INFO:CONSOLE:2] "=== 최종 발행 버튼 찾기 시작 ===", source: https://feblog.pstatic.net/real/pc/2025.10.01/js/vendor.6794114dd270eb42c37c.js (2)
[14062:253552:1008/163438.854697:INFO:CONSOLE:2] "🎯 data-testid로 발행 버튼 찾기...", source: https://feblog.pstatic.net/real/pc/2025.10.01/js/vendor.6794114dd270eb42c37c.js (2)
[14062:253552:1008/163438.854797:INFO:CONSOLE:2] "🎯 confirm_btn 클래스로 발행 버튼 찾기...", source: https://feblog.pstatic.net/real/pc/2025.10.01/js/vendor.6794114dd270eb42c37c.js (2)
[14062:253552:1008/163438.854831:INFO:CONSOLE:2] "✅ confirm_btn으로 발행 버튼 발견: [object Object]", source: https://feblog.pstatic.net/real/pc/2025.10.01/js/vendor.6794114dd270eb42c37c.js (2)
[14062:253552:1008/163438.880973:INFO:CONSOLE:2] "✅ confirm_btn 발행 버튼 클릭 완료", source: https://feblog.pstatic.net/real/pc/2025.10.01/js/vendor.6794114dd270eb42c37c.js (2)
[14062:253552:1008/163440.120559:INFO:CONSOLE:275] "Google Maps JavaScript API has been loaded directly without loading=async. This can result in suboptimal performance. For best-practice loading patterns please see https://goo.gle/js-api-loading", source: https://maps.google.co.kr/maps/api/js?v=3&client=gme-nhncorp&language=ko&channel=naver_blog (275)
[14062:253552:1008/165802.866697:INFO:CONSOLE:2] "클립보드 읽기 권한 상태: granted", source: https://feblog.pstatic.net/real/pc/2025.10.01/js/vendor.6794114dd270eb42c37c.js (2)
[14062:253552:1008/165806.486324:INFO:CONSOLE:2] "클립보드 읽기 권한 상태: granted", source: https://feblog.pstatic.net/real/pc/2025.10.01/js/vendor.6794114dd270eb42c37c.js (2)
[14062:253552:1008/165809.979156:INFO:CONSOLE:2] "클립보드 읽기 권한 상태: granted", source: https://feblog.pstatic.net/real/pc/2025.10.01/js/vendor.6794114dd270eb42c37c.js (2)
[14062:253552:1008/165813.167593:INFO:CONSOLE:2] "클립보드 읽기 권한 상태: granted", source: https://feblog.pstatic.net/real/pc/2025.10.01/js/vendor.6794114dd270eb42c37c.js (2)
[14062:253552:1008/165815.149086:INFO:CONSOLE:2] "클립보드 읽기 권한 상태: granted", source: https://feblog.pstatic.net/real/pc/2025.10.01/js/vendor.6794114dd270eb42c37c.js (2)
[14062:253552:1008/165817.123874:INFO:CONSOLE:2] "클립보드 읽기 권한 상태: granted", source: https://feblog.pstatic.net/real/pc/2025.10.01/js/vendor.6794114dd270eb42c37c.js (2)
[14062:253552:1008/165817.659211:INFO:CONSOLE:1] "File chooser dialog can only be shown with a user activation.", source: https://editor-static.pstatic.net/e/basic.desktop/1.69.0/se-editor.js?t=1755855480440 (1)
[14062:253552:1008/165819.119481:INFO:CONSOLE:2] "클립보드 읽기 권한 상태: granted", source: https://feblog.pstatic.net/real/pc/2025.10.01/js/vendor.6794114dd270eb42c37c.js (2)
[14062:253552:1008/165819.645451:INFO:CONSOLE:1] "File chooser dialog can only be shown with a user activation.", source: https://editor-static.pstatic.net/e/basic.desktop/1.69.0/se-editor.js?t=1755855480440 (1)
[14062:253552:1008/165821.106365:INFO:CONSOLE:2] "클립보드 읽기 권한 상태: granted", source: https://feblog.pstatic.net/real/pc/2025.10.01/js/vendor.6794114dd270eb42c37c.js (2)
[14062:253552:1008/165821.630857:INFO:CONSOLE:1] "File chooser dialog can only be shown with a user activation.", source: https://editor-static.pstatic.net/e/basic.desktop/1.69.0/se-editor.js?t=1755855480440 (1)
[14062:253552:1008/165832.317500:INFO:CONSOLE:2] "키보드 입력 차단 및 포커스 정리 완료", source: https://feblog.pstatic.net/real/pc/2025.10.01/js/vendor.6794114dd270eb42c37c.js (2)
[14062:253552:1008/165837.397170:INFO:CONSOLE:2] "=== 최강화된 확인 버튼 찾기 시작 ===", source: https://feblog.pstatic.net/real/pc/2025.10.01/js/vendor.6794114dd270eb42c37c.js (2)
[14062:253552:1008/165837.397383:INFO:CONSOLE:2] "현재 페이지의 모든 버튼 상황:", source: https://feblog.pstatic.net/real/pc/2025.10.01/js/vendor.6794114dd270eb42c37c.js (2)
[14062:253552:1008/165837.397932:INFO:CONSOLE:2] "버튼 1: [object Object]", source: https://feblog.pstatic.net/real/pc/2025.10.01/js/vendor.6794114dd270eb42c37c.js (2)
[14062:253552:1008/165837.398190:INFO:CONSOLE:2] "버튼 2: [object Object]", source: https://feblog.pstatic.net/real/pc/2025.10.01/js/vendor.6794114dd270eb42c37c.js (2)
[14062:253552:1008/165837.398387:INFO:CONSOLE:2] "버튼 3: [object Object]", source: https://feblog.pstatic.net/real/pc/2025.10.01/js/vendor.6794114dd270eb42c37c.js (2)
[14062:253552:1008/165837.398518:INFO:CONSOLE:2] "버튼 4: [object Object]", source: https://feblog.pstatic.net/real/pc/2025.10.01/js/vendor.6794114dd270eb42c37c.js (2)
[14062:253552:1008/165837.398640:INFO:CONSOLE:2] "버튼 5: [object Object]", source: https://feblog.pstatic.net/real/pc/2025.10.01/js/vendor.6794114dd270eb42c37c.js (2)
[14062:253552:1008/165837.398797:INFO:CONSOLE:2] "버튼 6: [object Object]", source: https://feblog.pstatic.net/real/pc/2025.10.01/js/vendor.6794114dd270eb42c37c.js (2)
[14062:253552:1008/165837.398980:INFO:CONSOLE:2] "버튼 7: [object Object]", source: https://feblog.pstatic.net/real/pc/2025.10.01/js/vendor.6794114dd270eb42c37c.js (2)
[14062:253552:1008/165837.399102:INFO:CONSOLE:2] "버튼 8: [object Object]", source: https://feblog.pstatic.net/real/pc/2025.10.01/js/vendor.6794114dd270eb42c37c.js (2)
[14062:253552:1008/165837.399349:INFO:CONSOLE:2] "버튼 9: [object Object]", source: https://feblog.pstatic.net/real/pc/2025.10.01/js/vendor.6794114dd270eb42c37c.js (2)
[14062:253552:1008/165837.399396:INFO:CONSOLE:2] "버튼 10: [object Object]", source: https://feblog.pstatic.net/real/pc/2025.10.01/js/vendor.6794114dd270eb42c37c.js (2)
[14062:253552:1008/165837.399505:INFO:CONSOLE:2] "버튼 11: [object Object]", source: https://feblog.pstatic.net/real/pc/2025.10.01/js/vendor.6794114dd270eb42c37c.js (2)
[14062:253552:1008/165837.399609:INFO:CONSOLE:2] "버튼 12: [object Object]", source: https://feblog.pstatic.net/real/pc/2025.10.01/js/vendor.6794114dd270eb42c37c.js (2)
[14062:253552:1008/165837.399723:INFO:CONSOLE:2] "버튼 13: [object Object]", source: https://feblog.pstatic.net/real/pc/2025.10.01/js/vendor.6794114dd270eb42c37c.js (2)
[14062:253552:1008/165837.399811:INFO:CONSOLE:2] "버튼 14: [object Object]", source: https://feblog.pstatic.net/real/pc/2025.10.01/js/vendor.6794114dd270eb42c37c.js (2)
[14062:253552:1008/165837.399954:INFO:CONSOLE:2] "버튼 15: [object Object]", source: https://feblog.pstatic.net/real/pc/2025.10.01/js/vendor.6794114dd270eb42c37c.js (2)
[14062:253552:1008/165837.400115:INFO:CONSOLE:2] "버튼 16: [object Object]", source: https://feblog.pstatic.net/real/pc/2025.10.01/js/vendor.6794114dd270eb42c37c.js (2)
[14062:253552:1008/165837.400230:INFO:CONSOLE:2] "버튼 17: [object Object]", source: https://feblog.pstatic.net/real/pc/2025.10.01/js/vendor.6794114dd270eb42c37c.js (2)
[14062:253552:1008/165837.400399:INFO:CONSOLE:2] "버튼 18: [object Object]", source: https://feblog.pstatic.net/real/pc/2025.10.01/js/vendor.6794114dd270eb42c37c.js (2)
[14062:253552:1008/165837.400518:INFO:CONSOLE:2] "버튼 19: [object Object]", source: https://feblog.pstatic.net/real/pc/2025.10.01/js/vendor.6794114dd270eb42c37c.js (2)
[14062:253552:1008/165837.400619:INFO:CONSOLE:2] "버튼 20: [object Object]", source: https://feblog.pstatic.net/real/pc/2025.10.01/js/vendor.6794114dd270eb42c37c.js (2)
[14062:253552:1008/165837.400713:INFO:CONSOLE:2] "버튼 21: [object Object]", source: https://feblog.pstatic.net/real/pc/2025.10.01/js/vendor.6794114dd270eb42c37c.js (2)
[14062:253552:1008/165837.400829:INFO:CONSOLE:2] "버튼 22: [object Object]", source: https://feblog.pstatic.net/real/pc/2025.10.01/js/vendor.6794114dd270eb42c37c.js (2)
[14062:253552:1008/165837.400926:INFO:CONSOLE:2] "버튼 23: [object Object]", source: https://feblog.pstatic.net/real/pc/2025.10.01/js/vendor.6794114dd270eb42c37c.js (2)
[14062:253552:1008/165837.401015:INFO:CONSOLE:2] "버튼 24: [object Object]", source: https://feblog.pstatic.net/real/pc/2025.10.01/js/vendor.6794114dd270eb42c37c.js (2)
[14062:253552:1008/165837.401115:INFO:CONSOLE:2] "버튼 25: [object Object]", source: https://feblog.pstatic.net/real/pc/2025.10.01/js/vendor.6794114dd270eb42c37c.js (2)
[14062:253552:1008/165837.401211:INFO:CONSOLE:2] "버튼 26: [object Object]", source: https://feblog.pstatic.net/real/pc/2025.10.01/js/vendor.6794114dd270eb42c37c.js (2)
[14062:253552:1008/165837.401454:INFO:CONSOLE:2] "버튼 27: [object Object]", source: https://feblog.pstatic.net/real/pc/2025.10.01/js/vendor.6794114dd270eb42c37c.js (2)
[14062:253552:1008/165837.401724:INFO:CONSOLE:2] "버튼 28: [object Object]", source: https://feblog.pstatic.net/real/pc/2025.10.01/js/vendor.6794114dd270eb42c37c.js (2)
[14062:253552:1008/165837.401870:INFO:CONSOLE:2] "버튼 29: [object Object]", source: https://feblog.pstatic.net/real/pc/2025.10.01/js/vendor.6794114dd270eb42c37c.js (2)
[14062:253552:1008/165837.401970:INFO:CONSOLE:2] "버튼 30: [object Object]", source: https://feblog.pstatic.net/real/pc/2025.10.01/js/vendor.6794114dd270eb42c37c.js (2)
[14062:253552:1008/165837.402085:INFO:CONSOLE:2] "버튼 31: [object Object]", source: https://feblog.pstatic.net/real/pc/2025.10.01/js/vendor.6794114dd270eb42c37c.js (2)
[14062:253552:1008/165837.402177:INFO:CONSOLE:2] "버튼 32: [object Object]", source: https://feblog.pstatic.net/real/pc/2025.10.01/js/vendor.6794114dd270eb42c37c.js (2)
[14062:253552:1008/165837.402259:INFO:CONSOLE:2] "버튼 33: [object Object]", source: https://feblog.pstatic.net/real/pc/2025.10.01/js/vendor.6794114dd270eb42c37c.js (2)
[14062:253552:1008/165837.402349:INFO:CONSOLE:2] "버튼 34: [object Object]", source: https://feblog.pstatic.net/real/pc/2025.10.01/js/vendor.6794114dd270eb42c37c.js (2)
[14062:253552:1008/165837.402463:INFO:CONSOLE:2] "버튼 35: [object Object]", source: https://feblog.pstatic.net/real/pc/2025.10.01/js/vendor.6794114dd270eb42c37c.js (2)
[14062:253552:1008/165837.402556:INFO:CONSOLE:2] "버튼 36: [object Object]", source: https://feblog.pstatic.net/real/pc/2025.10.01/js/vendor.6794114dd270eb42c37c.js (2)
[14062:253552:1008/165837.402647:INFO:CONSOLE:2] "버튼 37: [object Object]", source: https://feblog.pstatic.net/real/pc/2025.10.01/js/vendor.6794114dd270eb42c37c.js (2)
[14062:253552:1008/165837.402726:INFO:CONSOLE:2] "버튼 38: [object Object]", source: https://feblog.pstatic.net/real/pc/2025.10.01/js/vendor.6794114dd270eb42c37c.js (2)
[14062:253552:1008/165837.402830:INFO:CONSOLE:2] "버튼 39: [object Object]", source: https://feblog.pstatic.net/real/pc/2025.10.01/js/vendor.6794114dd270eb42c37c.js (2)
[14062:253552:1008/165837.402912:INFO:CONSOLE:2] "버튼 40: [object Object]", source: https://feblog.pstatic.net/real/pc/2025.10.01/js/vendor.6794114dd270eb42c37c.js (2)
[14062:253552:1008/165837.403001:INFO:CONSOLE:2] "버튼 41: [object Object]", source: https://feblog.pstatic.net/real/pc/2025.10.01/js/vendor.6794114dd270eb42c37c.js (2)
[14062:253552:1008/165837.403106:INFO:CONSOLE:2] "버튼 42: [object Object]", source: https://feblog.pstatic.net/real/pc/2025.10.01/js/vendor.6794114dd270eb42c37c.js (2)
[14062:253552:1008/165837.403181:INFO:CONSOLE:2] "버튼 43: [object Object]", source: https://feblog.pstatic.net/real/pc/2025.10.01/js/vendor.6794114dd270eb42c37c.js (2)
[14062:253552:1008/165837.403285:INFO:CONSOLE:2] "버튼 45: [object Object]", source: https://feblog.pstatic.net/real/pc/2025.10.01/js/vendor.6794114dd270eb42c37c.js (2)
[14062:253552:1008/165837.403379:INFO:CONSOLE:2] "버튼 47: [object Object]", source: https://feblog.pstatic.net/real/pc/2025.10.01/js/vendor.6794114dd270eb42c37c.js (2)
[14062:253552:1008/165837.403496:INFO:CONSOLE:2] "버튼 51: [object Object]", source: https://feblog.pstatic.net/real/pc/2025.10.01/js/vendor.6794114dd270eb42c37c.js (2)
[14062:253552:1008/165837.403589:INFO:CONSOLE:2] "버튼 55: [object Object]", source: https://feblog.pstatic.net/real/pc/2025.10.01/js/vendor.6794114dd270eb42c37c.js (2)
[14062:253552:1008/165837.403686:INFO:CONSOLE:2] "버튼 59: [object Object]", source: https://feblog.pstatic.net/real/pc/2025.10.01/js/vendor.6794114dd270eb42c37c.js (2)
[14062:253552:1008/165837.403789:INFO:CONSOLE:2] "버튼 60: [object Object]", source: https://feblog.pstatic.net/real/pc/2025.10.01/js/vendor.6794114dd270eb42c37c.js (2)
[14062:253552:1008/165837.403897:INFO:CONSOLE:2] "버튼 63: [object Object]", source: https://feblog.pstatic.net/real/pc/2025.10.01/js/vendor.6794114dd270eb42c37c.js (2)
[14062:253552:1008/165837.403977:INFO:CONSOLE:2] "버튼 64: [object Object]", source: https://feblog.pstatic.net/real/pc/2025.10.01/js/vendor.6794114dd270eb42c37c.js (2)
[14062:253552:1008/165837.404087:INFO:CONSOLE:2] "버튼 67: [object Object]", source: https://feblog.pstatic.net/real/pc/2025.10.01/js/vendor.6794114dd270eb42c37c.js (2)
[14062:253552:1008/165837.404209:INFO:CONSOLE:2] "버튼 68: [object Object]", source: https://feblog.pstatic.net/real/pc/2025.10.01/js/vendor.6794114dd270eb42c37c.js (2)
[14062:253552:1008/165837.404302:INFO:CONSOLE:2] "버튼 71: [object Object]", source: https://feblog.pstatic.net/real/pc/2025.10.01/js/vendor.6794114dd270eb42c37c.js (2)
[14062:253552:1008/165837.404366:INFO:CONSOLE:2] "버튼 72: [object Object]", source: https://feblog.pstatic.net/real/pc/2025.10.01/js/vendor.6794114dd270eb42c37c.js (2)
[14062:253552:1008/165837.404481:INFO:CONSOLE:2] "버튼 75: [object Object]", source: https://feblog.pstatic.net/real/pc/2025.10.01/js/vendor.6794114dd270eb42c37c.js (2)
[14062:253552:1008/165837.404609:INFO:CONSOLE:2] "버튼 95: [object Object]", source: https://feblog.pstatic.net/real/pc/2025.10.01/js/vendor.6794114dd270eb42c37c.js (2)
[14062:253552:1008/165837.404690:INFO:CONSOLE:2] "버튼 96: [object Object]", source: https://feblog.pstatic.net/real/pc/2025.10.01/js/vendor.6794114dd270eb42c37c.js (2)
[14062:253552:1008/165837.404806:INFO:CONSOLE:2] "버튼 97: [object Object]", source: https://feblog.pstatic.net/real/pc/2025.10.01/js/vendor.6794114dd270eb42c37c.js (2)
[14062:253552:1008/165837.404893:INFO:CONSOLE:2] "버튼 98: [object Object]", source: https://feblog.pstatic.net/real/pc/2025.10.01/js/vendor.6794114dd270eb42c37c.js (2)
[14062:253552:1008/165837.405010:INFO:CONSOLE:2] "버튼 99: [object Object]", source: https://feblog.pstatic.net/real/pc/2025.10.01/js/vendor.6794114dd270eb42c37c.js (2)
[14062:253552:1008/165837.405073:INFO:CONSOLE:2] "버튼 100: [object Object]", source: https://feblog.pstatic.net/real/pc/2025.10.01/js/vendor.6794114dd270eb42c37c.js (2)
[14062:253552:1008/165837.405131:INFO:CONSOLE:2] "버튼 101: [object Object]", source: https://feblog.pstatic.net/real/pc/2025.10.01/js/vendor.6794114dd270eb42c37c.js (2)
[14062:253552:1008/165837.405239:INFO:CONSOLE:2] "버튼 102: [object Object]", source: https://feblog.pstatic.net/real/pc/2025.10.01/js/vendor.6794114dd270eb42c37c.js (2)
[14062:253552:1008/165837.405315:INFO:CONSOLE:2] "버튼 103: [object Object]", source: https://feblog.pstatic.net/real/pc/2025.10.01/js/vendor.6794114dd270eb42c37c.js (2)
[14062:253552:1008/165837.405407:INFO:CONSOLE:2] "버튼 104: [object Object]", source: https://feblog.pstatic.net/real/pc/2025.10.01/js/vendor.6794114dd270eb42c37c.js (2)
[14062:253552:1008/165837.405537:INFO:CONSOLE:2] "버튼 105: [object Object]", source: https://feblog.pstatic.net/real/pc/2025.10.01/js/vendor.6794114dd270eb42c37c.js (2)
[14062:253552:1008/165837.405583:INFO:CONSOLE:2] "버튼 106: [object Object]", source: https://feblog.pstatic.net/real/pc/2025.10.01/js/vendor.6794114dd270eb42c37c.js (2)
[14062:253552:1008/165837.405709:INFO:CONSOLE:2] "버튼 107: [object Object]", source: https://feblog.pstatic.net/real/pc/2025.10.01/js/vendor.6794114dd270eb42c37c.js (2)
[14062:253552:1008/165837.405792:INFO:CONSOLE:2] "버튼 108: [object Object]", source: https://feblog.pstatic.net/real/pc/2025.10.01/js/vendor.6794114dd270eb42c37c.js (2)
[14062:253552:1008/165837.405926:INFO:CONSOLE:2] "버튼 109: [object Object]", source: https://feblog.pstatic.net/real/pc/2025.10.01/js/vendor.6794114dd270eb42c37c.js (2)
[14062:253552:1008/165837.405990:INFO:CONSOLE:2] "버튼 110: [object Object]", source: https://feblog.pstatic.net/real/pc/2025.10.01/js/vendor.6794114dd270eb42c37c.js (2)
[14062:253552:1008/165837.406107:INFO:CONSOLE:2] "버튼 111: [object Object]", source: https://feblog.pstatic.net/real/pc/2025.10.01/js/vendor.6794114dd270eb42c37c.js (2)
[14062:253552:1008/165837.406229:INFO:CONSOLE:2] "버튼 112: [object Object]", source: https://feblog.pstatic.net/real/pc/2025.10.01/js/vendor.6794114dd270eb42c37c.js (2)
[14062:253552:1008/165837.406289:INFO:CONSOLE:2] "버튼 113: [object Object]", source: https://feblog.pstatic.net/real/pc/2025.10.01/js/vendor.6794114dd270eb42c37c.js (2)
[14062:253552:1008/165837.406478:INFO:CONSOLE:2] "버튼 114: [object Object]", source: https://feblog.pstatic.net/real/pc/2025.10.01/js/vendor.6794114dd270eb42c37c.js (2)
[14062:253552:1008/165837.406504:INFO:CONSOLE:2] "버튼 115: [object Object]", source: https://feblog.pstatic.net/real/pc/2025.10.01/js/vendor.6794114dd270eb42c37c.js (2)
[14062:253552:1008/165837.406709:INFO:CONSOLE:2] "버튼 116: [object Object]", source: https://feblog.pstatic.net/real/pc/2025.10.01/js/vendor.6794114dd270eb42c37c.js (2)
[14062:253552:1008/165837.406818:INFO:CONSOLE:2] "버튼 117: [object Object]", source: https://feblog.pstatic.net/real/pc/2025.10.01/js/vendor.6794114dd270eb42c37c.js (2)
[14062:253552:1008/165837.406906:INFO:CONSOLE:2] "버튼 118: [object Object]", source: https://feblog.pstatic.net/real/pc/2025.10.01/js/vendor.6794114dd270eb42c37c.js (2)
[14062:253552:1008/165837.407002:INFO:CONSOLE:2] "버튼 119: [object Object]", source: https://feblog.pstatic.net/real/pc/2025.10.01/js/vendor.6794114dd270eb42c37c.js (2)
[14062:253552:1008/165837.407100:INFO:CONSOLE:2] "버튼 120: [object Object]", source: https://feblog.pstatic.net/real/pc/2025.10.01/js/vendor.6794114dd270eb42c37c.js (2)
[14062:253552:1008/165837.407208:INFO:CONSOLE:2] "1단계: 정확한 선택자로 시도...", source: https://feblog.pstatic.net/real/pc/2025.10.01/js/vendor.6794114dd270eb42c37c.js (2)
[14062:253552:1008/165837.407360:INFO:CONSOLE:2] "✅ 정확한 선택자로 확인 버튼 클릭: button.se-popup-button-confirm", source: https://feblog.pstatic.net/real/pc/2025.10.01/js/vendor.6794114dd270eb42c37c.js (2)
[14062:253552:1008/165839.692299:INFO:CONSOLE:2] "키보드 입력 차단 해제 완료", source: https://feblog.pstatic.net/real/pc/2025.10.01/js/vendor.6794114dd270eb42c37c.js (2)
[14062:253552:1008/165841.178051:INFO:CONSOLE:2] "Google Maps JavaScript API has been loaded directly without loading=async. This can result in suboptimal performance. For best-practice loading patterns please see https://goo.gle/js-api-loading", source: https://feblog.pstatic.net/real/pc/2025.10.01/js/vendor.6794114dd270eb42c37c.js (2)
[14062:253552:1008/165847.614796:INFO:CONSOLE:2] "추가 버튼 발견, 5번 클릭 시도 시작...", source: https://feblog.pstatic.net/real/pc/2025.10.01/js/vendor.6794114dd270eb42c37c.js (2)
[14062:253552:1008/165847.615807:INFO:CONSOLE:2] "1번째 클릭 시도...", source: https://feblog.pstatic.net/real/pc/2025.10.01/js/vendor.6794114dd270eb42c37c.js (2)
[14062:253552:1008/165848.617450:INFO:CONSOLE:2] "2번째 클릭 시도...", source: https://feblog.pstatic.net/real/pc/2025.10.01/js/vendor.6794114dd270eb42c37c.js (2)
[14062:253552:1008/165849.617199:INFO:CONSOLE:2] "3번째 클릭 시도...", source: https://feblog.pstatic.net/real/pc/2025.10.01/js/vendor.6794114dd270eb42c37c.js (2)
[14062:253552:1008/165850.617415:INFO:CONSOLE:2] "4번째 클릭 시도...", source: https://feblog.pstatic.net/real/pc/2025.10.01/js/vendor.6794114dd270eb42c37c.js (2)
[14062:253552:1008/165851.617344:INFO:CONSOLE:2] "5번째 클릭 시도...", source: https://feblog.pstatic.net/real/pc/2025.10.01/js/vendor.6794114dd270eb42c37c.js (2)
[14062:253552:1008/165852.640129:INFO:CONSOLE:2] "정확한 선택자로 확인 버튼 발견", source: https://feblog.pstatic.net/real/pc/2025.10.01/js/vendor.6794114dd270eb42c37c.js (2)
[14062:253552:1008/165942.855324:INFO:CONSOLE:2] "=== 최종 발행 버튼 찾기 시작 ===", source: https://feblog.pstatic.net/real/pc/2025.10.01/js/vendor.6794114dd270eb42c37c.js (2)
[14062:253552:1008/165942.855429:INFO:CONSOLE:2] "🎯 data-testid로 발행 버튼 찾기...", source: https://feblog.pstatic.net/real/pc/2025.10.01/js/vendor.6794114dd270eb42c37c.js (2)
[14062:253552:1008/165942.855677:INFO:CONSOLE:2] "🎯 confirm_btn 클래스로 발행 버튼 찾기...", source: https://feblog.pstatic.net/real/pc/2025.10.01/js/vendor.6794114dd270eb42c37c.js (2)
[14062:253552:1008/165942.855997:INFO:CONSOLE:2] "✅ confirm_btn으로 발행 버튼 발견: [object Object]", source: https://feblog.pstatic.net/real/pc/2025.10.01/js/vendor.6794114dd270eb42c37c.js (2)
[14062:253552:1008/165942.879791:INFO:CONSOLE:2] "✅ confirm_btn 발행 버튼 클릭 완료", source: https://feblog.pstatic.net/real/pc/2025.10.01/js/vendor.6794114dd270eb42c37c.js (2)
[14062:253552:1008/165944.657836:INFO:CONSOLE:275] "Google Maps JavaScript API has been loaded directly without loading=async. This can result in suboptimal performance. For best-practice loading patterns please see https://goo.gle/js-api-loading", source: https://maps.google.co.kr/maps/api/js?v=3&client=gme-nhncorp&language=ko&channel=naver_blog (275)
[14062:253552:1008/172301.741237:INFO:CONSOLE:2] "클립보드 읽기 권한 상태: granted", source: https://feblog.pstatic.net/real/pc/2025.10.01/js/vendor.6794114dd270eb42c37c.js (2)
[14062:253552:1008/172305.278740:INFO:CONSOLE:2] "클립보드 읽기 권한 상태: granted", source: https://feblog.pstatic.net/real/pc/2025.10.01/js/vendor.6794114dd270eb42c37c.js (2)
[14062:253552:1008/172308.775092:INFO:CONSOLE:2] "클립보드 읽기 권한 상태: granted", source: https://feblog.pstatic.net/real/pc/2025.10.01/js/vendor.6794114dd270eb42c37c.js (2)
[14062:253552:1008/172312.164914:INFO:CONSOLE:2] "클립보드 읽기 권한 상태: granted", source: https://feblog.pstatic.net/real/pc/2025.10.01/js/vendor.6794114dd270eb42c37c.js (2)
[14062:253552:1008/172314.496987:INFO:CONSOLE:2] "클립보드 읽기 권한 상태: granted", source: https://feblog.pstatic.net/real/pc/2025.10.01/js/vendor.6794114dd270eb42c37c.js (2)
[14062:253552:1008/172316.516142:INFO:CONSOLE:2] "클립보드 읽기 권한 상태: granted", source: https://feblog.pstatic.net/real/pc/2025.10.01/js/vendor.6794114dd270eb42c37c.js (2)
[14062:253552:1008/172318.525801:INFO:CONSOLE:2] "클립보드 읽기 권한 상태: granted", source: https://feblog.pstatic.net/real/pc/2025.10.01/js/vendor.6794114dd270eb42c37c.js (2)
[14062:253552:1008/172319.068110:INFO:CONSOLE:1] "File chooser dialog can only be shown with a user activation.", source: https://editor-static.pstatic.net/e/basic.desktop/1.69.0/se-editor.js?t=1755855480440 (1)
[14062:253552:1008/172320.539148:INFO:CONSOLE:2] "클립보드 읽기 권한 상태: granted", source: https://feblog.pstatic.net/real/pc/2025.10.01/js/vendor.6794114dd270eb42c37c.js (2)
[14062:253552:1008/172321.069640:INFO:CONSOLE:1] "File chooser dialog can only be shown with a user activation.", source: https://editor-static.pstatic.net/e/basic.desktop/1.69.0/se-editor.js?t=1755855480440 (1)
[14062:253552:1008/172322.548928:INFO:CONSOLE:2] "클립보드 읽기 권한 상태: granted", source: https://feblog.pstatic.net/real/pc/2025.10.01/js/vendor.6794114dd270eb42c37c.js (2)
[14062:253552:1008/172323.078562:INFO:CONSOLE:1] "File chooser dialog can only be shown with a user activation.", source: https://editor-static.pstatic.net/e/basic.desktop/1.69.0/se-editor.js?t=1755855480440 (1)
[14062:253552:1008/172324.561473:INFO:CONSOLE:2] "클립보드 읽기 권한 상태: granted", source: https://feblog.pstatic.net/real/pc/2025.10.01/js/vendor.6794114dd270eb42c37c.js (2)
[14062:253552:1008/172325.083227:INFO:CONSOLE:1] "File chooser dialog can only be shown with a user activation.", source: https://editor-static.pstatic.net/e/basic.desktop/1.69.0/se-editor.js?t=1755855480440 (1)
[14062:253552:1008/172326.571478:INFO:CONSOLE:2] "클립보드 읽기 권한 상태: granted", source: https://feblog.pstatic.net/real/pc/2025.10.01/js/vendor.6794114dd270eb42c37c.js (2)
[14062:253552:1008/172327.103112:INFO:CONSOLE:1] "File chooser dialog can only be shown with a user activation.", source: https://editor-static.pstatic.net/e/basic.desktop/1.69.0/se-editor.js?t=1755855480440 (1)
[14062:253552:1008/172328.567000:INFO:CONSOLE:2] "클립보드 읽기 권한 상태: granted", source: https://feblog.pstatic.net/real/pc/2025.10.01/js/vendor.6794114dd270eb42c37c.js (2)
[14062:253552:1008/172329.096880:INFO:CONSOLE:1] "File chooser dialog can only be shown with a user activation.", source: https://editor-static.pstatic.net/e/basic.desktop/1.69.0/se-editor.js?t=1755855480440 (1)
[14062:253552:1008/172339.906967:INFO:CONSOLE:2] "키보드 입력 차단 및 포커스 정리 완료", source: https://feblog.pstatic.net/real/pc/2025.10.01/js/vendor.6794114dd270eb42c37c.js (2)
[14062:253552:1008/172345.007446:INFO:CONSOLE:2] "=== 최강화된 확인 버튼 찾기 시작 ===", source: https://feblog.pstatic.net/real/pc/2025.10.01/js/vendor.6794114dd270eb42c37c.js (2)
[14062:253552:1008/172345.007570:INFO:CONSOLE:2] "현재 페이지의 모든 버튼 상황:", source: https://feblog.pstatic.net/real/pc/2025.10.01/js/vendor.6794114dd270eb42c37c.js (2)
[14062:253552:1008/172345.008031:INFO:CONSOLE:2] "버튼 1: [object Object]", source: https://feblog.pstatic.net/real/pc/2025.10.01/js/vendor.6794114dd270eb42c37c.js (2)
[14062:253552:1008/172345.008187:INFO:CONSOLE:2] "버튼 2: [object Object]", source: https://feblog.pstatic.net/real/pc/2025.10.01/js/vendor.6794114dd270eb42c37c.js (2)
[14062:253552:1008/172345.008308:INFO:CONSOLE:2] "버튼 3: [object Object]", source: https://feblog.pstatic.net/real/pc/2025.10.01/js/vendor.6794114dd270eb42c37c.js (2)
[14062:253552:1008/172345.008413:INFO:CONSOLE:2] "버튼 4: [object Object]", source: https://feblog.pstatic.net/real/pc/2025.10.01/js/vendor.6794114dd270eb42c37c.js (2)
[14062:253552:1008/172345.008514:INFO:CONSOLE:2] "버튼 5: [object Object]", source: https://feblog.pstatic.net/real/pc/2025.10.01/js/vendor.6794114dd270eb42c37c.js (2)
[14062:253552:1008/172345.008626:INFO:CONSOLE:2] "버튼 6: [object Object]", source: https://feblog.pstatic.net/real/pc/2025.10.01/js/vendor.6794114dd270eb42c37c.js (2)
[14062:253552:1008/172345.008723:INFO:CONSOLE:2] "버튼 7: [object Object]", source: https://feblog.pstatic.net/real/pc/2025.10.01/js/vendor.6794114dd270eb42c37c.js (2)
[14062:253552:1008/172345.008859:INFO:CONSOLE:2] "버튼 8: [object Object]", source: https://feblog.pstatic.net/real/pc/2025.10.01/js/vendor.6794114dd270eb42c37c.js (2)
[14062:253552:1008/172345.008963:INFO:CONSOLE:2] "버튼 9: [object Object]", source: https://feblog.pstatic.net/real/pc/2025.10.01/js/vendor.6794114dd270eb42c37c.js (2)
[14062:253552:1008/172345.009048:INFO:CONSOLE:2] "버튼 10: [object Object]", source: https://feblog.pstatic.net/real/pc/2025.10.01/js/vendor.6794114dd270eb42c37c.js (2)
[14062:253552:1008/172345.009120:INFO:CONSOLE:2] "버튼 11: [object Object]", source: https://feblog.pstatic.net/real/pc/2025.10.01/js/vendor.6794114dd270eb42c37c.js (2)
[14062:253552:1008/172345.009197:INFO:CONSOLE:2] "버튼 12: [object Object]", source: https://feblog.pstatic.net/real/pc/2025.10.01/js/vendor.6794114dd270eb42c37c.js (2)
[14062:253552:1008/172345.009279:INFO:CONSOLE:2] "버튼 13: [object Object]", source: https://feblog.pstatic.net/real/pc/2025.10.01/js/vendor.6794114dd270eb42c37c.js (2)
[14062:253552:1008/172345.009367:INFO:CONSOLE:2] "버튼 14: [object Object]", source: https://feblog.pstatic.net/real/pc/2025.10.01/js/vendor.6794114dd270eb42c37c.js (2)
[14062:253552:1008/172345.009432:INFO:CONSOLE:2] "버튼 15: [object Object]", source: https://feblog.pstatic.net/real/pc/2025.10.01/js/vendor.6794114dd270eb42c37c.js (2)
[14062:253552:1008/172345.009514:INFO:CONSOLE:2] "버튼 16: [object Object]", source: https://feblog.pstatic.net/real/pc/2025.10.01/js/vendor.6794114dd270eb42c37c.js (2)
[14062:253552:1008/172345.009566:INFO:CONSOLE:2] "버튼 17: [object Object]", source: https://feblog.pstatic.net/real/pc/2025.10.01/js/vendor.6794114dd270eb42c37c.js (2)
[14062:253552:1008/172345.009648:INFO:CONSOLE:2] "버튼 18: [object Object]", source: https://feblog.pstatic.net/real/pc/2025.10.01/js/vendor.6794114dd270eb42c37c.js (2)
[14062:253552:1008/172345.009725:INFO:CONSOLE:2] "버튼 19: [object Object]", source: https://feblog.pstatic.net/real/pc/2025.10.01/js/vendor.6794114dd270eb42c37c.js (2)
[14062:253552:1008/172345.009783:INFO:CONSOLE:2] "버튼 20: [object Object]", source: https://feblog.pstatic.net/real/pc/2025.10.01/js/vendor.6794114dd270eb42c37c.js (2)
[14062:253552:1008/172345.009875:INFO:CONSOLE:2] "버튼 21: [object Object]", source: https://feblog.pstatic.net/real/pc/2025.10.01/js/vendor.6794114dd270eb42c37c.js (2)
[14062:253552:1008/172345.009963:INFO:CONSOLE:2] "버튼 22: [object Object]", source: https://feblog.pstatic.net/real/pc/2025.10.01/js/vendor.6794114dd270eb42c37c.js (2)
[14062:253552:1008/172345.010019:INFO:CONSOLE:2] "버튼 23: [object Object]", source: https://feblog.pstatic.net/real/pc/2025.10.01/js/vendor.6794114dd270eb42c37c.js (2)
[14062:253552:1008/172345.010095:INFO:CONSOLE:2] "버튼 24: [object Object]", source: https://feblog.pstatic.net/real/pc/2025.10.01/js/vendor.6794114dd270eb42c37c.js (2)
[14062:253552:1008/172345.010185:INFO:CONSOLE:2] "버튼 25: [object Object]", source: https://feblog.pstatic.net/real/pc/2025.10.01/js/vendor.6794114dd270eb42c37c.js (2)
[14062:253552:1008/172345.010257:INFO:CONSOLE:2] "버튼 26: [object Object]", source: https://feblog.pstatic.net/real/pc/2025.10.01/js/vendor.6794114dd270eb42c37c.js (2)
[14062:253552:1008/172345.010324:INFO:CONSOLE:2] "버튼 27: [object Object]", source: https://feblog.pstatic.net/real/pc/2025.10.01/js/vendor.6794114dd270eb42c37c.js (2)
[14062:253552:1008/172345.010388:INFO:CONSOLE:2] "버튼 28: [object Object]", source: https://feblog.pstatic.net/real/pc/2025.10.01/js/vendor.6794114dd270eb42c37c.js (2)
[14062:253552:1008/172345.010462:INFO:CONSOLE:2] "버튼 29: [object Object]", source: https://feblog.pstatic.net/real/pc/2025.10.01/js/vendor.6794114dd270eb42c37c.js (2)
[14062:253552:1008/172345.010535:INFO:CONSOLE:2] "버튼 30: [object Object]", source: https://feblog.pstatic.net/real/pc/2025.10.01/js/vendor.6794114dd270eb42c37c.js (2)
[14062:253552:1008/172345.010613:INFO:CONSOLE:2] "버튼 31: [object Object]", source: https://feblog.pstatic.net/real/pc/2025.10.01/js/vendor.6794114dd270eb42c37c.js (2)
[14062:253552:1008/172345.010692:INFO:CONSOLE:2] "버튼 32: [object Object]", source: https://feblog.pstatic.net/real/pc/2025.10.01/js/vendor.6794114dd270eb42c37c.js (2)
[14062:253552:1008/172345.010773:INFO:CONSOLE:2] "버튼 33: [object Object]", source: https://feblog.pstatic.net/real/pc/2025.10.01/js/vendor.6794114dd270eb42c37c.js (2)
[14062:253552:1008/172345.010844:INFO:CONSOLE:2] "버튼 34: [object Object]", source: https://feblog.pstatic.net/real/pc/2025.10.01/js/vendor.6794114dd270eb42c37c.js (2)
[14062:253552:1008/172345.010914:INFO:CONSOLE:2] "버튼 35: [object Object]", source: https://feblog.pstatic.net/real/pc/2025.10.01/js/vendor.6794114dd270eb42c37c.js (2)
[14062:253552:1008/172345.010983:INFO:CONSOLE:2] "버튼 36: [object Object]", source: https://feblog.pstatic.net/real/pc/2025.10.01/js/vendor.6794114dd270eb42c37c.js (2)
[14062:253552:1008/172345.011049:INFO:CONSOLE:2] "버튼 37: [object Object]", source: https://feblog.pstatic.net/real/pc/2025.10.01/js/vendor.6794114dd270eb42c37c.js (2)
[14062:253552:1008/172345.011144:INFO:CONSOLE:2] "버튼 38: [object Object]", source: https://feblog.pstatic.net/real/pc/2025.10.01/js/vendor.6794114dd270eb42c37c.js (2)
[14062:253552:1008/172345.011195:INFO:CONSOLE:2] "버튼 39: [object Object]", source: https://feblog.pstatic.net/real/pc/2025.10.01/js/vendor.6794114dd270eb42c37c.js (2)
[14062:253552:1008/172345.011282:INFO:CONSOLE:2] "버튼 40: [object Object]", source: https://feblog.pstatic.net/real/pc/2025.10.01/js/vendor.6794114dd270eb42c37c.js (2)
[14062:253552:1008/172345.011354:INFO:CONSOLE:2] "버튼 41: [object Object]", source: https://feblog.pstatic.net/real/pc/2025.10.01/js/vendor.6794114dd270eb42c37c.js (2)
[14062:253552:1008/172345.011423:INFO:CONSOLE:2] "버튼 42: [object Object]", source: https://feblog.pstatic.net/real/pc/2025.10.01/js/vendor.6794114dd270eb42c37c.js (2)
[14062:253552:1008/172345.011485:INFO:CONSOLE:2] "버튼 43: [object Object]", source: https://feblog.pstatic.net/real/pc/2025.10.01/js/vendor.6794114dd270eb42c37c.js (2)
[14062:253552:1008/172345.011558:INFO:CONSOLE:2] "버튼 45: [object Object]", source: https://feblog.pstatic.net/real/pc/2025.10.01/js/vendor.6794114dd270eb42c37c.js (2)
[14062:253552:1008/172345.011644:INFO:CONSOLE:2] "버튼 47: [object Object]", source: https://feblog.pstatic.net/real/pc/2025.10.01/js/vendor.6794114dd270eb42c37c.js (2)
[14062:253552:1008/172345.011714:INFO:CONSOLE:2] "버튼 51: [object Object]", source: https://feblog.pstatic.net/real/pc/2025.10.01/js/vendor.6794114dd270eb42c37c.js (2)
[14062:253552:1008/172345.011790:INFO:CONSOLE:2] "버튼 55: [object Object]", source: https://feblog.pstatic.net/real/pc/2025.10.01/js/vendor.6794114dd270eb42c37c.js (2)
[14062:253552:1008/172345.011866:INFO:CONSOLE:2] "버튼 58: [object Object]", source: https://feblog.pstatic.net/real/pc/2025.10.01/js/vendor.6794114dd270eb42c37c.js (2)
[14062:253552:1008/172345.011938:INFO:CONSOLE:2] "버튼 61: [object Object]", source: https://feblog.pstatic.net/real/pc/2025.10.01/js/vendor.6794114dd270eb42c37c.js (2)
[14062:253552:1008/172345.012006:INFO:CONSOLE:2] "버튼 62: [object Object]", source: https://feblog.pstatic.net/real/pc/2025.10.01/js/vendor.6794114dd270eb42c37c.js (2)
[14062:253552:1008/172345.012070:INFO:CONSOLE:2] "버튼 64: [object Object]", source: https://feblog.pstatic.net/real/pc/2025.10.01/js/vendor.6794114dd270eb42c37c.js (2)
[14062:253552:1008/172345.012166:INFO:CONSOLE:2] "버튼 65: [object Object]", source: https://feblog.pstatic.net/real/pc/2025.10.01/js/vendor.6794114dd270eb42c37c.js (2)
[14062:253552:1008/172345.012221:INFO:CONSOLE:2] "버튼 68: [object Object]", source: https://feblog.pstatic.net/real/pc/2025.10.01/js/vendor.6794114dd270eb42c37c.js (2)
[14062:253552:1008/172345.012307:INFO:CONSOLE:2] "버튼 69: [object Object]", source: https://feblog.pstatic.net/real/pc/2025.10.01/js/vendor.6794114dd270eb42c37c.js (2)
[14062:253552:1008/172345.012381:INFO:CONSOLE:2] "버튼 72: [object Object]", source: https://feblog.pstatic.net/real/pc/2025.10.01/js/vendor.6794114dd270eb42c37c.js (2)
[14062:253552:1008/172345.012446:INFO:CONSOLE:2] "버튼 73: [object Object]", source: https://feblog.pstatic.net/real/pc/2025.10.01/js/vendor.6794114dd270eb42c37c.js (2)
[14062:253552:1008/172345.012524:INFO:CONSOLE:2] "버튼 76: [object Object]", source: https://feblog.pstatic.net/real/pc/2025.10.01/js/vendor.6794114dd270eb42c37c.js (2)
[14062:253552:1008/172345.012587:INFO:CONSOLE:2] "버튼 77: [object Object]", source: https://feblog.pstatic.net/real/pc/2025.10.01/js/vendor.6794114dd270eb42c37c.js (2)
[14062:253552:1008/172345.012664:INFO:CONSOLE:2] "버튼 80: [object Object]", source: https://feblog.pstatic.net/real/pc/2025.10.01/js/vendor.6794114dd270eb42c37c.js (2)
[14062:253552:1008/172345.012720:INFO:CONSOLE:2] "버튼 81: [object Object]", source: https://feblog.pstatic.net/real/pc/2025.10.01/js/vendor.6794114dd270eb42c37c.js (2)
[14062:253552:1008/172345.012800:INFO:CONSOLE:2] "버튼 84: [object Object]", source: https://feblog.pstatic.net/real/pc/2025.10.01/js/vendor.6794114dd270eb42c37c.js (2)
[14062:253552:1008/172345.012848:INFO:CONSOLE:2] "버튼 85: [object Object]", source: https://feblog.pstatic.net/real/pc/2025.10.01/js/vendor.6794114dd270eb42c37c.js (2)
[14062:253552:1008/172345.012942:INFO:CONSOLE:2] "버튼 88: [object Object]", source: https://feblog.pstatic.net/real/pc/2025.10.01/js/vendor.6794114dd270eb42c37c.js (2)
[14062:253552:1008/172345.013022:INFO:CONSOLE:2] "버튼 108: [object Object]", source: https://feblog.pstatic.net/real/pc/2025.10.01/js/vendor.6794114dd270eb42c37c.js (2)
[14062:253552:1008/172345.013089:INFO:CONSOLE:2] "버튼 109: [object Object]", source: https://feblog.pstatic.net/real/pc/2025.10.01/js/vendor.6794114dd270eb42c37c.js (2)
[14062:253552:1008/172345.013158:INFO:CONSOLE:2] "버튼 110: [object Object]", source: https://feblog.pstatic.net/real/pc/2025.10.01/js/vendor.6794114dd270eb42c37c.js (2)
[14062:253552:1008/172345.013238:INFO:CONSOLE:2] "버튼 111: [object Object]", source: https://feblog.pstatic.net/real/pc/2025.10.01/js/vendor.6794114dd270eb42c37c.js (2)
[14062:253552:1008/172345.013302:INFO:CONSOLE:2] "버튼 112: [object Object]", source: https://feblog.pstatic.net/real/pc/2025.10.01/js/vendor.6794114dd270eb42c37c.js (2)
[14062:253552:1008/172345.013372:INFO:CONSOLE:2] "버튼 113: [object Object]", source: https://feblog.pstatic.net/real/pc/2025.10.01/js/vendor.6794114dd270eb42c37c.js (2)
[14062:253552:1008/172345.013440:INFO:CONSOLE:2] "버튼 114: [object Object]", source: https://feblog.pstatic.net/real/pc/2025.10.01/js/vendor.6794114dd270eb42c37c.js (2)
[14062:253552:1008/172345.013513:INFO:CONSOLE:2] "버튼 115: [object Object]", source: https://feblog.pstatic.net/real/pc/2025.10.01/js/vendor.6794114dd270eb42c37c.js (2)
[14062:253552:1008/172345.013583:INFO:CONSOLE:2] "버튼 116: [object Object]", source: https://feblog.pstatic.net/real/pc/2025.10.01/js/vendor.6794114dd270eb42c37c.js (2)
[14062:253552:1008/172345.013664:INFO:CONSOLE:2] "버튼 117: [object Object]", source: https://feblog.pstatic.net/real/pc/2025.10.01/js/vendor.6794114dd270eb42c37c.js (2)
[14062:253552:1008/172345.013728:INFO:CONSOLE:2] "버튼 118: [object Object]", source: https://feblog.pstatic.net/real/pc/2025.10.01/js/vendor.6794114dd270eb42c37c.js (2)
[14062:253552:1008/172345.013790:INFO:CONSOLE:2] "버튼 119: [object Object]", source: https://feblog.pstatic.net/real/pc/2025.10.01/js/vendor.6794114dd270eb42c37c.js (2)
[14062:253552:1008/172345.013868:INFO:CONSOLE:2] "버튼 120: [object Object]", source: https://feblog.pstatic.net/real/pc/2025.10.01/js/vendor.6794114dd270eb42c37c.js (2)
[14062:253552:1008/172345.013921:INFO:CONSOLE:2] "버튼 121: [object Object]", source: https://feblog.pstatic.net/real/pc/2025.10.01/js/vendor.6794114dd270eb42c37c.js (2)
[14062:253552:1008/172345.013995:INFO:CONSOLE:2] "버튼 122: [object Object]", source: https://feblog.pstatic.net/real/pc/2025.10.01/js/vendor.6794114dd270eb42c37c.js (2)
[14062:253552:1008/172345.014048:INFO:CONSOLE:2] "버튼 123: [object Object]", source: https://feblog.pstatic.net/real/pc/2025.10.01/js/vendor.6794114dd270eb42c37c.js (2)
[14062:253552:1008/172345.014141:INFO:CONSOLE:2] "버튼 124: [object Object]", source: https://feblog.pstatic.net/real/pc/2025.10.01/js/vendor.6794114dd270eb42c37c.js (2)
[14062:253552:1008/172345.014211:INFO:CONSOLE:2] "버튼 125: [object Object]", source: https://feblog.pstatic.net/real/pc/2025.10.01/js/vendor.6794114dd270eb42c37c.js (2)
[14062:253552:1008/172345.014279:INFO:CONSOLE:2] "버튼 126: [object Object]", source: https://feblog.pstatic.net/real/pc/2025.10.01/js/vendor.6794114dd270eb42c37c.js (2)
[14062:253552:1008/172345.014337:INFO:CONSOLE:2] "버튼 127: [object Object]", source: https://feblog.pstatic.net/real/pc/2025.10.01/js/vendor.6794114dd270eb42c37c.js (2)
[14062:253552:1008/172345.014407:INFO:CONSOLE:2] "버튼 128: [object Object]", source: https://feblog.pstatic.net/real/pc/2025.10.01/js/vendor.6794114dd270eb42c37c.js (2)
[14062:253552:1008/172345.014468:INFO:CONSOLE:2] "버튼 129: [object Object]", source: https://feblog.pstatic.net/real/pc/2025.10.01/js/vendor.6794114dd270eb42c37c.js (2)
[14062:253552:1008/172345.014555:INFO:CONSOLE:2] "버튼 130: [object Object]", source: https://feblog.pstatic.net/real/pc/2025.10.01/js/vendor.6794114dd270eb42c37c.js (2)
[14062:253552:1008/172345.014630:INFO:CONSOLE:2] "버튼 131: [object Object]", source: https://feblog.pstatic.net/real/pc/2025.10.01/js/vendor.6794114dd270eb42c37c.js (2)
[14062:253552:1008/172345.014698:INFO:CONSOLE:2] "버튼 132: [object Object]", source: https://feblog.pstatic.net/real/pc/2025.10.01/js/vendor.6794114dd270eb42c37c.js (2)
[14062:253552:1008/172345.014749:INFO:CONSOLE:2] "버튼 133: [object Object]", source: https://feblog.pstatic.net/real/pc/2025.10.01/js/vendor.6794114dd270eb42c37c.js (2)
[14062:253552:1008/172345.014870:INFO:CONSOLE:2] "버튼 134: [object Object]", source: https://feblog.pstatic.net/real/pc/2025.10.01/js/vendor.6794114dd270eb42c37c.js (2)
[14062:253552:1008/172345.014891:INFO:CONSOLE:2] "버튼 135: [object Object]", source: https://feblog.pstatic.net/real/pc/2025.10.01/js/vendor.6794114dd270eb42c37c.js (2)
[14062:253552:1008/172345.014967:INFO:CONSOLE:2] "버튼 136: [object Object]", source: https://feblog.pstatic.net/real/pc/2025.10.01/js/vendor.6794114dd270eb42c37c.js (2)
[14062:253552:1008/172345.015024:INFO:CONSOLE:2] "버튼 137: [object Object]", source: https://feblog.pstatic.net/real/pc/2025.10.01/js/vendor.6794114dd270eb42c37c.js (2)
[14062:253552:1008/172345.015085:INFO:CONSOLE:2] "1단계: 정확한 선택자로 시도...", source: https://feblog.pstatic.net/real/pc/2025.10.01/js/vendor.6794114dd270eb42c37c.js (2)
[14062:253552:1008/172345.015189:INFO:CONSOLE:2] "✅ 정확한 선택자로 확인 버튼 클릭: button.se-popup-button-confirm", source: https://feblog.pstatic.net/real/pc/2025.10.01/js/vendor.6794114dd270eb42c37c.js (2)
[14062:253552:1008/172347.275980:INFO:CONSOLE:2] "키보드 입력 차단 해제 완료", source: https://feblog.pstatic.net/real/pc/2025.10.01/js/vendor.6794114dd270eb42c37c.js (2)
[14062:253552:1008/172348.436165:INFO:CONSOLE:2] "Google Maps JavaScript API has been loaded directly without loading=async. This can result in suboptimal performance. For best-practice loading patterns please see https://goo.gle/js-api-loading", source: https://feblog.pstatic.net/real/pc/2025.10.01/js/vendor.6794114dd270eb42c37c.js (2)
[14062:253552:1008/172355.270956:INFO:CONSOLE:2] "추가 버튼 발견, 5번 클릭 시도 시작...", source: https://feblog.pstatic.net/real/pc/2025.10.01/js/vendor.6794114dd270eb42c37c.js (2)
[14062:253552:1008/172355.271333:INFO:CONSOLE:2] "1번째 클릭 시도...", source: https://feblog.pstatic.net/real/pc/2025.10.01/js/vendor.6794114dd270eb42c37c.js (2)
[14062:253552:1008/172356.274410:INFO:CONSOLE:2] "2번째 클릭 시도...", source: https://feblog.pstatic.net/real/pc/2025.10.01/js/vendor.6794114dd270eb42c37c.js (2)
[14062:253552:1008/172357.273649:INFO:CONSOLE:2] "3번째 클릭 시도...", source: https://feblog.pstatic.net/real/pc/2025.10.01/js/vendor.6794114dd270eb42c37c.js (2)
[14062:253552:1008/172358.273477:INFO:CONSOLE:2] "4번째 클릭 시도...", source: https://feblog.pstatic.net/real/pc/2025.10.01/js/vendor.6794114dd270eb42c37c.js (2)
[14062:253552:1008/172359.271626:INFO:CONSOLE:2] "5번째 클릭 시도...", source: https://feblog.pstatic.net/real/pc/2025.10.01/js/vendor.6794114dd270eb42c37c.js (2)
[14062:253552:1008/172400.290412:INFO:CONSOLE:2] "정확한 선택자로 확인 버튼 발견", source: https://feblog.pstatic.net/real/pc/2025.10.01/js/vendor.6794114dd270eb42c37c.js (2)
[14062:253552:1008/172450.804625:INFO:CONSOLE:2] "=== 최종 발행 버튼 찾기 시작 ===", source: https://feblog.pstatic.net/real/pc/2025.10.01/js/vendor.6794114dd270eb42c37c.js (2)
[14062:253552:1008/172450.804779:INFO:CONSOLE:2] "🎯 data-testid로 발행 버튼 찾기...", source: https://feblog.pstatic.net/real/pc/2025.10.01/js/vendor.6794114dd270eb42c37c.js (2)
[14062:253552:1008/172450.804978:INFO:CONSOLE:2] "🎯 confirm_btn 클래스로 발행 버튼 찾기...", source: https://feblog.pstatic.net/real/pc/2025.10.01/js/vendor.6794114dd270eb42c37c.js (2)
[14062:253552:1008/172450.805185:INFO:CONSOLE:2] "✅ confirm_btn으로 발행 버튼 발견: [object Object]", source: https://feblog.pstatic.net/real/pc/2025.10.01/js/vendor.6794114dd270eb42c37c.js (2)
[14062:253552:1008/172450.834866:INFO:CONSOLE:2] "✅ confirm_btn 발행 버튼 클릭 완료", source: https://feblog.pstatic.net/real/pc/2025.10.01/js/vendor.6794114dd270eb42c37c.js (2)
[14062:253552:1008/172452.260297:INFO:CONSOLE:275] "Google Maps JavaScript API has been loaded directly without loading=async. This can result in suboptimal performance. For best-practice loading patterns please see https://goo.gle/js-api-loading", source: https://maps.google.co.kr/maps/api/js?v=3&client=gme-nhncorp&language=ko&channel=naver_blog (275)
[14062:253552:1008/172452.432778:INFO:CONSOLE:2] "MaxListenersExceededWarning: Possible EventEmitter memory leak detected. 11 visible listeners added. Use emitter.setMaxListeners() to increase limit", source: https://ssl.pstatic.net/t.static.blog/mylog/versioning//js/blogOnMap-811be5f_https.js (2)
[14062:253552:1008/172452.433299:INFO:CONSOLE:2] "MaxListenersExceededWarning: Possible EventEmitter memory leak detected. 11 invisible listeners added. Use emitter.setMaxListeners() to increase limit", source: https://ssl.pstatic.net/t.static.blog/mylog/versioning//js/blogOnMap-811be5f_https.js (2)
[14062:253552:1008/174111.095565:INFO:CONSOLE:2] "클립보드 읽기 권한 상태: granted", source: https://feblog.pstatic.net/real/pc/2025.10.01/js/vendor.6794114dd270eb42c37c.js (2)
[14062:253552:1008/174114.566139:INFO:CONSOLE:2] "클립보드 읽기 권한 상태: granted", source: https://feblog.pstatic.net/real/pc/2025.10.01/js/vendor.6794114dd270eb42c37c.js (2)
[14062:253552:1008/174118.536398:INFO:CONSOLE:2] "클립보드 읽기 권한 상태: granted", source: https://feblog.pstatic.net/real/pc/2025.10.01/js/vendor.6794114dd270eb42c37c.js (2)
[14062:253552:1008/174122.094374:INFO:CONSOLE:2] "클립보드 읽기 권한 상태: granted", source: https://feblog.pstatic.net/real/pc/2025.10.01/js/vendor.6794114dd270eb42c37c.js (2)
[14062:253552:1008/174124.073902:INFO:CONSOLE:2] "클립보드 읽기 권한 상태: granted", source: https://feblog.pstatic.net/real/pc/2025.10.01/js/vendor.6794114dd270eb42c37c.js (2)
[14062:253552:1008/174126.070790:INFO:CONSOLE:2] "클립보드 읽기 권한 상태: granted", source: https://feblog.pstatic.net/real/pc/2025.10.01/js/vendor.6794114dd270eb42c37c.js (2)
[14062:253552:1008/174126.596336:INFO:CONSOLE:1] "File chooser dialog can only be shown with a user activation.", source: https://editor-static.pstatic.net/e/basic.desktop/1.69.0/se-editor.js?t=1755855480440 (1)
[14062:253552:1008/174128.068585:INFO:CONSOLE:2] "클립보드 읽기 권한 상태: granted", source: https://feblog.pstatic.net/real/pc/2025.10.01/js/vendor.6794114dd270eb42c37c.js (2)
[14062:253552:1008/174128.598202:INFO:CONSOLE:1] "File chooser dialog can only be shown with a user activation.", source: https://editor-static.pstatic.net/e/basic.desktop/1.69.0/se-editor.js?t=1755855480440 (1)
[14062:253552:1008/174130.050363:INFO:CONSOLE:2] "클립보드 읽기 권한 상태: granted", source: https://feblog.pstatic.net/real/pc/2025.10.01/js/vendor.6794114dd270eb42c37c.js (2)
[14062:253552:1008/174130.582647:INFO:CONSOLE:1] "File chooser dialog can only be shown with a user activation.", source: https://editor-static.pstatic.net/e/basic.desktop/1.69.0/se-editor.js?t=1755855480440 (1)
[14062:253552:1008/174132.063651:INFO:CONSOLE:2] "클립보드 읽기 권한 상태: granted", source: https://feblog.pstatic.net/real/pc/2025.10.01/js/vendor.6794114dd270eb42c37c.js (2)
[14062:253552:1008/174132.582329:INFO:CONSOLE:1] "File chooser dialog can only be shown with a user activation.", source: https://editor-static.pstatic.net/e/basic.desktop/1.69.0/se-editor.js?t=1755855480440 (1)
[14062:253552:1008/174142.902016:INFO:CONSOLE:2] "키보드 입력 차단 및 포커스 정리 완료", source: https://feblog.pstatic.net/real/pc/2025.10.01/js/vendor.6794114dd270eb42c37c.js (2)
[14062:253552:1008/174147.997594:INFO:CONSOLE:2] "=== 최강화된 확인 버튼 찾기 시작 ===", source: https://feblog.pstatic.net/real/pc/2025.10.01/js/vendor.6794114dd270eb42c37c.js (2)
[14062:253552:1008/174147.997801:INFO:CONSOLE:2] "현재 페이지의 모든 버튼 상황:", source: https://feblog.pstatic.net/real/pc/2025.10.01/js/vendor.6794114dd270eb42c37c.js (2)
[14062:253552:1008/174147.998366:INFO:CONSOLE:2] "버튼 1: [object Object]", source: https://feblog.pstatic.net/real/pc/2025.10.01/js/vendor.6794114dd270eb42c37c.js (2)
[14062:253552:1008/174147.998725:INFO:CONSOLE:2] "버튼 2: [object Object]", source: https://feblog.pstatic.net/real/pc/2025.10.01/js/vendor.6794114dd270eb42c37c.js (2)
[14062:253552:1008/174147.998882:INFO:CONSOLE:2] "버튼 3: [object Object]", source: https://feblog.pstatic.net/real/pc/2025.10.01/js/vendor.6794114dd270eb42c37c.js (2)
[14062:253552:1008/174147.999031:INFO:CONSOLE:2] "버튼 4: [object Object]", source: https://feblog.pstatic.net/real/pc/2025.10.01/js/vendor.6794114dd270eb42c37c.js (2)
[14062:253552:1008/174147.999155:INFO:CONSOLE:2] "버튼 5: [object Object]", source: https://feblog.pstatic.net/real/pc/2025.10.01/js/vendor.6794114dd270eb42c37c.js (2)
[14062:253552:1008/174147.999272:INFO:CONSOLE:2] "버튼 6: [object Object]", source: https://feblog.pstatic.net/real/pc/2025.10.01/js/vendor.6794114dd270eb42c37c.js (2)
[14062:253552:1008/174147.999451:INFO:CONSOLE:2] "버튼 7: [object Object]", source: https://feblog.pstatic.net/real/pc/2025.10.01/js/vendor.6794114dd270eb42c37c.js (2)
[14062:253552:1008/174147.999633:INFO:CONSOLE:2] "버튼 8: [object Object]", source: https://feblog.pstatic.net/real/pc/2025.10.01/js/vendor.6794114dd270eb42c37c.js (2)
[14062:253552:1008/174147.999800:INFO:CONSOLE:2] "버튼 9: [object Object]", source: https://feblog.pstatic.net/real/pc/2025.10.01/js/vendor.6794114dd270eb42c37c.js (2)
[14062:253552:1008/174147.999924:INFO:CONSOLE:2] "버튼 10: [object Object]", source: https://feblog.pstatic.net/real/pc/2025.10.01/js/vendor.6794114dd270eb42c37c.js (2)
[14062:253552:1008/174148.000031:INFO:CONSOLE:2] "버튼 11: [object Object]", source: https://feblog.pstatic.net/real/pc/2025.10.01/js/vendor.6794114dd270eb42c37c.js (2)
[14062:253552:1008/174148.000130:INFO:CONSOLE:2] "버튼 12: [object Object]", source: https://feblog.pstatic.net/real/pc/2025.10.01/js/vendor.6794114dd270eb42c37c.js (2)
[14062:253552:1008/174148.000240:INFO:CONSOLE:2] "버튼 13: [object Object]", source: https://feblog.pstatic.net/real/pc/2025.10.01/js/vendor.6794114dd270eb42c37c.js (2)
[14062:253552:1008/174148.000338:INFO:CONSOLE:2] "버튼 14: [object Object]", source: https://feblog.pstatic.net/real/pc/2025.10.01/js/vendor.6794114dd270eb42c37c.js (2)
[14062:253552:1008/174148.000467:INFO:CONSOLE:2] "버튼 15: [object Object]", source: https://feblog.pstatic.net/real/pc/2025.10.01/js/vendor.6794114dd270eb42c37c.js (2)
[14062:253552:1008/174148.000686:INFO:CONSOLE:2] "버튼 16: [object Object]", source: https://feblog.pstatic.net/real/pc/2025.10.01/js/vendor.6794114dd270eb42c37c.js (2)
[14062:253552:1008/174148.000996:INFO:CONSOLE:2] "버튼 17: [object Object]", source: https://feblog.pstatic.net/real/pc/2025.10.01/js/vendor.6794114dd270eb42c37c.js (2)
[14062:253552:1008/174148.001158:INFO:CONSOLE:2] "버튼 18: [object Object]", source: https://feblog.pstatic.net/real/pc/2025.10.01/js/vendor.6794114dd270eb42c37c.js (2)
[14062:253552:1008/174148.001346:INFO:CONSOLE:2] "버튼 19: [object Object]", source: https://feblog.pstatic.net/real/pc/2025.10.01/js/vendor.6794114dd270eb42c37c.js (2)
[14062:253552:1008/174148.001480:INFO:CONSOLE:2] "버튼 20: [object Object]", source: https://feblog.pstatic.net/real/pc/2025.10.01/js/vendor.6794114dd270eb42c37c.js (2)
[14062:253552:1008/174148.001607:INFO:CONSOLE:2] "버튼 21: [object Object]", source: https://feblog.pstatic.net/real/pc/2025.10.01/js/vendor.6794114dd270eb42c37c.js (2)
[14062:253552:1008/174148.001755:INFO:CONSOLE:2] "버튼 22: [object Object]", source: https://feblog.pstatic.net/real/pc/2025.10.01/js/vendor.6794114dd270eb42c37c.js (2)
[14062:253552:1008/174148.001865:INFO:CONSOLE:2] "버튼 23: [object Object]", source: https://feblog.pstatic.net/real/pc/2025.10.01/js/vendor.6794114dd270eb42c37c.js (2)
[14062:253552:1008/174148.001971:INFO:CONSOLE:2] "버튼 24: [object Object]", source: https://feblog.pstatic.net/real/pc/2025.10.01/js/vendor.6794114dd270eb42c37c.js (2)
[14062:253552:1008/174148.002105:INFO:CONSOLE:2] "버튼 25: [object Object]", source: https://feblog.pstatic.net/real/pc/2025.10.01/js/vendor.6794114dd270eb42c37c.js (2)
[14062:253552:1008/174148.002216:INFO:CONSOLE:2] "버튼 26: [object Object]", source: https://feblog.pstatic.net/real/pc/2025.10.01/js/vendor.6794114dd270eb42c37c.js (2)
[14062:253552:1008/174148.002323:INFO:CONSOLE:2] "버튼 27: [object Object]", source: https://feblog.pstatic.net/real/pc/2025.10.01/js/vendor.6794114dd270eb42c37c.js (2)
[14062:253552:1008/174148.002439:INFO:CONSOLE:2] "버튼 28: [object Object]", source: https://feblog.pstatic.net/real/pc/2025.10.01/js/vendor.6794114dd270eb42c37c.js (2)
[14062:253552:1008/174148.002565:INFO:CONSOLE:2] "버튼 29: [object Object]", source: https://feblog.pstatic.net/real/pc/2025.10.01/js/vendor.6794114dd270eb42c37c.js (2)
[14062:253552:1008/174148.002691:INFO:CONSOLE:2] "버튼 30: [object Object]", source: https://feblog.pstatic.net/real/pc/2025.10.01/js/vendor.6794114dd270eb42c37c.js (2)
[14062:253552:1008/174148.002780:INFO:CONSOLE:2] "버튼 31: [object Object]", source: https://feblog.pstatic.net/real/pc/2025.10.01/js/vendor.6794114dd270eb42c37c.js (2)
[14062:253552:1008/174148.002877:INFO:CONSOLE:2] "버튼 32: [object Object]", source: https://feblog.pstatic.net/real/pc/2025.10.01/js/vendor.6794114dd270eb42c37c.js (2)
[14062:253552:1008/174148.002963:INFO:CONSOLE:2] "버튼 33: [object Object]", source: https://feblog.pstatic.net/real/pc/2025.10.01/js/vendor.6794114dd270eb42c37c.js (2)
[14062:253552:1008/174148.003050:INFO:CONSOLE:2] "버튼 34: [object Object]", source: https://feblog.pstatic.net/real/pc/2025.10.01/js/vendor.6794114dd270eb42c37c.js (2)
[14062:253552:1008/174148.003143:INFO:CONSOLE:2] "버튼 35: [object Object]", source: https://feblog.pstatic.net/real/pc/2025.10.01/js/vendor.6794114dd270eb42c37c.js (2)
[14062:253552:1008/174148.003226:INFO:CONSOLE:2] "버튼 36: [object Object]", source: https://feblog.pstatic.net/real/pc/2025.10.01/js/vendor.6794114dd270eb42c37c.js (2)
[14062:253552:1008/174148.003321:INFO:CONSOLE:2] "버튼 37: [object Object]", source: https://feblog.pstatic.net/real/pc/2025.10.01/js/vendor.6794114dd270eb42c37c.js (2)
[14062:253552:1008/174148.003401:INFO:CONSOLE:2] "버튼 38: [object Object]", source: https://feblog.pstatic.net/real/pc/2025.10.01/js/vendor.6794114dd270eb42c37c.js (2)
[14062:253552:1008/174148.003489:INFO:CONSOLE:2] "버튼 39: [object Object]", source: https://feblog.pstatic.net/real/pc/2025.10.01/js/vendor.6794114dd270eb42c37c.js (2)
[14062:253552:1008/174148.003585:INFO:CONSOLE:2] "버튼 40: [object Object]", source: https://feblog.pstatic.net/real/pc/2025.10.01/js/vendor.6794114dd270eb42c37c.js (2)
[14062:253552:1008/174148.003669:INFO:CONSOLE:2] "버튼 41: [object Object]", source: https://feblog.pstatic.net/real/pc/2025.10.01/js/vendor.6794114dd270eb42c37c.js (2)
[14062:253552:1008/174148.003765:INFO:CONSOLE:2] "버튼 42: [object Object]", source: https://feblog.pstatic.net/real/pc/2025.10.01/js/vendor.6794114dd270eb42c37c.js (2)
[14062:253552:1008/174148.003850:INFO:CONSOLE:2] "버튼 43: [object Object]", source: https://feblog.pstatic.net/real/pc/2025.10.01/js/vendor.6794114dd270eb42c37c.js (2)
[14062:253552:1008/174148.003958:INFO:CONSOLE:2] "버튼 45: [object Object]", source: https://feblog.pstatic.net/real/pc/2025.10.01/js/vendor.6794114dd270eb42c37c.js (2)
[14062:253552:1008/174148.004052:INFO:CONSOLE:2] "버튼 47: [object Object]", source: https://feblog.pstatic.net/real/pc/2025.10.01/js/vendor.6794114dd270eb42c37c.js (2)
[14062:253552:1008/174148.004148:INFO:CONSOLE:2] "버튼 51: [object Object]", source: https://feblog.pstatic.net/real/pc/2025.10.01/js/vendor.6794114dd270eb42c37c.js (2)
[14062:253552:1008/174148.004246:INFO:CONSOLE:2] "버튼 55: [object Object]", source: https://feblog.pstatic.net/real/pc/2025.10.01/js/vendor.6794114dd270eb42c37c.js (2)
[14062:253552:1008/174148.004338:INFO:CONSOLE:2] "버튼 59: [object Object]", source: https://feblog.pstatic.net/real/pc/2025.10.01/js/vendor.6794114dd270eb42c37c.js (2)
[14062:253552:1008/174148.004422:INFO:CONSOLE:2] "버튼 60: [object Object]", source: https://feblog.pstatic.net/real/pc/2025.10.01/js/vendor.6794114dd270eb42c37c.js (2)
[14062:253552:1008/174148.004515:INFO:CONSOLE:2] "버튼 63: [object Object]", source: https://feblog.pstatic.net/real/pc/2025.10.01/js/vendor.6794114dd270eb42c37c.js (2)
[14062:253552:1008/174148.004604:INFO:CONSOLE:2] "버튼 64: [object Object]", source: https://feblog.pstatic.net/real/pc/2025.10.01/js/vendor.6794114dd270eb42c37c.js (2)
[14062:253552:1008/174148.004698:INFO:CONSOLE:2] "버튼 67: [object Object]", source: https://feblog.pstatic.net/real/pc/2025.10.01/js/vendor.6794114dd270eb42c37c.js (2)
[14062:253552:1008/174148.004772:INFO:CONSOLE:2] "버튼 68: [object Object]", source: https://feblog.pstatic.net/real/pc/2025.10.01/js/vendor.6794114dd270eb42c37c.js (2)
[14062:253552:1008/174148.004879:INFO:CONSOLE:2] "버튼 71: [object Object]", source: https://feblog.pstatic.net/real/pc/2025.10.01/js/vendor.6794114dd270eb42c37c.js (2)
[14062:253552:1008/174148.004960:INFO:CONSOLE:2] "버튼 72: [object Object]", source: https://feblog.pstatic.net/real/pc/2025.10.01/js/vendor.6794114dd270eb42c37c.js (2)
[14062:253552:1008/174148.005046:INFO:CONSOLE:2] "버튼 75: [object Object]", source: https://feblog.pstatic.net/real/pc/2025.10.01/js/vendor.6794114dd270eb42c37c.js (2)
[14062:253552:1008/174148.005131:INFO:CONSOLE:2] "버튼 76: [object Object]", source: https://feblog.pstatic.net/real/pc/2025.10.01/js/vendor.6794114dd270eb42c37c.js (2)
[14062:253552:1008/174148.005215:INFO:CONSOLE:2] "버튼 79: [object Object]", source: https://feblog.pstatic.net/real/pc/2025.10.01/js/vendor.6794114dd270eb42c37c.js (2)
[14062:253552:1008/174148.005328:INFO:CONSOLE:2] "버튼 99: [object Object]", source: https://feblog.pstatic.net/real/pc/2025.10.01/js/vendor.6794114dd270eb42c37c.js (2)
[14062:253552:1008/174148.005410:INFO:CONSOLE:2] "버튼 100: [object Object]", source: https://feblog.pstatic.net/real/pc/2025.10.01/js/vendor.6794114dd270eb42c37c.js (2)
[14062:253552:1008/174148.005514:INFO:CONSOLE:2] "버튼 101: [object Object]", source: https://feblog.pstatic.net/real/pc/2025.10.01/js/vendor.6794114dd270eb42c37c.js (2)
[14062:253552:1008/174148.005604:INFO:CONSOLE:2] "버튼 102: [object Object]", source: https://feblog.pstatic.net/real/pc/2025.10.01/js/vendor.6794114dd270eb42c37c.js (2)
[14062:253552:1008/174148.005694:INFO:CONSOLE:2] "버튼 103: [object Object]", source: https://feblog.pstatic.net/real/pc/2025.10.01/js/vendor.6794114dd270eb42c37c.js (2)
[14062:253552:1008/174148.005784:INFO:CONSOLE:2] "버튼 104: [object Object]", source: https://feblog.pstatic.net/real/pc/2025.10.01/js/vendor.6794114dd270eb42c37c.js (2)
[14062:253552:1008/174148.005858:INFO:CONSOLE:2] "버튼 105: [object Object]", source: https://feblog.pstatic.net/real/pc/2025.10.01/js/vendor.6794114dd270eb42c37c.js (2)
[14062:253552:1008/174148.005966:INFO:CONSOLE:2] "버튼 106: [object Object]", source: https://feblog.pstatic.net/real/pc/2025.10.01/js/vendor.6794114dd270eb42c37c.js (2)
[14062:253552:1008/174148.006061:INFO:CONSOLE:2] "버튼 107: [object Object]", source: https://feblog.pstatic.net/real/pc/2025.10.01/js/vendor.6794114dd270eb42c37c.js (2)
[14062:253552:1008/174148.006150:INFO:CONSOLE:2] "버튼 108: [object Object]", source: https://feblog.pstatic.net/real/pc/2025.10.01/js/vendor.6794114dd270eb42c37c.js (2)
[14062:253552:1008/174148.006266:INFO:CONSOLE:2] "버튼 109: [object Object]", source: https://feblog.pstatic.net/real/pc/2025.10.01/js/vendor.6794114dd270eb42c37c.js (2)
[14062:253552:1008/174148.006345:INFO:CONSOLE:2] "버튼 110: [object Object]", source: https://feblog.pstatic.net/real/pc/2025.10.01/js/vendor.6794114dd270eb42c37c.js (2)
[14062:253552:1008/174148.006451:INFO:CONSOLE:2] "버튼 111: [object Object]", source: https://feblog.pstatic.net/real/pc/2025.10.01/js/vendor.6794114dd270eb42c37c.js (2)
[14062:253552:1008/174148.006527:INFO:CONSOLE:2] "버튼 112: [object Object]", source: https://feblog.pstatic.net/real/pc/2025.10.01/js/vendor.6794114dd270eb42c37c.js (2)
[14062:253552:1008/174148.006614:INFO:CONSOLE:2] "버튼 113: [object Object]", source: https://feblog.pstatic.net/real/pc/2025.10.01/js/vendor.6794114dd270eb42c37c.js (2)
[14062:253552:1008/174148.006720:INFO:CONSOLE:2] "버튼 114: [object Object]", source: https://feblog.pstatic.net/real/pc/2025.10.01/js/vendor.6794114dd270eb42c37c.js (2)
[14062:253552:1008/174148.006784:INFO:CONSOLE:2] "버튼 115: [object Object]", source: https://feblog.pstatic.net/real/pc/2025.10.01/js/vendor.6794114dd270eb42c37c.js (2)
[14062:253552:1008/174148.006881:INFO:CONSOLE:2] "버튼 116: [object Object]", source: https://feblog.pstatic.net/real/pc/2025.10.01/js/vendor.6794114dd270eb42c37c.js (2)
[14062:253552:1008/174148.006962:INFO:CONSOLE:2] "버튼 117: [object Object]", source: https://feblog.pstatic.net/real/pc/2025.10.01/js/vendor.6794114dd270eb42c37c.js (2)
[14062:253552:1008/174148.007162:INFO:CONSOLE:2] "버튼 118: [object Object]", source: https://feblog.pstatic.net/real/pc/2025.10.01/js/vendor.6794114dd270eb42c37c.js (2)
[14062:253552:1008/174148.007276:INFO:CONSOLE:2] "버튼 119: [object Object]", source: https://feblog.pstatic.net/real/pc/2025.10.01/js/vendor.6794114dd270eb42c37c.js (2)
[14062:253552:1008/174148.007368:INFO:CONSOLE:2] "버튼 120: [object Object]", source: https://feblog.pstatic.net/real/pc/2025.10.01/js/vendor.6794114dd270eb42c37c.js (2)
[14062:253552:1008/174148.007467:INFO:CONSOLE:2] "버튼 121: [object Object]", source: https://feblog.pstatic.net/real/pc/2025.10.01/js/vendor.6794114dd270eb42c37c.js (2)
[14062:253552:1008/174148.007569:INFO:CONSOLE:2] "버튼 122: [object Object]", source: https://feblog.pstatic.net/real/pc/2025.10.01/js/vendor.6794114dd270eb42c37c.js (2)
[14062:253552:1008/174148.007644:INFO:CONSOLE:2] "버튼 123: [object Object]", source: https://feblog.pstatic.net/real/pc/2025.10.01/js/vendor.6794114dd270eb42c37c.js (2)
[14062:253552:1008/174148.007752:INFO:CONSOLE:2] "버튼 124: [object Object]", source: https://feblog.pstatic.net/real/pc/2025.10.01/js/vendor.6794114dd270eb42c37c.js (2)
[14062:253552:1008/174148.007846:INFO:CONSOLE:2] "버튼 125: [object Object]", source: https://feblog.pstatic.net/real/pc/2025.10.01/js/vendor.6794114dd270eb42c37c.js (2)
[14062:253552:1008/174148.007919:INFO:CONSOLE:2] "1단계: 정확한 선택자로 시도...", source: https://feblog.pstatic.net/real/pc/2025.10.01/js/vendor.6794114dd270eb42c37c.js (2)
[14062:253552:1008/174148.008076:INFO:CONSOLE:2] "✅ 정확한 선택자로 확인 버튼 클릭: button.se-popup-button-confirm", source: https://feblog.pstatic.net/real/pc/2025.10.01/js/vendor.6794114dd270eb42c37c.js (2)
[14062:253552:1008/174150.299801:INFO:CONSOLE:2] "키보드 입력 차단 해제 완료", source: https://feblog.pstatic.net/real/pc/2025.10.01/js/vendor.6794114dd270eb42c37c.js (2)
[14062:253552:1008/174151.436100:INFO:CONSOLE:2] "Google Maps JavaScript API has been loaded directly without loading=async. This can result in suboptimal performance. For best-practice loading patterns please see https://goo.gle/js-api-loading", source: https://feblog.pstatic.net/real/pc/2025.10.01/js/vendor.6794114dd270eb42c37c.js (2)
[14062:253552:1008/174158.262747:INFO:CONSOLE:2] "추가 버튼 발견, 5번 클릭 시도 시작...", source: https://feblog.pstatic.net/real/pc/2025.10.01/js/vendor.6794114dd270eb42c37c.js (2)
[14062:253552:1008/174158.263973:INFO:CONSOLE:2] "1번째 클릭 시도...", source: https://feblog.pstatic.net/real/pc/2025.10.01/js/vendor.6794114dd270eb42c37c.js (2)
[14062:253552:1008/174159.265605:INFO:CONSOLE:2] "2번째 클릭 시도...", source: https://feblog.pstatic.net/real/pc/2025.10.01/js/vendor.6794114dd270eb42c37c.js (2)
[14062:253552:1008/174200.265547:INFO:CONSOLE:2] "3번째 클릭 시도...", source: https://feblog.pstatic.net/real/pc/2025.10.01/js/vendor.6794114dd270eb42c37c.js (2)
[14062:253552:1008/174201.264780:INFO:CONSOLE:2] "4번째 클릭 시도...", source: https://feblog.pstatic.net/real/pc/2025.10.01/js/vendor.6794114dd270eb42c37c.js (2)
[14062:253552:1008/174202.265455:INFO:CONSOLE:2] "5번째 클릭 시도...", source: https://feblog.pstatic.net/real/pc/2025.10.01/js/vendor.6794114dd270eb42c37c.js (2)
[14062:253552:1008/174203.287938:INFO:CONSOLE:2] "정확한 선택자로 확인 버튼 발견", source: https://feblog.pstatic.net/real/pc/2025.10.01/js/vendor.6794114dd270eb42c37c.js (2)
[14062:253552:1008/174253.808624:INFO:CONSOLE:2] "=== 최종 발행 버튼 찾기 시작 ===", source: https://feblog.pstatic.net/real/pc/2025.10.01/js/vendor.6794114dd270eb42c37c.js (2)
[14062:253552:1008/174253.809750:INFO:CONSOLE:2] "🎯 data-testid로 발행 버튼 찾기...", source: https://feblog.pstatic.net/real/pc/2025.10.01/js/vendor.6794114dd270eb42c37c.js (2)
[14062:253552:1008/174253.809837:INFO:CONSOLE:2] "🎯 confirm_btn 클래스로 발행 버튼 찾기...", source: https://feblog.pstatic.net/real/pc/2025.10.01/js/vendor.6794114dd270eb42c37c.js (2)
[14062:253552:1008/174253.809883:INFO:CONSOLE:2] "✅ confirm_btn으로 발행 버튼 발견: [object Object]", source: https://feblog.pstatic.net/real/pc/2025.10.01/js/vendor.6794114dd270eb42c37c.js (2)
[14062:253552:1008/174253.837143:INFO:CONSOLE:2] "✅ confirm_btn 발행 버튼 클릭 완료", source: https://feblog.pstatic.net/real/pc/2025.10.01/js/vendor.6794114dd270eb42c37c.js (2)
[14062:253552:1008/174255.069913:INFO:CONSOLE:275] "Google Maps JavaScript API has been loaded directly without loading=async. This can result in suboptimal performance. For best-practice loading patterns please see https://goo.gle/js-api-loading", source: https://maps.google.co.kr/maps/api/js?v=3&client=gme-nhncorp&language=ko&channel=naver_blog (275)
[14062:253552:1008/180718.658196:INFO:CONSOLE:2] "클립보드 읽기 권한 상태: granted", source: https://feblog.pstatic.net/real/pc/2025.10.01/js/vendor.6794114dd270eb42c37c.js (2)
[14062:253552:1008/180722.265960:INFO:CONSOLE:2] "클립보드 읽기 권한 상태: granted", source: https://feblog.pstatic.net/real/pc/2025.10.01/js/vendor.6794114dd270eb42c37c.js (2)
[14062:253552:1008/180726.314684:INFO:CONSOLE:2] "클립보드 읽기 권한 상태: granted", source: https://feblog.pstatic.net/real/pc/2025.10.01/js/vendor.6794114dd270eb42c37c.js (2)
[14062:253552:1008/180730.533609:INFO:CONSOLE:2] "클립보드 읽기 권한 상태: granted", source: https://feblog.pstatic.net/real/pc/2025.10.01/js/vendor.6794114dd270eb42c37c.js (2)
[14062:253552:1008/180732.735425:INFO:CONSOLE:2] "클립보드 읽기 권한 상태: granted", source: https://feblog.pstatic.net/real/pc/2025.10.01/js/vendor.6794114dd270eb42c37c.js (2)
[14062:253552:1008/180734.745481:INFO:CONSOLE:2] "클립보드 읽기 권한 상태: granted", source: https://feblog.pstatic.net/real/pc/2025.10.01/js/vendor.6794114dd270eb42c37c.js (2)
[14062:253552:1008/180736.760324:INFO:CONSOLE:2] "클립보드 읽기 권한 상태: granted", source: https://feblog.pstatic.net/real/pc/2025.10.01/js/vendor.6794114dd270eb42c37c.js (2)
[14062:253552:1008/180737.296581:INFO:CONSOLE:1] "File chooser dialog can only be shown with a user activation.", source: https://editor-static.pstatic.net/e/basic.desktop/1.69.0/se-editor.js?t=1755855480440 (1)
[14062:253552:1008/180738.736460:INFO:CONSOLE:2] "클립보드 읽기 권한 상태: granted", source: https://feblog.pstatic.net/real/pc/2025.10.01/js/vendor.6794114dd270eb42c37c.js (2)
[14062:253552:1008/180739.264139:INFO:CONSOLE:1] "File chooser dialog can only be shown with a user activation.", source: https://editor-static.pstatic.net/e/basic.desktop/1.69.0/se-editor.js?t=1755855480440 (1)
[14062:253552:1008/180740.732294:INFO:CONSOLE:2] "클립보드 읽기 권한 상태: granted", source: https://feblog.pstatic.net/real/pc/2025.10.01/js/vendor.6794114dd270eb42c37c.js (2)
[14062:253552:1008/180741.257914:INFO:CONSOLE:1] "File chooser dialog can only be shown with a user activation.", source: https://editor-static.pstatic.net/e/basic.desktop/1.69.0/se-editor.js?t=1755855480440 (1)
[14062:253552:1008/180742.695257:INFO:CONSOLE:2] "클립보드 읽기 권한 상태: granted", source: https://feblog.pstatic.net/real/pc/2025.10.01/js/vendor.6794114dd270eb42c37c.js (2)
[14062:253552:1008/180743.218025:INFO:CONSOLE:1] "File chooser dialog can only be shown with a user activation.", source: https://editor-static.pstatic.net/e/basic.desktop/1.69.0/se-editor.js?t=1755855480440 (1)
[14062:253552:1008/180744.665737:INFO:CONSOLE:2] "클립보드 읽기 권한 상태: granted", source: https://feblog.pstatic.net/real/pc/2025.10.01/js/vendor.6794114dd270eb42c37c.js (2)
[14062:253552:1008/180745.193402:INFO:CONSOLE:1] "File chooser dialog can only be shown with a user activation.", source: https://editor-static.pstatic.net/e/basic.desktop/1.69.0/se-editor.js?t=1755855480440 (1)
[14062:253552:1008/180746.647891:INFO:CONSOLE:2] "클립보드 읽기 권한 상태: granted", source: https://feblog.pstatic.net/real/pc/2025.10.01/js/vendor.6794114dd270eb42c37c.js (2)
[14062:253552:1008/180747.165311:INFO:CONSOLE:1] "File chooser dialog can only be shown with a user activation.", source: https://editor-static.pstatic.net/e/basic.desktop/1.69.0/se-editor.js?t=1755855480440 (1)
[14062:253552:1008/180757.555201:INFO:CONSOLE:2] "키보드 입력 차단 및 포커스 정리 완료", source: https://feblog.pstatic.net/real/pc/2025.10.01/js/vendor.6794114dd270eb42c37c.js (2)
[14062:253552:1008/180802.666436:INFO:CONSOLE:2] "=== 최강화된 확인 버튼 찾기 시작 ===", source: https://feblog.pstatic.net/real/pc/2025.10.01/js/vendor.6794114dd270eb42c37c.js (2)
[14062:253552:1008/180802.666565:INFO:CONSOLE:2] "현재 페이지의 모든 버튼 상황:", source: https://feblog.pstatic.net/real/pc/2025.10.01/js/vendor.6794114dd270eb42c37c.js (2)
[14062:253552:1008/180802.667079:INFO:CONSOLE:2] "버튼 1: [object Object]", source: https://feblog.pstatic.net/real/pc/2025.10.01/js/vendor.6794114dd270eb42c37c.js (2)
[14062:253552:1008/180802.667280:INFO:CONSOLE:2] "버튼 2: [object Object]", source: https://feblog.pstatic.net/real/pc/2025.10.01/js/vendor.6794114dd270eb42c37c.js (2)
[14062:253552:1008/180802.667399:INFO:CONSOLE:2] "버튼 3: [object Object]", source: https://feblog.pstatic.net/real/pc/2025.10.01/js/vendor.6794114dd270eb42c37c.js (2)
[14062:253552:1008/180802.667498:INFO:CONSOLE:2] "버튼 4: [object Object]", source: https://feblog.pstatic.net/real/pc/2025.10.01/js/vendor.6794114dd270eb42c37c.js (2)
[14062:253552:1008/180802.667602:INFO:CONSOLE:2] "버튼 5: [object Object]", source: https://feblog.pstatic.net/real/pc/2025.10.01/js/vendor.6794114dd270eb42c37c.js (2)
[14062:253552:1008/180802.667713:INFO:CONSOLE:2] "버튼 6: [object Object]", source: https://feblog.pstatic.net/real/pc/2025.10.01/js/vendor.6794114dd270eb42c37c.js (2)
[14062:253552:1008/180802.667825:INFO:CONSOLE:2] "버튼 7: [object Object]", source: https://feblog.pstatic.net/real/pc/2025.10.01/js/vendor.6794114dd270eb42c37c.js (2)
[14062:253552:1008/180802.667922:INFO:CONSOLE:2] "버튼 8: [object Object]", source: https://feblog.pstatic.net/real/pc/2025.10.01/js/vendor.6794114dd270eb42c37c.js (2)
[14062:253552:1008/180802.668033:INFO:CONSOLE:2] "버튼 9: [object Object]", source: https://feblog.pstatic.net/real/pc/2025.10.01/js/vendor.6794114dd270eb42c37c.js (2)
[14062:253552:1008/180802.668139:INFO:CONSOLE:2] "버튼 10: [object Object]", source: https://feblog.pstatic.net/real/pc/2025.10.01/js/vendor.6794114dd270eb42c37c.js (2)
[14062:253552:1008/180802.668237:INFO:CONSOLE:2] "버튼 11: [object Object]", source: https://feblog.pstatic.net/real/pc/2025.10.01/js/vendor.6794114dd270eb42c37c.js (2)
[14062:253552:1008/180802.668321:INFO:CONSOLE:2] "버튼 12: [object Object]", source: https://feblog.pstatic.net/real/pc/2025.10.01/js/vendor.6794114dd270eb42c37c.js (2)
[14062:253552:1008/180802.668408:INFO:CONSOLE:2] "버튼 13: [object Object]", source: https://feblog.pstatic.net/real/pc/2025.10.01/js/vendor.6794114dd270eb42c37c.js (2)
[14062:253552:1008/180802.668491:INFO:CONSOLE:2] "버튼 14: [object Object]", source: https://feblog.pstatic.net/real/pc/2025.10.01/js/vendor.6794114dd270eb42c37c.js (2)
[14062:253552:1008/180802.668599:INFO:CONSOLE:2] "버튼 15: [object Object]", source: https://feblog.pstatic.net/real/pc/2025.10.01/js/vendor.6794114dd270eb42c37c.js (2)
[14062:253552:1008/180802.668652:INFO:CONSOLE:2] "버튼 16: [object Object]", source: https://feblog.pstatic.net/real/pc/2025.10.01/js/vendor.6794114dd270eb42c37c.js (2)
[14062:253552:1008/180802.668747:INFO:CONSOLE:2] "버튼 17: [object Object]", source: https://feblog.pstatic.net/real/pc/2025.10.01/js/vendor.6794114dd270eb42c37c.js (2)
[14062:253552:1008/180802.668860:INFO:CONSOLE:2] "버튼 18: [object Object]", source: https://feblog.pstatic.net/real/pc/2025.10.01/js/vendor.6794114dd270eb42c37c.js (2)
[14062:253552:1008/180802.668928:INFO:CONSOLE:2] "버튼 19: [object Object]", source: https://feblog.pstatic.net/real/pc/2025.10.01/js/vendor.6794114dd270eb42c37c.js (2)
[14062:253552:1008/180802.669052:INFO:CONSOLE:2] "버튼 20: [object Object]", source: https://feblog.pstatic.net/real/pc/2025.10.01/js/vendor.6794114dd270eb42c37c.js (2)
[14062:253552:1008/180802.669148:INFO:CONSOLE:2] "버튼 21: [object Object]", source: https://feblog.pstatic.net/real/pc/2025.10.01/js/vendor.6794114dd270eb42c37c.js (2)
[14062:253552:1008/180802.669252:INFO:CONSOLE:2] "버튼 22: [object Object]", source: https://feblog.pstatic.net/real/pc/2025.10.01/js/vendor.6794114dd270eb42c37c.js (2)
[14062:253552:1008/180802.669354:INFO:CONSOLE:2] "버튼 23: [object Object]", source: https://feblog.pstatic.net/real/pc/2025.10.01/js/vendor.6794114dd270eb42c37c.js (2)
[14062:253552:1008/180802.669425:INFO:CONSOLE:2] "버튼 24: [object Object]", source: https://feblog.pstatic.net/real/pc/2025.10.01/js/vendor.6794114dd270eb42c37c.js (2)
[14062:253552:1008/180802.669531:INFO:CONSOLE:2] "버튼 25: [object Object]", source: https://feblog.pstatic.net/real/pc/2025.10.01/js/vendor.6794114dd270eb42c37c.js (2)
[14062:253552:1008/180802.669617:INFO:CONSOLE:2] "버튼 26: [object Object]", source: https://feblog.pstatic.net/real/pc/2025.10.01/js/vendor.6794114dd270eb42c37c.js (2)
[14062:253552:1008/180802.669710:INFO:CONSOLE:2] "버튼 27: [object Object]", source: https://feblog.pstatic.net/real/pc/2025.10.01/js/vendor.6794114dd270eb42c37c.js (2)
[14062:253552:1008/180802.669798:INFO:CONSOLE:2] "버튼 28: [object Object]", source: https://feblog.pstatic.net/real/pc/2025.10.01/js/vendor.6794114dd270eb42c37c.js (2)
[14062:253552:1008/180802.669881:INFO:CONSOLE:2] "버튼 29: [object Object]", source: https://feblog.pstatic.net/real/pc/2025.10.01/js/vendor.6794114dd270eb42c37c.js (2)
[14062:253552:1008/180802.669970:INFO:CONSOLE:2] "버튼 30: [object Object]", source: https://feblog.pstatic.net/real/pc/2025.10.01/js/vendor.6794114dd270eb42c37c.js (2)
[14062:253552:1008/180802.670059:INFO:CONSOLE:2] "버튼 31: [object Object]", source: https://feblog.pstatic.net/real/pc/2025.10.01/js/vendor.6794114dd270eb42c37c.js (2)
[14062:253552:1008/180802.670175:INFO:CONSOLE:2] "버튼 32: [object Object]", source: https://feblog.pstatic.net/real/pc/2025.10.01/js/vendor.6794114dd270eb42c37c.js (2)
[14062:253552:1008/180802.670254:INFO:CONSOLE:2] "버튼 33: [object Object]", source: https://feblog.pstatic.net/real/pc/2025.10.01/js/vendor.6794114dd270eb42c37c.js (2)
[14062:253552:1008/180802.670365:INFO:CONSOLE:2] "버튼 34: [object Object]", source: https://feblog.pstatic.net/real/pc/2025.10.01/js/vendor.6794114dd270eb42c37c.js (2)
[14062:253552:1008/180802.670454:INFO:CONSOLE:2] "버튼 35: [object Object]", source: https://feblog.pstatic.net/real/pc/2025.10.01/js/vendor.6794114dd270eb42c37c.js (2)
[14062:253552:1008/180802.670541:INFO:CONSOLE:2] "버튼 36: [object Object]", source: https://feblog.pstatic.net/real/pc/2025.10.01/js/vendor.6794114dd270eb42c37c.js (2)
[14062:253552:1008/180802.670629:INFO:CONSOLE:2] "버튼 37: [object Object]", source: https://feblog.pstatic.net/real/pc/2025.10.01/js/vendor.6794114dd270eb42c37c.js (2)
[14062:253552:1008/180802.670701:INFO:CONSOLE:2] "버튼 38: [object Object]", source: https://feblog.pstatic.net/real/pc/2025.10.01/js/vendor.6794114dd270eb42c37c.js (2)
[14062:253552:1008/180802.670815:INFO:CONSOLE:2] "버튼 39: [object Object]", source: https://feblog.pstatic.net/real/pc/2025.10.01/js/vendor.6794114dd270eb42c37c.js (2)
[14062:253552:1008/180802.670890:INFO:CONSOLE:2] "버튼 40: [object Object]", source: https://feblog.pstatic.net/real/pc/2025.10.01/js/vendor.6794114dd270eb42c37c.js (2)
[14062:253552:1008/180802.670966:INFO:CONSOLE:2] "버튼 41: [object Object]", source: https://feblog.pstatic.net/real/pc/2025.10.01/js/vendor.6794114dd270eb42c37c.js (2)
[14062:253552:1008/180802.671070:INFO:CONSOLE:2] "버튼 42: [object Object]", source: https://feblog.pstatic.net/real/pc/2025.10.01/js/vendor.6794114dd270eb42c37c.js (2)
[14062:253552:1008/180802.671154:INFO:CONSOLE:2] "버튼 43: [object Object]", source: https://feblog.pstatic.net/real/pc/2025.10.01/js/vendor.6794114dd270eb42c37c.js (2)
[14062:253552:1008/180802.671245:INFO:CONSOLE:2] "버튼 45: [object Object]", source: https://feblog.pstatic.net/real/pc/2025.10.01/js/vendor.6794114dd270eb42c37c.js (2)
[14062:253552:1008/180802.671340:INFO:CONSOLE:2] "버튼 47: [object Object]", source: https://feblog.pstatic.net/real/pc/2025.10.01/js/vendor.6794114dd270eb42c37c.js (2)
[14062:253552:1008/180802.671425:INFO:CONSOLE:2] "버튼 51: [object Object]", source: https://feblog.pstatic.net/real/pc/2025.10.01/js/vendor.6794114dd270eb42c37c.js (2)
[14062:253552:1008/180802.671524:INFO:CONSOLE:2] "버튼 55: [object Object]", source: https://feblog.pstatic.net/real/pc/2025.10.01/js/vendor.6794114dd270eb42c37c.js (2)
[14062:253552:1008/180802.671602:INFO:CONSOLE:2] "버튼 58: [object Object]", source: https://feblog.pstatic.net/real/pc/2025.10.01/js/vendor.6794114dd270eb42c37c.js (2)
[14062:253552:1008/180802.671695:INFO:CONSOLE:2] "버튼 59: [object Object]", source: https://feblog.pstatic.net/real/pc/2025.10.01/js/vendor.6794114dd270eb42c37c.js (2)
[14062:253552:1008/180802.671787:INFO:CONSOLE:2] "버튼 61: [object Object]", source: https://feblog.pstatic.net/real/pc/2025.10.01/js/vendor.6794114dd270eb42c37c.js (2)
[14062:253552:1008/180802.671850:INFO:CONSOLE:2] "버튼 62: [object Object]", source: https://feblog.pstatic.net/real/pc/2025.10.01/js/vendor.6794114dd270eb42c37c.js (2)
[14062:253552:1008/180802.671964:INFO:CONSOLE:2] "버튼 64: [object Object]", source: https://feblog.pstatic.net/real/pc/2025.10.01/js/vendor.6794114dd270eb42c37c.js (2)
[14062:253552:1008/180802.672049:INFO:CONSOLE:2] "버튼 65: [object Object]", source: https://feblog.pstatic.net/real/pc/2025.10.01/js/vendor.6794114dd270eb42c37c.js (2)
[14062:253552:1008/180802.672153:INFO:CONSOLE:2] "버튼 67: [object Object]", source: https://feblog.pstatic.net/real/pc/2025.10.01/js/vendor.6794114dd270eb42c37c.js (2)
[14062:253552:1008/180802.672255:INFO:CONSOLE:2] "버튼 68: [object Object]", source: https://feblog.pstatic.net/real/pc/2025.10.01/js/vendor.6794114dd270eb42c37c.js (2)
[14062:253552:1008/180802.672325:INFO:CONSOLE:2] "버튼 70: [object Object]", source: https://feblog.pstatic.net/real/pc/2025.10.01/js/vendor.6794114dd270eb42c37c.js (2)
[14062:253552:1008/180802.672397:INFO:CONSOLE:2] "버튼 71: [object Object]", source: https://feblog.pstatic.net/real/pc/2025.10.01/js/vendor.6794114dd270eb42c37c.js (2)
[14062:253552:1008/180802.672506:INFO:CONSOLE:2] "버튼 73: [object Object]", source: https://feblog.pstatic.net/real/pc/2025.10.01/js/vendor.6794114dd270eb42c37c.js (2)
[14062:253552:1008/180802.672571:INFO:CONSOLE:2] "버튼 74: [object Object]", source: https://feblog.pstatic.net/real/pc/2025.10.01/js/vendor.6794114dd270eb42c37c.js (2)
[14062:253552:1008/180802.672658:INFO:CONSOLE:2] "버튼 77: [object Object]", source: https://feblog.pstatic.net/real/pc/2025.10.01/js/vendor.6794114dd270eb42c37c.js (2)
[14062:253552:1008/180802.672726:INFO:CONSOLE:2] "버튼 78: [object Object]", source: https://feblog.pstatic.net/real/pc/2025.10.01/js/vendor.6794114dd270eb42c37c.js (2)
[14062:253552:1008/180802.672790:INFO:CONSOLE:2] "버튼 81: [object Object]", source: https://feblog.pstatic.net/real/pc/2025.10.01/js/vendor.6794114dd270eb42c37c.js (2)
[14062:253552:1008/180802.672875:INFO:CONSOLE:2] "버튼 82: [object Object]", source: https://feblog.pstatic.net/real/pc/2025.10.01/js/vendor.6794114dd270eb42c37c.js (2)
[14062:253552:1008/180802.672945:INFO:CONSOLE:2] "버튼 85: [object Object]", source: https://feblog.pstatic.net/real/pc/2025.10.01/js/vendor.6794114dd270eb42c37c.js (2)
[14062:253552:1008/180802.673027:INFO:CONSOLE:2] "버튼 105: [object Object]", source: https://feblog.pstatic.net/real/pc/2025.10.01/js/vendor.6794114dd270eb42c37c.js (2)
[14062:253552:1008/180802.673090:INFO:CONSOLE:2] "버튼 106: [object Object]", source: https://feblog.pstatic.net/real/pc/2025.10.01/js/vendor.6794114dd270eb42c37c.js (2)
[14062:253552:1008/180802.673176:INFO:CONSOLE:2] "버튼 107: [object Object]", source: https://feblog.pstatic.net/real/pc/2025.10.01/js/vendor.6794114dd270eb42c37c.js (2)
[14062:253552:1008/180802.673244:INFO:CONSOLE:2] "버튼 108: [object Object]", source: https://feblog.pstatic.net/real/pc/2025.10.01/js/vendor.6794114dd270eb42c37c.js (2)
[14062:253552:1008/180802.673305:INFO:CONSOLE:2] "버튼 109: [object Object]", source: https://feblog.pstatic.net/real/pc/2025.10.01/js/vendor.6794114dd270eb42c37c.js (2)
[14062:253552:1008/180802.673385:INFO:CONSOLE:2] "버튼 110: [object Object]", source: https://feblog.pstatic.net/real/pc/2025.10.01/js/vendor.6794114dd270eb42c37c.js (2)
[14062:253552:1008/180802.673438:INFO:CONSOLE:2] "버튼 111: [object Object]", source: https://feblog.pstatic.net/real/pc/2025.10.01/js/vendor.6794114dd270eb42c37c.js (2)
[14062:253552:1008/180802.673516:INFO:CONSOLE:2] "버튼 112: [object Object]", source: https://feblog.pstatic.net/real/pc/2025.10.01/js/vendor.6794114dd270eb42c37c.js (2)
[14062:253552:1008/180802.673588:INFO:CONSOLE:2] "버튼 113: [object Object]", source: https://feblog.pstatic.net/real/pc/2025.10.01/js/vendor.6794114dd270eb42c37c.js (2)
[14062:253552:1008/180802.673655:INFO:CONSOLE:2] "버튼 114: [object Object]", source: https://feblog.pstatic.net/real/pc/2025.10.01/js/vendor.6794114dd270eb42c37c.js (2)
[14062:253552:1008/180802.673716:INFO:CONSOLE:2] "버튼 115: [object Object]", source: https://feblog.pstatic.net/real/pc/2025.10.01/js/vendor.6794114dd270eb42c37c.js (2)
[14062:253552:1008/180802.673800:INFO:CONSOLE:2] "버튼 116: [object Object]", source: https://feblog.pstatic.net/real/pc/2025.10.01/js/vendor.6794114dd270eb42c37c.js (2)
[14062:253552:1008/180802.673852:INFO:CONSOLE:2] "버튼 117: [object Object]", source: https://feblog.pstatic.net/real/pc/2025.10.01/js/vendor.6794114dd270eb42c37c.js (2)
[14062:253552:1008/180802.673916:INFO:CONSOLE:2] "버튼 118: [object Object]", source: https://feblog.pstatic.net/real/pc/2025.10.01/js/vendor.6794114dd270eb42c37c.js (2)
[14062:253552:1008/180802.674005:INFO:CONSOLE:2] "버튼 119: [object Object]", source: https://feblog.pstatic.net/real/pc/2025.10.01/js/vendor.6794114dd270eb42c37c.js (2)
[14062:253552:1008/180802.674067:INFO:CONSOLE:2] "버튼 120: [object Object]", source: https://feblog.pstatic.net/real/pc/2025.10.01/js/vendor.6794114dd270eb42c37c.js (2)
[14062:253552:1008/180802.674135:INFO:CONSOLE:2] "버튼 121: [object Object]", source: https://feblog.pstatic.net/real/pc/2025.10.01/js/vendor.6794114dd270eb42c37c.js (2)
[14062:253552:1008/180802.674204:INFO:CONSOLE:2] "버튼 122: [object Object]", source: https://feblog.pstatic.net/real/pc/2025.10.01/js/vendor.6794114dd270eb42c37c.js (2)
[14062:253552:1008/180802.674268:INFO:CONSOLE:2] "버튼 123: [object Object]", source: https://feblog.pstatic.net/real/pc/2025.10.01/js/vendor.6794114dd270eb42c37c.js (2)
[14062:253552:1008/180802.674347:INFO:CONSOLE:2] "버튼 124: [object Object]", source: https://feblog.pstatic.net/real/pc/2025.10.01/js/vendor.6794114dd270eb42c37c.js (2)
[14062:253552:1008/180802.674402:INFO:CONSOLE:2] "버튼 125: [object Object]", source: https://feblog.pstatic.net/real/pc/2025.10.01/js/vendor.6794114dd270eb42c37c.js (2)
[14062:253552:1008/180802.674647:INFO:CONSOLE:2] "버튼 126: [object Object]", source: https://feblog.pstatic.net/real/pc/2025.10.01/js/vendor.6794114dd270eb42c37c.js (2)
[14062:253552:1008/180802.674763:INFO:CONSOLE:2] "버튼 127: [object Object]", source: https://feblog.pstatic.net/real/pc/2025.10.01/js/vendor.6794114dd270eb42c37c.js (2)
[14062:253552:1008/180802.674819:INFO:CONSOLE:2] "버튼 128: [object Object]", source: https://feblog.pstatic.net/real/pc/2025.10.01/js/vendor.6794114dd270eb42c37c.js (2)
[14062:253552:1008/180802.674846:INFO:CONSOLE:2] "버튼 129: [object Object]", source: https://feblog.pstatic.net/real/pc/2025.10.01/js/vendor.6794114dd270eb42c37c.js (2)
[14062:253552:1008/180802.674867:INFO:CONSOLE:2] "버튼 130: [object Object]", source: https://feblog.pstatic.net/real/pc/2025.10.01/js/vendor.6794114dd270eb42c37c.js (2)
[14062:253552:1008/180802.674888:INFO:CONSOLE:2] "버튼 131: [object Object]", source: https://feblog.pstatic.net/real/pc/2025.10.01/js/vendor.6794114dd270eb42c37c.js (2)
[14062:253552:1008/180802.674909:INFO:CONSOLE:2] "버튼 132: [object Object]", source: https://feblog.pstatic.net/real/pc/2025.10.01/js/vendor.6794114dd270eb42c37c.js (2)
[14062:253552:1008/180802.674992:INFO:CONSOLE:2] "버튼 133: [object Object]", source: https://feblog.pstatic.net/real/pc/2025.10.01/js/vendor.6794114dd270eb42c37c.js (2)
[14062:253552:1008/180802.675132:INFO:CONSOLE:2] "버튼 134: [object Object]", source: https://feblog.pstatic.net/real/pc/2025.10.01/js/vendor.6794114dd270eb42c37c.js (2)
[14062:253552:1008/180802.675251:INFO:CONSOLE:2] "1단계: 정확한 선택자로 시도...", source: https://feblog.pstatic.net/real/pc/2025.10.01/js/vendor.6794114dd270eb42c37c.js (2)
[14062:253552:1008/180802.675382:INFO:CONSOLE:2] "✅ 정확한 선택자로 확인 버튼 클릭: button.se-popup-button-confirm", source: https://feblog.pstatic.net/real/pc/2025.10.01/js/vendor.6794114dd270eb42c37c.js (2)
[14062:253552:1008/180804.918392:INFO:CONSOLE:2] "키보드 입력 차단 해제 완료", source: https://feblog.pstatic.net/real/pc/2025.10.01/js/vendor.6794114dd270eb42c37c.js (2)
[14062:253552:1008/180806.064376:INFO:CONSOLE:2] "Google Maps JavaScript API has been loaded directly without loading=async. This can result in suboptimal performance. For best-practice loading patterns please see https://goo.gle/js-api-loading", source: https://feblog.pstatic.net/real/pc/2025.10.01/js/vendor.6794114dd270eb42c37c.js (2)
[14062:253552:1008/180812.895915:INFO:CONSOLE:2] "추가 버튼 발견, 5번 클릭 시도 시작...", source: https://feblog.pstatic.net/real/pc/2025.10.01/js/vendor.6794114dd270eb42c37c.js (2)
[14062:253552:1008/180812.896220:INFO:CONSOLE:2] "1번째 클릭 시도...", source: https://feblog.pstatic.net/real/pc/2025.10.01/js/vendor.6794114dd270eb42c37c.js (2)
[14062:253552:1008/180813.898318:INFO:CONSOLE:2] "2번째 클릭 시도...", source: https://feblog.pstatic.net/real/pc/2025.10.01/js/vendor.6794114dd270eb42c37c.js (2)
[14062:253552:1008/180814.897525:INFO:CONSOLE:2] "3번째 클릭 시도...", source: https://feblog.pstatic.net/real/pc/2025.10.01/js/vendor.6794114dd270eb42c37c.js (2)
[14062:253552:1008/180815.898200:INFO:CONSOLE:2] "4번째 클릭 시도...", source: https://feblog.pstatic.net/real/pc/2025.10.01/js/vendor.6794114dd270eb42c37c.js (2)
[14062:253552:1008/180816.898695:INFO:CONSOLE:2] "5번째 클릭 시도...", source: https://feblog.pstatic.net/real/pc/2025.10.01/js/vendor.6794114dd270eb42c37c.js (2)
[14062:253552:1008/180817.918680:INFO:CONSOLE:2] "정확한 선택자로 확인 버튼 발견", source: https://feblog.pstatic.net/real/pc/2025.10.01/js/vendor.6794114dd270eb42c37c.js (2)
[14062:253552:1008/180908.389155:INFO:CONSOLE:2] "=== 최종 발행 버튼 찾기 시작 ===", source: https://feblog.pstatic.net/real/pc/2025.10.01/js/vendor.6794114dd270eb42c37c.js (2)
[14062:253552:1008/180908.389293:INFO:CONSOLE:2] "🎯 data-testid로 발행 버튼 찾기...", source: https://feblog.pstatic.net/real/pc/2025.10.01/js/vendor.6794114dd270eb42c37c.js (2)
[14062:253552:1008/180908.389472:INFO:CONSOLE:2] "🎯 confirm_btn 클래스로 발행 버튼 찾기...", source: https://feblog.pstatic.net/real/pc/2025.10.01/js/vendor.6794114dd270eb42c37c.js (2)
[14062:253552:1008/180908.389795:INFO:CONSOLE:2] "✅ confirm_btn으로 발행 버튼 발견: [object Object]", source: https://feblog.pstatic.net/real/pc/2025.10.01/js/vendor.6794114dd270eb42c37c.js (2)
[14062:253552:1008/180908.417138:INFO:CONSOLE:2] "✅ confirm_btn 발행 버튼 클릭 완료", source: https://feblog.pstatic.net/real/pc/2025.10.01/js/vendor.6794114dd270eb42c37c.js (2)
[14062:253552:1008/180909.804860:INFO:CONSOLE:275] "Google Maps JavaScript API has been loaded directly without loading=async. This can result in suboptimal performance. For best-practice loading patterns please see https://goo.gle/js-api-loading", source: https://maps.google.co.kr/maps/api/js?v=3&client=gme-nhncorp&language=ko&channel=naver_blog (275)
[14062:253552:1008/180909.976594:INFO:CONSOLE:2] "MaxListenersExceededWarning: Possible EventEmitter memory leak detected. 11 visible listeners added. Use emitter.setMaxListeners() to increase limit", source: https://ssl.pstatic.net/t.static.blog/mylog/versioning//js/blogOnMap-811be5f_https.js (2)
[14062:253552:1008/180909.976782:INFO:CONSOLE:2] "MaxListenersExceededWarning: Possible EventEmitter memory leak detected. 11 invisible listeners added. Use emitter.setMaxListeners() to increase limit", source: https://ssl.pstatic.net/t.static.blog/mylog/versioning//js/blogOnMap-811be5f_https.js (2)
[14062:253552:1008/183427.329944:INFO:CONSOLE:2] "클립보드 읽기 권한 상태: granted", source: https://feblog.pstatic.net/real/pc/2025.10.01/js/vendor.6794114dd270eb42c37c.js (2)
[14062:253552:1008/183430.706289:INFO:CONSOLE:2] "클립보드 읽기 권한 상태: granted", source: https://feblog.pstatic.net/real/pc/2025.10.01/js/vendor.6794114dd270eb42c37c.js (2)
[14062:253552:1008/183434.202816:INFO:CONSOLE:2] "클립보드 읽기 권한 상태: granted", source: https://feblog.pstatic.net/real/pc/2025.10.01/js/vendor.6794114dd270eb42c37c.js (2)
[14062:253552:1008/183437.787183:INFO:CONSOLE:2] "클립보드 읽기 권한 상태: granted", source: https://feblog.pstatic.net/real/pc/2025.10.01/js/vendor.6794114dd270eb42c37c.js (2)
[14062:253552:1008/183439.785983:INFO:CONSOLE:2] "클립보드 읽기 권한 상태: granted", source: https://feblog.pstatic.net/real/pc/2025.10.01/js/vendor.6794114dd270eb42c37c.js (2)
[14062:253552:1008/183441.764974:INFO:CONSOLE:2] "클립보드 읽기 권한 상태: granted", source: https://feblog.pstatic.net/real/pc/2025.10.01/js/vendor.6794114dd270eb42c37c.js (2)
[14062:253552:1008/183442.298883:INFO:CONSOLE:1] "File chooser dialog can only be shown with a user activation.", source: https://editor-static.pstatic.net/e/basic.desktop/1.69.0/se-editor.js?t=1755855480440 (1)
[14062:253552:1008/183443.726971:INFO:CONSOLE:2] "클립보드 읽기 권한 상태: granted", source: https://feblog.pstatic.net/real/pc/2025.10.01/js/vendor.6794114dd270eb42c37c.js (2)
[14062:253552:1008/183444.257983:INFO:CONSOLE:1] "File chooser dialog can only be shown with a user activation.", source: https://editor-static.pstatic.net/e/basic.desktop/1.69.0/se-editor.js?t=1755855480440 (1)
[14062:253552:1008/183445.739924:INFO:CONSOLE:2] "클립보드 읽기 권한 상태: granted", source: https://feblog.pstatic.net/real/pc/2025.10.01/js/vendor.6794114dd270eb42c37c.js (2)
[14062:253552:1008/183446.271855:INFO:CONSOLE:1] "File chooser dialog can only be shown with a user activation.", source: https://editor-static.pstatic.net/e/basic.desktop/1.69.0/se-editor.js?t=1755855480440 (1)
[14062:253552:1008/183447.728999:INFO:CONSOLE:2] "클립보드 읽기 권한 상태: granted", source: https://feblog.pstatic.net/real/pc/2025.10.01/js/vendor.6794114dd270eb42c37c.js (2)
[14062:253552:1008/183448.248532:INFO:CONSOLE:1] "File chooser dialog can only be shown with a user activation.", source: https://editor-static.pstatic.net/e/basic.desktop/1.69.0/se-editor.js?t=1755855480440 (1)
[14062:253552:1008/183449.698748:INFO:CONSOLE:2] "클립보드 읽기 권한 상태: granted", source: https://feblog.pstatic.net/real/pc/2025.10.01/js/vendor.6794114dd270eb42c37c.js (2)
[14062:253552:1008/183450.225007:INFO:CONSOLE:1] "File chooser dialog can only be shown with a user activation.", source: https://editor-static.pstatic.net/e/basic.desktop/1.69.0/se-editor.js?t=1755855480440 (1)
[14062:253552:1008/183501.157032:INFO:CONSOLE:2] "키보드 입력 차단 및 포커스 정리 완료", source: https://feblog.pstatic.net/real/pc/2025.10.01/js/vendor.6794114dd270eb42c37c.js (2)
[14062:253552:1008/183506.263877:INFO:CONSOLE:2] "=== 최강화된 확인 버튼 찾기 시작 ===", source: https://feblog.pstatic.net/real/pc/2025.10.01/js/vendor.6794114dd270eb42c37c.js (2)
[14062:253552:1008/183506.263959:INFO:CONSOLE:2] "현재 페이지의 모든 버튼 상황:", source: https://feblog.pstatic.net/real/pc/2025.10.01/js/vendor.6794114dd270eb42c37c.js (2)
[14062:253552:1008/183506.264308:INFO:CONSOLE:2] "버튼 1: [object Object]", source: https://feblog.pstatic.net/real/pc/2025.10.01/js/vendor.6794114dd270eb42c37c.js (2)
[14062:253552:1008/183506.264469:INFO:CONSOLE:2] "버튼 2: [object Object]", source: https://feblog.pstatic.net/real/pc/2025.10.01/js/vendor.6794114dd270eb42c37c.js (2)
[14062:253552:1008/183506.264585:INFO:CONSOLE:2] "버튼 3: [object Object]", source: https://feblog.pstatic.net/real/pc/2025.10.01/js/vendor.6794114dd270eb42c37c.js (2)
[14062:253552:1008/183506.264701:INFO:CONSOLE:2] "버튼 4: [object Object]", source: https://feblog.pstatic.net/real/pc/2025.10.01/js/vendor.6794114dd270eb42c37c.js (2)
[14062:253552:1008/183506.264774:INFO:CONSOLE:2] "버튼 5: [object Object]", source: https://feblog.pstatic.net/real/pc/2025.10.01/js/vendor.6794114dd270eb42c37c.js (2)
[14062:253552:1008/183506.264854:INFO:CONSOLE:2] "버튼 6: [object Object]", source: https://feblog.pstatic.net/real/pc/2025.10.01/js/vendor.6794114dd270eb42c37c.js (2)
[14062:253552:1008/183506.264942:INFO:CONSOLE:2] "버튼 7: [object Object]", source: https://feblog.pstatic.net/real/pc/2025.10.01/js/vendor.6794114dd270eb42c37c.js (2)
[14062:253552:1008/183506.265027:INFO:CONSOLE:2] "버튼 8: [object Object]", source: https://feblog.pstatic.net/real/pc/2025.10.01/js/vendor.6794114dd270eb42c37c.js (2)
[14062:253552:1008/183506.265131:INFO:CONSOLE:2] "버튼 9: [object Object]", source: https://feblog.pstatic.net/real/pc/2025.10.01/js/vendor.6794114dd270eb42c37c.js (2)
[14062:253552:1008/183506.265230:INFO:CONSOLE:2] "버튼 10: [object Object]", source: https://feblog.pstatic.net/real/pc/2025.10.01/js/vendor.6794114dd270eb42c37c.js (2)
[14062:253552:1008/183506.265305:INFO:CONSOLE:2] "버튼 11: [object Object]", source: https://feblog.pstatic.net/real/pc/2025.10.01/js/vendor.6794114dd270eb42c37c.js (2)
[14062:253552:1008/183506.265392:INFO:CONSOLE:2] "버튼 12: [object Object]", source: https://feblog.pstatic.net/real/pc/2025.10.01/js/vendor.6794114dd270eb42c37c.js (2)
[14062:253552:1008/183506.265467:INFO:CONSOLE:2] "버튼 13: [object Object]", source: https://feblog.pstatic.net/real/pc/2025.10.01/js/vendor.6794114dd270eb42c37c.js (2)
[14062:253552:1008/183506.265545:INFO:CONSOLE:2] "버튼 14: [object Object]", source: https://feblog.pstatic.net/real/pc/2025.10.01/js/vendor.6794114dd270eb42c37c.js (2)
[14062:253552:1008/183506.265620:INFO:CONSOLE:2] "버튼 15: [object Object]", source: https://feblog.pstatic.net/real/pc/2025.10.01/js/vendor.6794114dd270eb42c37c.js (2)
[14062:253552:1008/183506.265703:INFO:CONSOLE:2] "버튼 16: [object Object]", source: https://feblog.pstatic.net/real/pc/2025.10.01/js/vendor.6794114dd270eb42c37c.js (2)
[14062:253552:1008/183506.265783:INFO:CONSOLE:2] "버튼 17: [object Object]", source: https://feblog.pstatic.net/real/pc/2025.10.01/js/vendor.6794114dd270eb42c37c.js (2)
[14062:253552:1008/183506.265861:INFO:CONSOLE:2] "버튼 18: [object Object]", source: https://feblog.pstatic.net/real/pc/2025.10.01/js/vendor.6794114dd270eb42c37c.js (2)
[14062:253552:1008/183506.265953:INFO:CONSOLE:2] "버튼 19: [object Object]", source: https://feblog.pstatic.net/real/pc/2025.10.01/js/vendor.6794114dd270eb42c37c.js (2)
[14062:253552:1008/183506.266026:INFO:CONSOLE:2] "버튼 20: [object Object]", source: https://feblog.pstatic.net/real/pc/2025.10.01/js/vendor.6794114dd270eb42c37c.js (2)
[14062:253552:1008/183506.266107:INFO:CONSOLE:2] "버튼 21: [object Object]", source: https://feblog.pstatic.net/real/pc/2025.10.01/js/vendor.6794114dd270eb42c37c.js (2)
[14062:253552:1008/183506.266185:INFO:CONSOLE:2] "버튼 22: [object Object]", source: https://feblog.pstatic.net/real/pc/2025.10.01/js/vendor.6794114dd270eb42c37c.js (2)
[14062:253552:1008/183506.266261:INFO:CONSOLE:2] "버튼 23: [object Object]", source: https://feblog.pstatic.net/real/pc/2025.10.01/js/vendor.6794114dd270eb42c37c.js (2)
[14062:253552:1008/183506.266342:INFO:CONSOLE:2] "버튼 24: [object Object]", source: https://feblog.pstatic.net/real/pc/2025.10.01/js/vendor.6794114dd270eb42c37c.js (2)
[14062:253552:1008/183506.266419:INFO:CONSOLE:2] "버튼 25: [object Object]", source: https://feblog.pstatic.net/real/pc/2025.10.01/js/vendor.6794114dd270eb42c37c.js (2)
[14062:253552:1008/183506.266490:INFO:CONSOLE:2] "버튼 26: [object Object]", source: https://feblog.pstatic.net/real/pc/2025.10.01/js/vendor.6794114dd270eb42c37c.js (2)
[14062:253552:1008/183506.266563:INFO:CONSOLE:2] "버튼 27: [object Object]", source: https://feblog.pstatic.net/real/pc/2025.10.01/js/vendor.6794114dd270eb42c37c.js (2)
[14062:253552:1008/183506.266628:INFO:CONSOLE:2] "버튼 28: [object Object]", source: https://feblog.pstatic.net/real/pc/2025.10.01/js/vendor.6794114dd270eb42c37c.js (2)
[14062:253552:1008/183506.266722:INFO:CONSOLE:2] "버튼 29: [object Object]", source: https://feblog.pstatic.net/real/pc/2025.10.01/js/vendor.6794114dd270eb42c37c.js (2)
[14062:253552:1008/183506.266796:INFO:CONSOLE:2] "버튼 30: [object Object]", source: https://feblog.pstatic.net/real/pc/2025.10.01/js/vendor.6794114dd270eb42c37c.js (2)
[14062:253552:1008/183506.266856:INFO:CONSOLE:2] "버튼 31: [object Object]", source: https://feblog.pstatic.net/real/pc/2025.10.01/js/vendor.6794114dd270eb42c37c.js (2)
[14062:253552:1008/183506.266939:INFO:CONSOLE:2] "버튼 32: [object Object]", source: https://feblog.pstatic.net/real/pc/2025.10.01/js/vendor.6794114dd270eb42c37c.js (2)
[14062:253552:1008/183506.267036:INFO:CONSOLE:2] "버튼 33: [object Object]", source: https://feblog.pstatic.net/real/pc/2025.10.01/js/vendor.6794114dd270eb42c37c.js (2)
[14062:253552:1008/183506.267110:INFO:CONSOLE:2] "버튼 34: [object Object]", source: https://feblog.pstatic.net/real/pc/2025.10.01/js/vendor.6794114dd270eb42c37c.js (2)
[14062:253552:1008/183506.267184:INFO:CONSOLE:2] "버튼 35: [object Object]", source: https://feblog.pstatic.net/real/pc/2025.10.01/js/vendor.6794114dd270eb42c37c.js (2)
[14062:253552:1008/183506.267273:INFO:CONSOLE:2] "버튼 36: [object Object]", source: https://feblog.pstatic.net/real/pc/2025.10.01/js/vendor.6794114dd270eb42c37c.js (2)
[14062:253552:1008/183506.267353:INFO:CONSOLE:2] "버튼 37: [object Object]", source: https://feblog.pstatic.net/real/pc/2025.10.01/js/vendor.6794114dd270eb42c37c.js (2)
[14062:253552:1008/183506.267424:INFO:CONSOLE:2] "버튼 38: [object Object]", source: https://feblog.pstatic.net/real/pc/2025.10.01/js/vendor.6794114dd270eb42c37c.js (2)
[14062:253552:1008/183506.267496:INFO:CONSOLE:2] "버튼 39: [object Object]", source: https://feblog.pstatic.net/real/pc/2025.10.01/js/vendor.6794114dd270eb42c37c.js (2)
[14062:253552:1008/183506.267581:INFO:CONSOLE:2] "버튼 40: [object Object]", source: https://feblog.pstatic.net/real/pc/2025.10.01/js/vendor.6794114dd270eb42c37c.js (2)
[14062:253552:1008/183506.267654:INFO:CONSOLE:2] "버튼 41: [object Object]", source: https://feblog.pstatic.net/real/pc/2025.10.01/js/vendor.6794114dd270eb42c37c.js (2)
[14062:253552:1008/183506.267721:INFO:CONSOLE:2] "버튼 42: [object Object]", source: https://feblog.pstatic.net/real/pc/2025.10.01/js/vendor.6794114dd270eb42c37c.js (2)
[14062:253552:1008/183506.267840:INFO:CONSOLE:2] "버튼 43: [object Object]", source: https://feblog.pstatic.net/real/pc/2025.10.01/js/vendor.6794114dd270eb42c37c.js (2)
[14062:253552:1008/183506.267861:INFO:CONSOLE:2] "버튼 45: [object Object]", source: https://feblog.pstatic.net/real/pc/2025.10.01/js/vendor.6794114dd270eb42c37c.js (2)
[14062:253552:1008/183506.267944:INFO:CONSOLE:2] "버튼 47: [object Object]", source: https://feblog.pstatic.net/real/pc/2025.10.01/js/vendor.6794114dd270eb42c37c.js (2)
[14062:253552:1008/183506.268176:INFO:CONSOLE:2] "버튼 51: [object Object]", source: https://feblog.pstatic.net/real/pc/2025.10.01/js/vendor.6794114dd270eb42c37c.js (2)
[14062:253552:1008/183506.268205:INFO:CONSOLE:2] "버튼 55: [object Object]", source: https://feblog.pstatic.net/real/pc/2025.10.01/js/vendor.6794114dd270eb42c37c.js (2)
[14062:253552:1008/183506.268223:INFO:CONSOLE:2] "버튼 58: [object Object]", source: https://feblog.pstatic.net/real/pc/2025.10.01/js/vendor.6794114dd270eb42c37c.js (2)
[14062:253552:1008/183506.268249:INFO:CONSOLE:2] "버튼 59: [object Object]", source: https://feblog.pstatic.net/real/pc/2025.10.01/js/vendor.6794114dd270eb42c37c.js (2)
[14062:253552:1008/183506.268360:INFO:CONSOLE:2] "버튼 61: [object Object]", source: https://feblog.pstatic.net/real/pc/2025.10.01/js/vendor.6794114dd270eb42c37c.js (2)
[14062:253552:1008/183506.268477:INFO:CONSOLE:2] "버튼 62: [object Object]", source: https://feblog.pstatic.net/real/pc/2025.10.01/js/vendor.6794114dd270eb42c37c.js (2)
[14062:253552:1008/183506.268547:INFO:CONSOLE:2] "버튼 64: [object Object]", source: https://feblog.pstatic.net/real/pc/2025.10.01/js/vendor.6794114dd270eb42c37c.js (2)
[14062:253552:1008/183506.268577:INFO:CONSOLE:2] "버튼 65: [object Object]", source: https://feblog.pstatic.net/real/pc/2025.10.01/js/vendor.6794114dd270eb42c37c.js (2)
[14062:253552:1008/183506.268596:INFO:CONSOLE:2] "버튼 67: [object Object]", source: https://feblog.pstatic.net/real/pc/2025.10.01/js/vendor.6794114dd270eb42c37c.js (2)
[14062:253552:1008/183506.268669:INFO:CONSOLE:2] "버튼 68: [object Object]", source: https://feblog.pstatic.net/real/pc/2025.10.01/js/vendor.6794114dd270eb42c37c.js (2)
[14062:253552:1008/183506.268773:INFO:CONSOLE:2] "버튼 70: [object Object]", source: https://feblog.pstatic.net/real/pc/2025.10.01/js/vendor.6794114dd270eb42c37c.js (2)
[14062:253552:1008/183506.268804:INFO:CONSOLE:2] "버튼 71: [object Object]", source: https://feblog.pstatic.net/real/pc/2025.10.01/js/vendor.6794114dd270eb42c37c.js (2)
[14062:253552:1008/183506.268857:INFO:CONSOLE:2] "버튼 73: [object Object]", source: https://feblog.pstatic.net/real/pc/2025.10.01/js/vendor.6794114dd270eb42c37c.js (2)
[14062:253552:1008/183506.268920:INFO:CONSOLE:2] "버튼 74: [object Object]", source: https://feblog.pstatic.net/real/pc/2025.10.01/js/vendor.6794114dd270eb42c37c.js (2)
[14062:253552:1008/183506.268999:INFO:CONSOLE:2] "버튼 77: [object Object]", source: https://feblog.pstatic.net/real/pc/2025.10.01/js/vendor.6794114dd270eb42c37c.js (2)
[14062:253552:1008/183506.269169:INFO:CONSOLE:2] "버튼 97: [object Object]", source: https://feblog.pstatic.net/real/pc/2025.10.01/js/vendor.6794114dd270eb42c37c.js (2)
[14062:253552:1008/183506.269194:INFO:CONSOLE:2] "버튼 98: [object Object]", source: https://feblog.pstatic.net/real/pc/2025.10.01/js/vendor.6794114dd270eb42c37c.js (2)
[14062:253552:1008/183506.269263:INFO:CONSOLE:2] "버튼 99: [object Object]", source: https://feblog.pstatic.net/real/pc/2025.10.01/js/vendor.6794114dd270eb42c37c.js (2)
[14062:253552:1008/183506.269330:INFO:CONSOLE:2] "버튼 100: [object Object]", source: https://feblog.pstatic.net/real/pc/2025.10.01/js/vendor.6794114dd270eb42c37c.js (2)
[14062:253552:1008/183506.269379:INFO:CONSOLE:2] "버튼 101: [object Object]", source: https://feblog.pstatic.net/real/pc/2025.10.01/js/vendor.6794114dd270eb42c37c.js (2)
[14062:253552:1008/183506.269446:INFO:CONSOLE:2] "버튼 102: [object Object]", source: https://feblog.pstatic.net/real/pc/2025.10.01/js/vendor.6794114dd270eb42c37c.js (2)
[14062:253552:1008/183506.269523:INFO:CONSOLE:2] "버튼 103: [object Object]", source: https://feblog.pstatic.net/real/pc/2025.10.01/js/vendor.6794114dd270eb42c37c.js (2)
[14062:253552:1008/183506.269576:INFO:CONSOLE:2] "버튼 104: [object Object]", source: https://feblog.pstatic.net/real/pc/2025.10.01/js/vendor.6794114dd270eb42c37c.js (2)
[14062:253552:1008/183506.269655:INFO:CONSOLE:2] "버튼 105: [object Object]", source: https://feblog.pstatic.net/real/pc/2025.10.01/js/vendor.6794114dd270eb42c37c.js (2)
[14062:253552:1008/183506.269730:INFO:CONSOLE:2] "버튼 106: [object Object]", source: https://feblog.pstatic.net/real/pc/2025.10.01/js/vendor.6794114dd270eb42c37c.js (2)
[14062:253552:1008/183506.269786:INFO:CONSOLE:2] "버튼 107: [object Object]", source: https://feblog.pstatic.net/real/pc/2025.10.01/js/vendor.6794114dd270eb42c37c.js (2)
[14062:253552:1008/183506.269843:INFO:CONSOLE:2] "버튼 108: [object Object]", source: https://feblog.pstatic.net/real/pc/2025.10.01/js/vendor.6794114dd270eb42c37c.js (2)
[14062:253552:1008/183506.269929:INFO:CONSOLE:2] "버튼 109: [object Object]", source: https://feblog.pstatic.net/real/pc/2025.10.01/js/vendor.6794114dd270eb42c37c.js (2)
[14062:253552:1008/183506.269984:INFO:CONSOLE:2] "버튼 110: [object Object]", source: https://feblog.pstatic.net/real/pc/2025.10.01/js/vendor.6794114dd270eb42c37c.js (2)
[14062:253552:1008/183506.270052:INFO:CONSOLE:2] "버튼 111: [object Object]", source: https://feblog.pstatic.net/real/pc/2025.10.01/js/vendor.6794114dd270eb42c37c.js (2)
[14062:253552:1008/183506.270125:INFO:CONSOLE:2] "버튼 112: [object Object]", source: https://feblog.pstatic.net/real/pc/2025.10.01/js/vendor.6794114dd270eb42c37c.js (2)
[14062:253552:1008/183506.270197:INFO:CONSOLE:2] "버튼 113: [object Object]", source: https://feblog.pstatic.net/real/pc/2025.10.01/js/vendor.6794114dd270eb42c37c.js (2)
[14062:253552:1008/183506.270263:INFO:CONSOLE:2] "버튼 114: [object Object]", source: https://feblog.pstatic.net/real/pc/2025.10.01/js/vendor.6794114dd270eb42c37c.js (2)
[14062:253552:1008/183506.270334:INFO:CONSOLE:2] "버튼 115: [object Object]", source: https://feblog.pstatic.net/real/pc/2025.10.01/js/vendor.6794114dd270eb42c37c.js (2)
[14062:253552:1008/183506.270383:INFO:CONSOLE:2] "버튼 116: [object Object]", source: https://feblog.pstatic.net/real/pc/2025.10.01/js/vendor.6794114dd270eb42c37c.js (2)
[14062:253552:1008/183506.270453:INFO:CONSOLE:2] "버튼 117: [object Object]", source: https://feblog.pstatic.net/real/pc/2025.10.01/js/vendor.6794114dd270eb42c37c.js (2)
[14062:253552:1008/183506.270530:INFO:CONSOLE:2] "버튼 118: [object Object]", source: https://feblog.pstatic.net/real/pc/2025.10.01/js/vendor.6794114dd270eb42c37c.js (2)
[14062:253552:1008/183506.270593:INFO:CONSOLE:2] "버튼 119: [object Object]", source: https://feblog.pstatic.net/real/pc/2025.10.01/js/vendor.6794114dd270eb42c37c.js (2)
[14062:253552:1008/183506.270647:INFO:CONSOLE:2] "버튼 120: [object Object]", source: https://feblog.pstatic.net/real/pc/2025.10.01/js/vendor.6794114dd270eb42c37c.js (2)
[14062:253552:1008/183506.270719:INFO:CONSOLE:2] "버튼 121: [object Object]", source: https://feblog.pstatic.net/real/pc/2025.10.01/js/vendor.6794114dd270eb42c37c.js (2)
[14062:253552:1008/183506.270778:INFO:CONSOLE:2] "버튼 122: [object Object]", source: https://feblog.pstatic.net/real/pc/2025.10.01/js/vendor.6794114dd270eb42c37c.js (2)
[14062:253552:1008/183506.270859:INFO:CONSOLE:2] "버튼 123: [object Object]", source: https://feblog.pstatic.net/real/pc/2025.10.01/js/vendor.6794114dd270eb42c37c.js (2)
[14062:253552:1008/183506.270909:INFO:CONSOLE:2] "버튼 124: [object Object]", source: https://feblog.pstatic.net/real/pc/2025.10.01/js/vendor.6794114dd270eb42c37c.js (2)
[14062:253552:1008/183506.270963:INFO:CONSOLE:2] "1단계: 정확한 선택자로 시도...", source: https://feblog.pstatic.net/real/pc/2025.10.01/js/vendor.6794114dd270eb42c37c.js (2)
[14062:253552:1008/183506.271068:INFO:CONSOLE:2] "✅ 정확한 선택자로 확인 버튼 클릭: button.se-popup-button-confirm", source: https://feblog.pstatic.net/real/pc/2025.10.01/js/vendor.6794114dd270eb42c37c.js (2)
[14062:253552:1008/183508.530986:INFO:CONSOLE:2] "키보드 입력 차단 해제 완료", source: https://feblog.pstatic.net/real/pc/2025.10.01/js/vendor.6794114dd270eb42c37c.js (2)
[14062:253552:1008/183509.658283:INFO:CONSOLE:2] "Google Maps JavaScript API has been loaded directly without loading=async. This can result in suboptimal performance. For best-practice loading patterns please see https://goo.gle/js-api-loading", source: https://feblog.pstatic.net/real/pc/2025.10.01/js/vendor.6794114dd270eb42c37c.js (2)
[14062:253552:1008/183516.498258:INFO:CONSOLE:2] "추가 버튼 발견, 5번 클릭 시도 시작...", source: https://feblog.pstatic.net/real/pc/2025.10.01/js/vendor.6794114dd270eb42c37c.js (2)
[14062:253552:1008/183516.498620:INFO:CONSOLE:2] "1번째 클릭 시도...", source: https://feblog.pstatic.net/real/pc/2025.10.01/js/vendor.6794114dd270eb42c37c.js (2)
[14062:253552:1008/183517.501724:INFO:CONSOLE:2] "2번째 클릭 시도...", source: https://feblog.pstatic.net/real/pc/2025.10.01/js/vendor.6794114dd270eb42c37c.js (2)
[14062:253552:1008/183518.501341:INFO:CONSOLE:2] "3번째 클릭 시도...", source: https://feblog.pstatic.net/real/pc/2025.10.01/js/vendor.6794114dd270eb42c37c.js (2)
[14062:253552:1008/183519.501731:INFO:CONSOLE:2] "4번째 클릭 시도...", source: https://feblog.pstatic.net/real/pc/2025.10.01/js/vendor.6794114dd270eb42c37c.js (2)
[14062:253552:1008/183520.501112:INFO:CONSOLE:2] "5번째 클릭 시도...", source: https://feblog.pstatic.net/real/pc/2025.10.01/js/vendor.6794114dd270eb42c37c.js (2)
[14062:253552:1008/183521.524467:INFO:CONSOLE:2] "정확한 선택자로 확인 버튼 발견", source: https://feblog.pstatic.net/real/pc/2025.10.01/js/vendor.6794114dd270eb42c37c.js (2)
[14062:253552:1008/183612.181668:INFO:CONSOLE:2] "=== 최종 발행 버튼 찾기 시작 ===", source: https://feblog.pstatic.net/real/pc/2025.10.01/js/vendor.6794114dd270eb42c37c.js (2)
[14062:253552:1008/183612.181854:INFO:CONSOLE:2] "🎯 data-testid로 발행 버튼 찾기...", source: https://feblog.pstatic.net/real/pc/2025.10.01/js/vendor.6794114dd270eb42c37c.js (2)
[14062:253552:1008/183612.182062:INFO:CONSOLE:2] "🎯 confirm_btn 클래스로 발행 버튼 찾기...", source: https://feblog.pstatic.net/real/pc/2025.10.01/js/vendor.6794114dd270eb42c37c.js (2)
[14062:253552:1008/183612.182328:INFO:CONSOLE:2] "✅ confirm_btn으로 발행 버튼 발견: [object Object]", source: https://feblog.pstatic.net/real/pc/2025.10.01/js/vendor.6794114dd270eb42c37c.js (2)
[14062:253552:1008/183612.209549:INFO:CONSOLE:2] "✅ confirm_btn 발행 버튼 클릭 완료", source: https://feblog.pstatic.net/real/pc/2025.10.01/js/vendor.6794114dd270eb42c37c.js (2)
[14062:253552:1008/183613.511663:INFO:CONSOLE:275] "Google Maps JavaScript API has been loaded directly without loading=async. This can result in suboptimal performance. For best-practice loading patterns please see https://goo.gle/js-api-loading", source: https://maps.google.co.kr/maps/api/js?v=3&client=gme-nhncorp&language=ko&channel=naver_blog (275)
[14062:253552:1008/185836.810834:INFO:CONSOLE:2] "클립보드 읽기 권한 상태: granted", source: https://feblog.pstatic.net/real/pc/2025.10.01/js/vendor.6794114dd270eb42c37c.js (2)
[14062:253552:1008/185840.362407:INFO:CONSOLE:2] "클립보드 읽기 권한 상태: granted", source: https://feblog.pstatic.net/real/pc/2025.10.01/js/vendor.6794114dd270eb42c37c.js (2)
[14062:253552:1008/185844.425605:INFO:CONSOLE:2] "클립보드 읽기 권한 상태: granted", source: https://feblog.pstatic.net/real/pc/2025.10.01/js/vendor.6794114dd270eb42c37c.js (2)
[14062:253552:1008/185847.928819:INFO:CONSOLE:2] "클립보드 읽기 권한 상태: granted", source: https://feblog.pstatic.net/real/pc/2025.10.01/js/vendor.6794114dd270eb42c37c.js (2)
[14062:253552:1008/185850.260256:INFO:CONSOLE:2] "클립보드 읽기 권한 상태: granted", source: https://feblog.pstatic.net/real/pc/2025.10.01/js/vendor.6794114dd270eb42c37c.js (2)
[14062:253552:1008/185852.218565:INFO:CONSOLE:2] "클립보드 읽기 권한 상태: granted", source: https://feblog.pstatic.net/real/pc/2025.10.01/js/vendor.6794114dd270eb42c37c.js (2)
[14062:253552:1008/185854.212964:INFO:CONSOLE:2] "클립보드 읽기 권한 상태: granted", source: https://feblog.pstatic.net/real/pc/2025.10.01/js/vendor.6794114dd270eb42c37c.js (2)
[14062:253552:1008/185854.755251:INFO:CONSOLE:1] "File chooser dialog can only be shown with a user activation.", source: https://editor-static.pstatic.net/e/basic.desktop/1.69.0/se-editor.js?t=1755855480440 (1)
[14062:253552:1008/185856.205321:INFO:CONSOLE:2] "클립보드 읽기 권한 상태: granted", source: https://feblog.pstatic.net/real/pc/2025.10.01/js/vendor.6794114dd270eb42c37c.js (2)
[14062:253552:1008/185856.735690:INFO:CONSOLE:1] "File chooser dialog can only be shown with a user activation.", source: https://editor-static.pstatic.net/e/basic.desktop/1.69.0/se-editor.js?t=1755855480440 (1)
[14062:253552:1008/185858.185117:INFO:CONSOLE:2] "클립보드 읽기 권한 상태: granted", source: https://feblog.pstatic.net/real/pc/2025.10.01/js/vendor.6794114dd270eb42c37c.js (2)
[14062:253552:1008/185858.712505:INFO:CONSOLE:1] "File chooser dialog can only be shown with a user activation.", source: https://editor-static.pstatic.net/e/basic.desktop/1.69.0/se-editor.js?t=1755855480440 (1)
[14062:253552:1008/185900.183567:INFO:CONSOLE:2] "클립보드 읽기 권한 상태: granted", source: https://feblog.pstatic.net/real/pc/2025.10.01/js/vendor.6794114dd270eb42c37c.js (2)
[14062:253552:1008/185900.714223:INFO:CONSOLE:1] "File chooser dialog can only be shown with a user activation.", source: https://editor-static.pstatic.net/e/basic.desktop/1.69.0/se-editor.js?t=1755855480440 (1)
[14062:253552:1008/185911.602408:INFO:CONSOLE:2] "키보드 입력 차단 및 포커스 정리 완료", source: https://feblog.pstatic.net/real/pc/2025.10.01/js/vendor.6794114dd270eb42c37c.js (2)
[14062:253552:1008/185916.706977:INFO:CONSOLE:2] "=== 최강화된 확인 버튼 찾기 시작 ===", source: https://feblog.pstatic.net/real/pc/2025.10.01/js/vendor.6794114dd270eb42c37c.js (2)
[14062:253552:1008/185916.707177:INFO:CONSOLE:2] "현재 페이지의 모든 버튼 상황:", source: https://feblog.pstatic.net/real/pc/2025.10.01/js/vendor.6794114dd270eb42c37c.js (2)
[14062:253552:1008/185916.707667:INFO:CONSOLE:2] "버튼 1: [object Object]", source: https://feblog.pstatic.net/real/pc/2025.10.01/js/vendor.6794114dd270eb42c37c.js (2)
[14062:253552:1008/185916.707874:INFO:CONSOLE:2] "버튼 2: [object Object]", source: https://feblog.pstatic.net/real/pc/2025.10.01/js/vendor.6794114dd270eb42c37c.js (2)
[14062:253552:1008/185916.708009:INFO:CONSOLE:2] "버튼 3: [object Object]", source: https://feblog.pstatic.net/real/pc/2025.10.01/js/vendor.6794114dd270eb42c37c.js (2)
[14062:253552:1008/185916.708144:INFO:CONSOLE:2] "버튼 4: [object Object]", source: https://feblog.pstatic.net/real/pc/2025.10.01/js/vendor.6794114dd270eb42c37c.js (2)
[14062:253552:1008/185916.708274:INFO:CONSOLE:2] "버튼 5: [object Object]", source: https://feblog.pstatic.net/real/pc/2025.10.01/js/vendor.6794114dd270eb42c37c.js (2)
[14062:253552:1008/185916.708444:INFO:CONSOLE:2] "버튼 6: [object Object]", source: https://feblog.pstatic.net/real/pc/2025.10.01/js/vendor.6794114dd270eb42c37c.js (2)
[14062:253552:1008/185916.708560:INFO:CONSOLE:2] "버튼 7: [object Object]", source: https://feblog.pstatic.net/real/pc/2025.10.01/js/vendor.6794114dd270eb42c37c.js (2)
[14062:253552:1008/185916.708675:INFO:CONSOLE:2] "버튼 8: [object Object]", source: https://feblog.pstatic.net/real/pc/2025.10.01/js/vendor.6794114dd270eb42c37c.js (2)
[14062:253552:1008/185916.709126:INFO:CONSOLE:2] "버튼 9: [object Object]", source: https://feblog.pstatic.net/real/pc/2025.10.01/js/vendor.6794114dd270eb42c37c.js (2)
[14062:253552:1008/185916.709368:INFO:CONSOLE:2] "버튼 10: [object Object]", source: https://feblog.pstatic.net/real/pc/2025.10.01/js/vendor.6794114dd270eb42c37c.js (2)
[14062:253552:1008/185916.709548:INFO:CONSOLE:2] "버튼 11: [object Object]", source: https://feblog.pstatic.net/real/pc/2025.10.01/js/vendor.6794114dd270eb42c37c.js (2)
[14062:253552:1008/185916.709667:INFO:CONSOLE:2] "버튼 12: [object Object]", source: https://feblog.pstatic.net/real/pc/2025.10.01/js/vendor.6794114dd270eb42c37c.js (2)
[14062:253552:1008/185916.709827:INFO:CONSOLE:2] "버튼 13: [object Object]", source: https://feblog.pstatic.net/real/pc/2025.10.01/js/vendor.6794114dd270eb42c37c.js (2)
[14062:253552:1008/185916.709923:INFO:CONSOLE:2] "버튼 14: [object Object]", source: https://feblog.pstatic.net/real/pc/2025.10.01/js/vendor.6794114dd270eb42c37c.js (2)
[14062:253552:1008/185916.710046:INFO:CONSOLE:2] "버튼 15: [object Object]", source: https://feblog.pstatic.net/real/pc/2025.10.01/js/vendor.6794114dd270eb42c37c.js (2)
[14062:253552:1008/185916.710181:INFO:CONSOLE:2] "버튼 16: [object Object]", source: https://feblog.pstatic.net/real/pc/2025.10.01/js/vendor.6794114dd270eb42c37c.js (2)
[14062:253552:1008/185916.710321:INFO:CONSOLE:2] "버튼 17: [object Object]", source: https://feblog.pstatic.net/real/pc/2025.10.01/js/vendor.6794114dd270eb42c37c.js (2)
[14062:253552:1008/185916.710400:INFO:CONSOLE:2] "버튼 18: [object Object]", source: https://feblog.pstatic.net/real/pc/2025.10.01/js/vendor.6794114dd270eb42c37c.js (2)
[14062:253552:1008/185916.710506:INFO:CONSOLE:2] "버튼 19: [object Object]", source: https://feblog.pstatic.net/real/pc/2025.10.01/js/vendor.6794114dd270eb42c37c.js (2)
[14062:253552:1008/185916.710635:INFO:CONSOLE:2] "버튼 20: [object Object]", source: https://feblog.pstatic.net/real/pc/2025.10.01/js/vendor.6794114dd270eb42c37c.js (2)
[14062:253552:1008/185916.710777:INFO:CONSOLE:2] "버튼 21: [object Object]", source: https://feblog.pstatic.net/real/pc/2025.10.01/js/vendor.6794114dd270eb42c37c.js (2)
[14062:253552:1008/185916.710880:INFO:CONSOLE:2] "버튼 22: [object Object]", source: https://feblog.pstatic.net/real/pc/2025.10.01/js/vendor.6794114dd270eb42c37c.js (2)
[14062:253552:1008/185916.710962:INFO:CONSOLE:2] "버튼 23: [object Object]", source: https://feblog.pstatic.net/real/pc/2025.10.01/js/vendor.6794114dd270eb42c37c.js (2)
[14062:253552:1008/185916.711046:INFO:CONSOLE:2] "버튼 24: [object Object]", source: https://feblog.pstatic.net/real/pc/2025.10.01/js/vendor.6794114dd270eb42c37c.js (2)
[14062:253552:1008/185916.711159:INFO:CONSOLE:2] "버튼 25: [object Object]", source: https://feblog.pstatic.net/real/pc/2025.10.01/js/vendor.6794114dd270eb42c37c.js (2)
[14062:253552:1008/185916.711237:INFO:CONSOLE:2] "버튼 26: [object Object]", source: https://feblog.pstatic.net/real/pc/2025.10.01/js/vendor.6794114dd270eb42c37c.js (2)
[14062:253552:1008/185916.711315:INFO:CONSOLE:2] "버튼 27: [object Object]", source: https://feblog.pstatic.net/real/pc/2025.10.01/js/vendor.6794114dd270eb42c37c.js (2)
[14062:253552:1008/185916.711414:INFO:CONSOLE:2] "버튼 28: [object Object]", source: https://feblog.pstatic.net/real/pc/2025.10.01/js/vendor.6794114dd270eb42c37c.js (2)
[14062:253552:1008/185916.711489:INFO:CONSOLE:2] "버튼 29: [object Object]", source: https://feblog.pstatic.net/real/pc/2025.10.01/js/vendor.6794114dd270eb42c37c.js (2)
[14062:253552:1008/185916.711587:INFO:CONSOLE:2] "버튼 30: [object Object]", source: https://feblog.pstatic.net/real/pc/2025.10.01/js/vendor.6794114dd270eb42c37c.js (2)
[14062:253552:1008/185916.711678:INFO:CONSOLE:2] "버튼 31: [object Object]", source: https://feblog.pstatic.net/real/pc/2025.10.01/js/vendor.6794114dd270eb42c37c.js (2)
[14062:253552:1008/185916.711766:INFO:CONSOLE:2] "버튼 32: [object Object]", source: https://feblog.pstatic.net/real/pc/2025.10.01/js/vendor.6794114dd270eb42c37c.js (2)
[14062:253552:1008/185916.711851:INFO:CONSOLE:2] "버튼 33: [object Object]", source: https://feblog.pstatic.net/real/pc/2025.10.01/js/vendor.6794114dd270eb42c37c.js (2)
[14062:253552:1008/185916.711939:INFO:CONSOLE:2] "버튼 34: [object Object]", source: https://feblog.pstatic.net/real/pc/2025.10.01/js/vendor.6794114dd270eb42c37c.js (2)
[14062:253552:1008/185916.712035:INFO:CONSOLE:2] "버튼 35: [object Object]", source: https://feblog.pstatic.net/real/pc/2025.10.01/js/vendor.6794114dd270eb42c37c.js (2)
[14062:253552:1008/185916.712129:INFO:CONSOLE:2] "버튼 36: [object Object]", source: https://feblog.pstatic.net/real/pc/2025.10.01/js/vendor.6794114dd270eb42c37c.js (2)
[14062:253552:1008/185916.712205:INFO:CONSOLE:2] "버튼 37: [object Object]", source: https://feblog.pstatic.net/real/pc/2025.10.01/js/vendor.6794114dd270eb42c37c.js (2)
[14062:253552:1008/185916.712303:INFO:CONSOLE:2] "버튼 38: [object Object]", source: https://feblog.pstatic.net/real/pc/2025.10.01/js/vendor.6794114dd270eb42c37c.js (2)
[14062:253552:1008/185916.712384:INFO:CONSOLE:2] "버튼 39: [object Object]", source: https://feblog.pstatic.net/real/pc/2025.10.01/js/vendor.6794114dd270eb42c37c.js (2)
[14062:253552:1008/185916.712486:INFO:CONSOLE:2] "버튼 40: [object Object]", source: https://feblog.pstatic.net/real/pc/2025.10.01/js/vendor.6794114dd270eb42c37c.js (2)
[14062:253552:1008/185916.712580:INFO:CONSOLE:2] "버튼 41: [object Object]", source: https://feblog.pstatic.net/real/pc/2025.10.01/js/vendor.6794114dd270eb42c37c.js (2)
[14062:253552:1008/185916.712662:INFO:CONSOLE:2] "버튼 42: [object Object]", source: https://feblog.pstatic.net/real/pc/2025.10.01/js/vendor.6794114dd270eb42c37c.js (2)
[14062:253552:1008/185916.712747:INFO:CONSOLE:2] "버튼 43: [object Object]", source: https://feblog.pstatic.net/real/pc/2025.10.01/js/vendor.6794114dd270eb42c37c.js (2)
[14062:253552:1008/185916.712844:INFO:CONSOLE:2] "버튼 45: [object Object]", source: https://feblog.pstatic.net/real/pc/2025.10.01/js/vendor.6794114dd270eb42c37c.js (2)
[14062:253552:1008/185916.712930:INFO:CONSOLE:2] "버튼 47: [object Object]", source: https://feblog.pstatic.net/real/pc/2025.10.01/js/vendor.6794114dd270eb42c37c.js (2)
[14062:253552:1008/185916.713027:INFO:CONSOLE:2] "버튼 51: [object Object]", source: https://feblog.pstatic.net/real/pc/2025.10.01/js/vendor.6794114dd270eb42c37c.js (2)
[14062:253552:1008/185916.713122:INFO:CONSOLE:2] "버튼 55: [object Object]", source: https://feblog.pstatic.net/real/pc/2025.10.01/js/vendor.6794114dd270eb42c37c.js (2)
[14062:253552:1008/185916.713204:INFO:CONSOLE:2] "버튼 58: [object Object]", source: https://feblog.pstatic.net/real/pc/2025.10.01/js/vendor.6794114dd270eb42c37c.js (2)
[14062:253552:1008/185916.713296:INFO:CONSOLE:2] "버튼 61: [object Object]", source: https://feblog.pstatic.net/real/pc/2025.10.01/js/vendor.6794114dd270eb42c37c.js (2)
[14062:253552:1008/185916.713379:INFO:CONSOLE:2] "버튼 62: [object Object]", source: https://feblog.pstatic.net/real/pc/2025.10.01/js/vendor.6794114dd270eb42c37c.js (2)
[14062:253552:1008/185916.713471:INFO:CONSOLE:2] "버튼 64: [object Object]", source: https://feblog.pstatic.net/real/pc/2025.10.01/js/vendor.6794114dd270eb42c37c.js (2)
[14062:253552:1008/185916.713560:INFO:CONSOLE:2] "버튼 65: [object Object]", source: https://feblog.pstatic.net/real/pc/2025.10.01/js/vendor.6794114dd270eb42c37c.js (2)
[14062:253552:1008/185916.713637:INFO:CONSOLE:2] "버튼 67: [object Object]", source: https://feblog.pstatic.net/real/pc/2025.10.01/js/vendor.6794114dd270eb42c37c.js (2)
[14062:253552:1008/185916.713725:INFO:CONSOLE:2] "버튼 68: [object Object]", source: https://feblog.pstatic.net/real/pc/2025.10.01/js/vendor.6794114dd270eb42c37c.js (2)
[14062:253552:1008/185916.713809:INFO:CONSOLE:2] "버튼 71: [object Object]", source: https://feblog.pstatic.net/real/pc/2025.10.01/js/vendor.6794114dd270eb42c37c.js (2)
[14062:253552:1008/185916.713888:INFO:CONSOLE:2] "버튼 72: [object Object]", source: https://feblog.pstatic.net/real/pc/2025.10.01/js/vendor.6794114dd270eb42c37c.js (2)
[14062:253552:1008/185916.713993:INFO:CONSOLE:2] "버튼 75: [object Object]", source: https://feblog.pstatic.net/real/pc/2025.10.01/js/vendor.6794114dd270eb42c37c.js (2)
[14062:253552:1008/185916.714064:INFO:CONSOLE:2] "버튼 76: [object Object]", source: https://feblog.pstatic.net/real/pc/2025.10.01/js/vendor.6794114dd270eb42c37c.js (2)
[14062:253552:1008/185916.714156:INFO:CONSOLE:2] "버튼 79: [object Object]", source: https://feblog.pstatic.net/real/pc/2025.10.01/js/vendor.6794114dd270eb42c37c.js (2)
[14062:253552:1008/185916.714262:INFO:CONSOLE:2] "버튼 99: [object Object]", source: https://feblog.pstatic.net/real/pc/2025.10.01/js/vendor.6794114dd270eb42c37c.js (2)
[14062:253552:1008/185916.714354:INFO:CONSOLE:2] "버튼 100: [object Object]", source: https://feblog.pstatic.net/real/pc/2025.10.01/js/vendor.6794114dd270eb42c37c.js (2)
[14062:253552:1008/185916.714454:INFO:CONSOLE:2] "버튼 101: [object Object]", source: https://feblog.pstatic.net/real/pc/2025.10.01/js/vendor.6794114dd270eb42c37c.js (2)
[14062:253552:1008/185916.714542:INFO:CONSOLE:2] "버튼 102: [object Object]", source: https://feblog.pstatic.net/real/pc/2025.10.01/js/vendor.6794114dd270eb42c37c.js (2)
[14062:253552:1008/185916.714639:INFO:CONSOLE:2] "버튼 103: [object Object]", source: https://feblog.pstatic.net/real/pc/2025.10.01/js/vendor.6794114dd270eb42c37c.js (2)
[14062:253552:1008/185916.714723:INFO:CONSOLE:2] "버튼 104: [object Object]", source: https://feblog.pstatic.net/real/pc/2025.10.01/js/vendor.6794114dd270eb42c37c.js (2)
[14062:253552:1008/185916.714798:INFO:CONSOLE:2] "버튼 105: [object Object]", source: https://feblog.pstatic.net/real/pc/2025.10.01/js/vendor.6794114dd270eb42c37c.js (2)
[14062:253552:1008/185916.714889:INFO:CONSOLE:2] "버튼 106: [object Object]", source: https://feblog.pstatic.net/real/pc/2025.10.01/js/vendor.6794114dd270eb42c37c.js (2)
[14062:253552:1008/185916.714971:INFO:CONSOLE:2] "버튼 107: [object Object]", source: https://feblog.pstatic.net/real/pc/2025.10.01/js/vendor.6794114dd270eb42c37c.js (2)
[14062:253552:1008/185916.715071:INFO:CONSOLE:2] "버튼 108: [object Object]", source: https://feblog.pstatic.net/real/pc/2025.10.01/js/vendor.6794114dd270eb42c37c.js (2)
[14062:253552:1008/185916.715157:INFO:CONSOLE:2] "버튼 109: [object Object]", source: https://feblog.pstatic.net/real/pc/2025.10.01/js/vendor.6794114dd270eb42c37c.js (2)
[14062:253552:1008/185916.715237:INFO:CONSOLE:2] "버튼 110: [object Object]", source: https://feblog.pstatic.net/real/pc/2025.10.01/js/vendor.6794114dd270eb42c37c.js (2)
[14062:253552:1008/185916.715329:INFO:CONSOLE:2] "버튼 111: [object Object]", source: https://feblog.pstatic.net/real/pc/2025.10.01/js/vendor.6794114dd270eb42c37c.js (2)
[14062:253552:1008/185916.715418:INFO:CONSOLE:2] "버튼 112: [object Object]", source: https://feblog.pstatic.net/real/pc/2025.10.01/js/vendor.6794114dd270eb42c37c.js (2)
[14062:253552:1008/185916.715508:INFO:CONSOLE:2] "버튼 113: [object Object]", source: https://feblog.pstatic.net/real/pc/2025.10.01/js/vendor.6794114dd270eb42c37c.js (2)
[14062:253552:1008/185916.715599:INFO:CONSOLE:2] "버튼 114: [object Object]", source: https://feblog.pstatic.net/real/pc/2025.10.01/js/vendor.6794114dd270eb42c37c.js (2)
[14062:253552:1008/185916.715672:INFO:CONSOLE:2] "버튼 115: [object Object]", source: https://feblog.pstatic.net/real/pc/2025.10.01/js/vendor.6794114dd270eb42c37c.js (2)
[14062:253552:1008/185916.715775:INFO:CONSOLE:2] "버튼 116: [object Object]", source: https://feblog.pstatic.net/real/pc/2025.10.01/js/vendor.6794114dd270eb42c37c.js (2)
[14062:253552:1008/185916.715863:INFO:CONSOLE:2] "버튼 117: [object Object]", source: https://feblog.pstatic.net/real/pc/2025.10.01/js/vendor.6794114dd270eb42c37c.js (2)
[14062:253552:1008/185916.715938:INFO:CONSOLE:2] "버튼 118: [object Object]", source: https://feblog.pstatic.net/real/pc/2025.10.01/js/vendor.6794114dd270eb42c37c.js (2)
[14062:253552:1008/185916.716111:INFO:CONSOLE:2] "버튼 119: [object Object]", source: https://feblog.pstatic.net/real/pc/2025.10.01/js/vendor.6794114dd270eb42c37c.js (2)
[14062:253552:1008/185916.716196:INFO:CONSOLE:2] "버튼 120: [object Object]", source: https://feblog.pstatic.net/real/pc/2025.10.01/js/vendor.6794114dd270eb42c37c.js (2)
[14062:253552:1008/185916.716430:INFO:CONSOLE:2] "버튼 121: [object Object]", source: https://feblog.pstatic.net/real/pc/2025.10.01/js/vendor.6794114dd270eb42c37c.js (2)
[14062:253552:1008/185916.716725:INFO:CONSOLE:2] "버튼 122: [object Object]", source: https://feblog.pstatic.net/real/pc/2025.10.01/js/vendor.6794114dd270eb42c37c.js (2)
[14062:253552:1008/185916.716821:INFO:CONSOLE:2] "버튼 123: [object Object]", source: https://feblog.pstatic.net/real/pc/2025.10.01/js/vendor.6794114dd270eb42c37c.js (2)
[14062:253552:1008/185916.716955:INFO:CONSOLE:2] "버튼 124: [object Object]", source: https://feblog.pstatic.net/real/pc/2025.10.01/js/vendor.6794114dd270eb42c37c.js (2)
[14062:253552:1008/185916.717085:INFO:CONSOLE:2] "버튼 125: [object Object]", source: https://feblog.pstatic.net/real/pc/2025.10.01/js/vendor.6794114dd270eb42c37c.js (2)
[14062:253552:1008/185916.717148:INFO:CONSOLE:2] "버튼 126: [object Object]", source: https://feblog.pstatic.net/real/pc/2025.10.01/js/vendor.6794114dd270eb42c37c.js (2)
[14062:253552:1008/185916.717227:INFO:CONSOLE:2] "1단계: 정확한 선택자로 시도...", source: https://feblog.pstatic.net/real/pc/2025.10.01/js/vendor.6794114dd270eb42c37c.js (2)
[14062:253552:1008/185916.717350:INFO:CONSOLE:2] "✅ 정확한 선택자로 확인 버튼 클릭: button.se-popup-button-confirm", source: https://feblog.pstatic.net/real/pc/2025.10.01/js/vendor.6794114dd270eb42c37c.js (2)
[14062:253552:1008/185918.969421:INFO:CONSOLE:2] "키보드 입력 차단 해제 완료", source: https://feblog.pstatic.net/real/pc/2025.10.01/js/vendor.6794114dd270eb42c37c.js (2)
[14062:253552:1008/185920.104868:INFO:CONSOLE:2] "Google Maps JavaScript API has been loaded directly without loading=async. This can result in suboptimal performance. For best-practice loading patterns please see https://goo.gle/js-api-loading", source: https://feblog.pstatic.net/real/pc/2025.10.01/js/vendor.6794114dd270eb42c37c.js (2)
[14062:253552:1008/185926.934683:INFO:CONSOLE:2] "추가 버튼 발견, 5번 클릭 시도 시작...", source: https://feblog.pstatic.net/real/pc/2025.10.01/js/vendor.6794114dd270eb42c37c.js (2)
[14062:253552:1008/185926.935237:INFO:CONSOLE:2] "1번째 클릭 시도...", source: https://feblog.pstatic.net/real/pc/2025.10.01/js/vendor.6794114dd270eb42c37c.js (2)
[14062:253552:1008/185927.935873:INFO:CONSOLE:2] "2번째 클릭 시도...", source: https://feblog.pstatic.net/real/pc/2025.10.01/js/vendor.6794114dd270eb42c37c.js (2)
[14062:253552:1008/185928.937200:INFO:CONSOLE:2] "3번째 클릭 시도...", source: https://feblog.pstatic.net/real/pc/2025.10.01/js/vendor.6794114dd270eb42c37c.js (2)
[14062:253552:1008/185929.936032:INFO:CONSOLE:2] "4번째 클릭 시도...", source: https://feblog.pstatic.net/real/pc/2025.10.01/js/vendor.6794114dd270eb42c37c.js (2)
[14062:253552:1008/185930.937602:INFO:CONSOLE:2] "5번째 클릭 시도...", source: https://feblog.pstatic.net/real/pc/2025.10.01/js/vendor.6794114dd270eb42c37c.js (2)
[14062:253552:1008/185931.953885:INFO:CONSOLE:2] "정확한 선택자로 확인 버튼 발견", source: https://feblog.pstatic.net/real/pc/2025.10.01/js/vendor.6794114dd270eb42c37c.js (2)
[14062:253552:1008/190022.433105:INFO:CONSOLE:2] "=== 최종 발행 버튼 찾기 시작 ===", source: https://feblog.pstatic.net/real/pc/2025.10.01/js/vendor.6794114dd270eb42c37c.js (2)
[14062:253552:1008/190022.433235:INFO:CONSOLE:2] "🎯 data-testid로 발행 버튼 찾기...", source: https://feblog.pstatic.net/real/pc/2025.10.01/js/vendor.6794114dd270eb42c37c.js (2)
[14062:253552:1008/190022.433516:INFO:CONSOLE:2] "🎯 confirm_btn 클래스로 발행 버튼 찾기...", source: https://feblog.pstatic.net/real/pc/2025.10.01/js/vendor.6794114dd270eb42c37c.js (2)
[14062:253552:1008/190022.433989:INFO:CONSOLE:2] "✅ confirm_btn으로 발행 버튼 발견: [object Object]", source: https://feblog.pstatic.net/real/pc/2025.10.01/js/vendor.6794114dd270eb42c37c.js (2)
[14062:253552:1008/190022.459517:INFO:CONSOLE:2] "✅ confirm_btn 발행 버튼 클릭 완료", source: https://feblog.pstatic.net/real/pc/2025.10.01/js/vendor.6794114dd270eb42c37c.js (2)
[14062:253552:1008/190023.726818:INFO:CONSOLE:275] "Google Maps JavaScript API has been loaded directly without loading=async. This can result in suboptimal performance. For best-practice loading patterns please see https://goo.gle/js-api-loading", source: https://maps.google.co.kr/maps/api/js?v=3&client=gme-nhncorp&language=ko&channel=naver_blog (275)
[14062:253552:1008/192040.318373:INFO:CONSOLE:2] "클립보드 읽기 권한 상태: granted", source: https://feblog.pstatic.net/real/pc/2025.10.01/js/vendor.6794114dd270eb42c37c.js (2)
[14062:253552:1008/192043.696880:INFO:CONSOLE:2] "클립보드 읽기 권한 상태: granted", source: https://feblog.pstatic.net/real/pc/2025.10.01/js/vendor.6794114dd270eb42c37c.js (2)
[14062:253552:1008/192047.714930:INFO:CONSOLE:2] "클립보드 읽기 권한 상태: granted", source: https://feblog.pstatic.net/real/pc/2025.10.01/js/vendor.6794114dd270eb42c37c.js (2)
[14062:253552:1008/192051.738886:INFO:CONSOLE:2] "클립보드 읽기 권한 상태: granted", source: https://feblog.pstatic.net/real/pc/2025.10.01/js/vendor.6794114dd270eb42c37c.js (2)
[14062:253552:1008/192053.750450:INFO:CONSOLE:2] "클립보드 읽기 권한 상태: granted", source: https://feblog.pstatic.net/real/pc/2025.10.01/js/vendor.6794114dd270eb42c37c.js (2)
[14062:253552:1008/192055.731021:INFO:CONSOLE:2] "클립보드 읽기 권한 상태: granted", source: https://feblog.pstatic.net/real/pc/2025.10.01/js/vendor.6794114dd270eb42c37c.js (2)
[14062:253552:1008/192056.256843:INFO:CONSOLE:1] "File chooser dialog can only be shown with a user activation.", source: https://editor-static.pstatic.net/e/basic.desktop/1.69.0/se-editor.js?t=1755855480440 (1)
[14062:253552:1008/192057.716264:INFO:CONSOLE:2] "클립보드 읽기 권한 상태: granted", source: https://feblog.pstatic.net/real/pc/2025.10.01/js/vendor.6794114dd270eb42c37c.js (2)
[14062:253552:1008/192058.246378:INFO:CONSOLE:1] "File chooser dialog can only be shown with a user activation.", source: https://editor-static.pstatic.net/e/basic.desktop/1.69.0/se-editor.js?t=1755855480440 (1)
[14062:253552:1008/192059.674630:INFO:CONSOLE:2] "클립보드 읽기 권한 상태: granted", source: https://feblog.pstatic.net/real/pc/2025.10.01/js/vendor.6794114dd270eb42c37c.js (2)
[14062:253552:1008/192100.210008:INFO:CONSOLE:1] "File chooser dialog can only be shown with a user activation.", source: https://editor-static.pstatic.net/e/basic.desktop/1.69.0/se-editor.js?t=1755855480440 (1)
[14062:253552:1008/192111.073265:INFO:CONSOLE:2] "키보드 입력 차단 및 포커스 정리 완료", source: https://feblog.pstatic.net/real/pc/2025.10.01/js/vendor.6794114dd270eb42c37c.js (2)
[14062:253552:1008/192116.182501:INFO:CONSOLE:2] "=== 최강화된 확인 버튼 찾기 시작 ===", source: https://feblog.pstatic.net/real/pc/2025.10.01/js/vendor.6794114dd270eb42c37c.js (2)
[14062:253552:1008/192116.182649:INFO:CONSOLE:2] "현재 페이지의 모든 버튼 상황:", source: https://feblog.pstatic.net/real/pc/2025.10.01/js/vendor.6794114dd270eb42c37c.js (2)
[14062:253552:1008/192116.182986:INFO:CONSOLE:2] "버튼 1: [object Object]", source: https://feblog.pstatic.net/real/pc/2025.10.01/js/vendor.6794114dd270eb42c37c.js (2)
[14062:253552:1008/192116.183185:INFO:CONSOLE:2] "버튼 2: [object Object]", source: https://feblog.pstatic.net/real/pc/2025.10.01/js/vendor.6794114dd270eb42c37c.js (2)
[14062:253552:1008/192116.183312:INFO:CONSOLE:2] "버튼 3: [object Object]", source: https://feblog.pstatic.net/real/pc/2025.10.01/js/vendor.6794114dd270eb42c37c.js (2)
[14062:253552:1008/192116.183506:INFO:CONSOLE:2] "버튼 4: [object Object]", source: https://feblog.pstatic.net/real/pc/2025.10.01/js/vendor.6794114dd270eb42c37c.js (2)
[14062:253552:1008/192116.183554:INFO:CONSOLE:2] "버튼 5: [object Object]", source: https://feblog.pstatic.net/real/pc/2025.10.01/js/vendor.6794114dd270eb42c37c.js (2)
[14062:253552:1008/192116.183668:INFO:CONSOLE:2] "버튼 6: [object Object]", source: https://feblog.pstatic.net/real/pc/2025.10.01/js/vendor.6794114dd270eb42c37c.js (2)
[14062:253552:1008/192116.183768:INFO:CONSOLE:2] "버튼 7: [object Object]", source: https://feblog.pstatic.net/real/pc/2025.10.01/js/vendor.6794114dd270eb42c37c.js (2)
[14062:253552:1008/192116.183848:INFO:CONSOLE:2] "버튼 8: [object Object]", source: https://feblog.pstatic.net/real/pc/2025.10.01/js/vendor.6794114dd270eb42c37c.js (2)
[14062:253552:1008/192116.183971:INFO:CONSOLE:2] "버튼 9: [object Object]", source: https://feblog.pstatic.net/real/pc/2025.10.01/js/vendor.6794114dd270eb42c37c.js (2)
[14062:253552:1008/192116.184082:INFO:CONSOLE:2] "버튼 10: [object Object]", source: https://feblog.pstatic.net/real/pc/2025.10.01/js/vendor.6794114dd270eb42c37c.js (2)
[14062:253552:1008/192116.184163:INFO:CONSOLE:2] "버튼 11: [object Object]", source: https://feblog.pstatic.net/real/pc/2025.10.01/js/vendor.6794114dd270eb42c37c.js (2)
[14062:253552:1008/192116.184262:INFO:CONSOLE:2] "버튼 12: [object Object]", source: https://feblog.pstatic.net/real/pc/2025.10.01/js/vendor.6794114dd270eb42c37c.js (2)
[14062:253552:1008/192116.184357:INFO:CONSOLE:2] "버튼 13: [object Object]", source: https://feblog.pstatic.net/real/pc/2025.10.01/js/vendor.6794114dd270eb42c37c.js (2)
[14062:253552:1008/192116.184472:INFO:CONSOLE:2] "버튼 14: [object Object]", source: https://feblog.pstatic.net/real/pc/2025.10.01/js/vendor.6794114dd270eb42c37c.js (2)
[14062:253552:1008/192116.184560:INFO:CONSOLE:2] "버튼 15: [object Object]", source: https://feblog.pstatic.net/real/pc/2025.10.01/js/vendor.6794114dd270eb42c37c.js (2)
[14062:253552:1008/192116.184645:INFO:CONSOLE:2] "버튼 16: [object Object]", source: https://feblog.pstatic.net/real/pc/2025.10.01/js/vendor.6794114dd270eb42c37c.js (2)
[14062:253552:1008/192116.184742:INFO:CONSOLE:2] "버튼 17: [object Object]", source: https://feblog.pstatic.net/real/pc/2025.10.01/js/vendor.6794114dd270eb42c37c.js (2)
[14062:253552:1008/192116.184815:INFO:CONSOLE:2] "버튼 18: [object Object]", source: https://feblog.pstatic.net/real/pc/2025.10.01/js/vendor.6794114dd270eb42c37c.js (2)
[14062:253552:1008/192116.184915:INFO:CONSOLE:2] "버튼 19: [object Object]", source: https://feblog.pstatic.net/real/pc/2025.10.01/js/vendor.6794114dd270eb42c37c.js (2)
[14062:253552:1008/192116.184992:INFO:CONSOLE:2] "버튼 20: [object Object]", source: https://feblog.pstatic.net/real/pc/2025.10.01/js/vendor.6794114dd270eb42c37c.js (2)
[14062:253552:1008/192116.185114:INFO:CONSOLE:2] "버튼 21: [object Object]", source: https://feblog.pstatic.net/real/pc/2025.10.01/js/vendor.6794114dd270eb42c37c.js (2)
[14062:253552:1008/192116.185187:INFO:CONSOLE:2] "버튼 22: [object Object]", source: https://feblog.pstatic.net/real/pc/2025.10.01/js/vendor.6794114dd270eb42c37c.js (2)
[14062:253552:1008/192116.185294:INFO:CONSOLE:2] "버튼 23: [object Object]", source: https://feblog.pstatic.net/real/pc/2025.10.01/js/vendor.6794114dd270eb42c37c.js (2)
[14062:253552:1008/192116.185394:INFO:CONSOLE:2] "버튼 24: [object Object]", source: https://feblog.pstatic.net/real/pc/2025.10.01/js/vendor.6794114dd270eb42c37c.js (2)
[14062:253552:1008/192116.185462:INFO:CONSOLE:2] "버튼 25: [object Object]", source: https://feblog.pstatic.net/real/pc/2025.10.01/js/vendor.6794114dd270eb42c37c.js (2)
[14062:253552:1008/192116.185582:INFO:CONSOLE:2] "버튼 26: [object Object]", source: https://feblog.pstatic.net/real/pc/2025.10.01/js/vendor.6794114dd270eb42c37c.js (2)
[14062:253552:1008/192116.185656:INFO:CONSOLE:2] "버튼 27: [object Object]", source: https://feblog.pstatic.net/real/pc/2025.10.01/js/vendor.6794114dd270eb42c37c.js (2)
[14062:253552:1008/192116.185728:INFO:CONSOLE:2] "버튼 28: [object Object]", source: https://feblog.pstatic.net/real/pc/2025.10.01/js/vendor.6794114dd270eb42c37c.js (2)
[14062:253552:1008/192116.185805:INFO:CONSOLE:2] "버튼 29: [object Object]", source: https://feblog.pstatic.net/real/pc/2025.10.01/js/vendor.6794114dd270eb42c37c.js (2)
[14062:253552:1008/192116.185881:INFO:CONSOLE:2] "버튼 30: [object Object]", source: https://feblog.pstatic.net/real/pc/2025.10.01/js/vendor.6794114dd270eb42c37c.js (2)
[14062:253552:1008/192116.185957:INFO:CONSOLE:2] "버튼 31: [object Object]", source: https://feblog.pstatic.net/real/pc/2025.10.01/js/vendor.6794114dd270eb42c37c.js (2)
[14062:253552:1008/192116.186014:INFO:CONSOLE:2] "버튼 32: [object Object]", source: https://feblog.pstatic.net/real/pc/2025.10.01/js/vendor.6794114dd270eb42c37c.js (2)
[14062:253552:1008/192116.186094:INFO:CONSOLE:2] "버튼 33: [object Object]", source: https://feblog.pstatic.net/real/pc/2025.10.01/js/vendor.6794114dd270eb42c37c.js (2)
[14062:253552:1008/192116.186166:INFO:CONSOLE:2] "버튼 34: [object Object]", source: https://feblog.pstatic.net/real/pc/2025.10.01/js/vendor.6794114dd270eb42c37c.js (2)
[14062:253552:1008/192116.186227:INFO:CONSOLE:2] "버튼 35: [object Object]", source: https://feblog.pstatic.net/real/pc/2025.10.01/js/vendor.6794114dd270eb42c37c.js (2)
[14062:253552:1008/192116.186307:INFO:CONSOLE:2] "버튼 36: [object Object]", source: https://feblog.pstatic.net/real/pc/2025.10.01/js/vendor.6794114dd270eb42c37c.js (2)
[14062:253552:1008/192116.186402:INFO:CONSOLE:2] "버튼 37: [object Object]", source: https://feblog.pstatic.net/real/pc/2025.10.01/js/vendor.6794114dd270eb42c37c.js (2)
[14062:253552:1008/192116.186458:INFO:CONSOLE:2] "버튼 38: [object Object]", source: https://feblog.pstatic.net/real/pc/2025.10.01/js/vendor.6794114dd270eb42c37c.js (2)
[14062:253552:1008/192116.186536:INFO:CONSOLE:2] "버튼 39: [object Object]", source: https://feblog.pstatic.net/real/pc/2025.10.01/js/vendor.6794114dd270eb42c37c.js (2)
[14062:253552:1008/192116.186604:INFO:CONSOLE:2] "버튼 40: [object Object]", source: https://feblog.pstatic.net/real/pc/2025.10.01/js/vendor.6794114dd270eb42c37c.js (2)
[14062:253552:1008/192116.186677:INFO:CONSOLE:2] "버튼 41: [object Object]", source: https://feblog.pstatic.net/real/pc/2025.10.01/js/vendor.6794114dd270eb42c37c.js (2)
[14062:253552:1008/192116.186757:INFO:CONSOLE:2] "버튼 42: [object Object]", source: https://feblog.pstatic.net/real/pc/2025.10.01/js/vendor.6794114dd270eb42c37c.js (2)
[14062:253552:1008/192116.186807:INFO:CONSOLE:2] "버튼 43: [object Object]", source: https://feblog.pstatic.net/real/pc/2025.10.01/js/vendor.6794114dd270eb42c37c.js (2)
[14062:253552:1008/192116.186893:INFO:CONSOLE:2] "버튼 45: [object Object]", source: https://feblog.pstatic.net/real/pc/2025.10.01/js/vendor.6794114dd270eb42c37c.js (2)
[14062:253552:1008/192116.186970:INFO:CONSOLE:2] "버튼 47: [object Object]", source: https://feblog.pstatic.net/real/pc/2025.10.01/js/vendor.6794114dd270eb42c37c.js (2)
[14062:253552:1008/192116.187044:INFO:CONSOLE:2] "버튼 51: [object Object]", source: https://feblog.pstatic.net/real/pc/2025.10.01/js/vendor.6794114dd270eb42c37c.js (2)
[14062:253552:1008/192116.187135:INFO:CONSOLE:2] "버튼 55: [object Object]", source: https://feblog.pstatic.net/real/pc/2025.10.01/js/vendor.6794114dd270eb42c37c.js (2)
[14062:253552:1008/192116.187219:INFO:CONSOLE:2] "버튼 59: [object Object]", source: https://feblog.pstatic.net/real/pc/2025.10.01/js/vendor.6794114dd270eb42c37c.js (2)
[14062:253552:1008/192116.187288:INFO:CONSOLE:2] "버튼 60: [object Object]", source: https://feblog.pstatic.net/real/pc/2025.10.01/js/vendor.6794114dd270eb42c37c.js (2)
[14062:253552:1008/192116.187373:INFO:CONSOLE:2] "버튼 63: [object Object]", source: https://feblog.pstatic.net/real/pc/2025.10.01/js/vendor.6794114dd270eb42c37c.js (2)
[14062:253552:1008/192116.187432:INFO:CONSOLE:2] "버튼 64: [object Object]", source: https://feblog.pstatic.net/real/pc/2025.10.01/js/vendor.6794114dd270eb42c37c.js (2)
[14062:253552:1008/192116.187515:INFO:CONSOLE:2] "버튼 67: [object Object]", source: https://feblog.pstatic.net/real/pc/2025.10.01/js/vendor.6794114dd270eb42c37c.js (2)
[14062:253552:1008/192116.187601:INFO:CONSOLE:2] "버튼 68: [object Object]", source: https://feblog.pstatic.net/real/pc/2025.10.01/js/vendor.6794114dd270eb42c37c.js (2)
[14062:253552:1008/192116.187674:INFO:CONSOLE:2] "버튼 71: [object Object]", source: https://feblog.pstatic.net/real/pc/2025.10.01/js/vendor.6794114dd270eb42c37c.js (2)
[14062:253552:1008/192116.187745:INFO:CONSOLE:2] "버튼 72: [object Object]", source: https://feblog.pstatic.net/real/pc/2025.10.01/js/vendor.6794114dd270eb42c37c.js (2)
[14062:253552:1008/192116.187828:INFO:CONSOLE:2] "버튼 75: [object Object]", source: https://feblog.pstatic.net/real/pc/2025.10.01/js/vendor.6794114dd270eb42c37c.js (2)
[14062:253552:1008/192116.187909:INFO:CONSOLE:2] "버튼 95: [object Object]", source: https://feblog.pstatic.net/real/pc/2025.10.01/js/vendor.6794114dd270eb42c37c.js (2)
[14062:253552:1008/192116.187987:INFO:CONSOLE:2] "버튼 96: [object Object]", source: https://feblog.pstatic.net/real/pc/2025.10.01/js/vendor.6794114dd270eb42c37c.js (2)
[14062:253552:1008/192116.188047:INFO:CONSOLE:2] "버튼 97: [object Object]", source: https://feblog.pstatic.net/real/pc/2025.10.01/js/vendor.6794114dd270eb42c37c.js (2)
[14062:253552:1008/192116.188135:INFO:CONSOLE:2] "버튼 98: [object Object]", source: https://feblog.pstatic.net/real/pc/2025.10.01/js/vendor.6794114dd270eb42c37c.js (2)
[14062:253552:1008/192116.188193:INFO:CONSOLE:2] "버튼 99: [object Object]", source: https://feblog.pstatic.net/real/pc/2025.10.01/js/vendor.6794114dd270eb42c37c.js (2)
[14062:253552:1008/192116.188261:INFO:CONSOLE:2] "버튼 100: [object Object]", source: https://feblog.pstatic.net/real/pc/2025.10.01/js/vendor.6794114dd270eb42c37c.js (2)
[14062:253552:1008/192116.188319:INFO:CONSOLE:2] "버튼 101: [object Object]", source: https://feblog.pstatic.net/real/pc/2025.10.01/js/vendor.6794114dd270eb42c37c.js (2)
[14062:253552:1008/192116.188380:INFO:CONSOLE:2] "버튼 102: [object Object]", source: https://feblog.pstatic.net/real/pc/2025.10.01/js/vendor.6794114dd270eb42c37c.js (2)
[14062:253552:1008/192116.188451:INFO:CONSOLE:2] "버튼 103: [object Object]", source: https://feblog.pstatic.net/real/pc/2025.10.01/js/vendor.6794114dd270eb42c37c.js (2)
[14062:253552:1008/192116.188517:INFO:CONSOLE:2] "버튼 104: [object Object]", source: https://feblog.pstatic.net/real/pc/2025.10.01/js/vendor.6794114dd270eb42c37c.js (2)
[14062:253552:1008/192116.188593:INFO:CONSOLE:2] "버튼 105: [object Object]", source: https://feblog.pstatic.net/real/pc/2025.10.01/js/vendor.6794114dd270eb42c37c.js (2)
[14062:253552:1008/192116.188668:INFO:CONSOLE:2] "버튼 106: [object Object]", source: https://feblog.pstatic.net/real/pc/2025.10.01/js/vendor.6794114dd270eb42c37c.js (2)
[14062:253552:1008/192116.188734:INFO:CONSOLE:2] "버튼 107: [object Object]", source: https://feblog.pstatic.net/real/pc/2025.10.01/js/vendor.6794114dd270eb42c37c.js (2)
[14062:253552:1008/192116.188798:INFO:CONSOLE:2] "버튼 108: [object Object]", source: https://feblog.pstatic.net/real/pc/2025.10.01/js/vendor.6794114dd270eb42c37c.js (2)
[14062:253552:1008/192116.188881:INFO:CONSOLE:2] "버튼 109: [object Object]", source: https://feblog.pstatic.net/real/pc/2025.10.01/js/vendor.6794114dd270eb42c37c.js (2)
[14062:253552:1008/192116.188943:INFO:CONSOLE:2] "버튼 110: [object Object]", source: https://feblog.pstatic.net/real/pc/2025.10.01/js/vendor.6794114dd270eb42c37c.js (2)
[14062:253552:1008/192116.189020:INFO:CONSOLE:2] "버튼 111: [object Object]", source: https://feblog.pstatic.net/real/pc/2025.10.01/js/vendor.6794114dd270eb42c37c.js (2)
[14062:253552:1008/192116.189090:INFO:CONSOLE:2] "버튼 112: [object Object]", source: https://feblog.pstatic.net/real/pc/2025.10.01/js/vendor.6794114dd270eb42c37c.js (2)
[14062:253552:1008/192116.189148:INFO:CONSOLE:2] "버튼 113: [object Object]", source: https://feblog.pstatic.net/real/pc/2025.10.01/js/vendor.6794114dd270eb42c37c.js (2)
[14062:253552:1008/192116.189212:INFO:CONSOLE:2] "버튼 114: [object Object]", source: https://feblog.pstatic.net/real/pc/2025.10.01/js/vendor.6794114dd270eb42c37c.js (2)
[14062:253552:1008/192116.189273:INFO:CONSOLE:2] "버튼 115: [object Object]", source: https://feblog.pstatic.net/real/pc/2025.10.01/js/vendor.6794114dd270eb42c37c.js (2)
[14062:253552:1008/192116.189358:INFO:CONSOLE:2] "버튼 116: [object Object]", source: https://feblog.pstatic.net/real/pc/2025.10.01/js/vendor.6794114dd270eb42c37c.js (2)
[14062:253552:1008/192116.189405:INFO:CONSOLE:2] "버튼 117: [object Object]", source: https://feblog.pstatic.net/real/pc/2025.10.01/js/vendor.6794114dd270eb42c37c.js (2)
[14062:253552:1008/192116.189475:INFO:CONSOLE:2] "버튼 118: [object Object]", source: https://feblog.pstatic.net/real/pc/2025.10.01/js/vendor.6794114dd270eb42c37c.js (2)
[14062:253552:1008/192116.189547:INFO:CONSOLE:2] "버튼 119: [object Object]", source: https://feblog.pstatic.net/real/pc/2025.10.01/js/vendor.6794114dd270eb42c37c.js (2)
[14062:253552:1008/192116.189607:INFO:CONSOLE:2] "버튼 120: [object Object]", source: https://feblog.pstatic.net/real/pc/2025.10.01/js/vendor.6794114dd270eb42c37c.js (2)
[14062:253552:1008/192116.189671:INFO:CONSOLE:2] "1단계: 정확한 선택자로 시도...", source: https://feblog.pstatic.net/real/pc/2025.10.01/js/vendor.6794114dd270eb42c37c.js (2)
[14062:253552:1008/192116.189772:INFO:CONSOLE:2] "✅ 정확한 선택자로 확인 버튼 클릭: button.se-popup-button-confirm", source: https://feblog.pstatic.net/real/pc/2025.10.01/js/vendor.6794114dd270eb42c37c.js (2)
[14062:253552:1008/192118.480338:INFO:CONSOLE:2] "키보드 입력 차단 해제 완료", source: https://feblog.pstatic.net/real/pc/2025.10.01/js/vendor.6794114dd270eb42c37c.js (2)
[14062:253552:1008/192119.615280:INFO:CONSOLE:2] "Google Maps JavaScript API has been loaded directly without loading=async. This can result in suboptimal performance. For best-practice loading patterns please see https://goo.gle/js-api-loading", source: https://feblog.pstatic.net/real/pc/2025.10.01/js/vendor.6794114dd270eb42c37c.js (2)
[14062:253552:1008/192126.452217:INFO:CONSOLE:2] "추가 버튼 발견, 5번 클릭 시도 시작...", source: https://feblog.pstatic.net/real/pc/2025.10.01/js/vendor.6794114dd270eb42c37c.js (2)
[14062:253552:1008/192126.452652:INFO:CONSOLE:2] "1번째 클릭 시도...", source: https://feblog.pstatic.net/real/pc/2025.10.01/js/vendor.6794114dd270eb42c37c.js (2)
[14062:253552:1008/192127.455799:INFO:CONSOLE:2] "2번째 클릭 시도...", source: https://feblog.pstatic.net/real/pc/2025.10.01/js/vendor.6794114dd270eb42c37c.js (2)
[14062:253552:1008/192128.455752:INFO:CONSOLE:2] "3번째 클릭 시도...", source: https://feblog.pstatic.net/real/pc/2025.10.01/js/vendor.6794114dd270eb42c37c.js (2)
[14062:253552:1008/192129.455657:INFO:CONSOLE:2] "4번째 클릭 시도...", source: https://feblog.pstatic.net/real/pc/2025.10.01/js/vendor.6794114dd270eb42c37c.js (2)
[14062:253552:1008/192130.455069:INFO:CONSOLE:2] "5번째 클릭 시도...", source: https://feblog.pstatic.net/real/pc/2025.10.01/js/vendor.6794114dd270eb42c37c.js (2)
[14062:253552:1008/192131.483784:INFO:CONSOLE:2] "정확한 선택자로 확인 버튼 발견", source: https://feblog.pstatic.net/real/pc/2025.10.01/js/vendor.6794114dd270eb42c37c.js (2)
[14062:253552:1008/192222.005633:INFO:CONSOLE:2] "=== 최종 발행 버튼 찾기 시작 ===", source: https://feblog.pstatic.net/real/pc/2025.10.01/js/vendor.6794114dd270eb42c37c.js (2)
[14062:253552:1008/192222.005780:INFO:CONSOLE:2] "🎯 data-testid로 발행 버튼 찾기...", source: https://feblog.pstatic.net/real/pc/2025.10.01/js/vendor.6794114dd270eb42c37c.js (2)
[14062:253552:1008/192222.005936:INFO:CONSOLE:2] "🎯 confirm_btn 클래스로 발행 버튼 찾기...", source: https://feblog.pstatic.net/real/pc/2025.10.01/js/vendor.6794114dd270eb42c37c.js (2)
[14062:253552:1008/192222.006260:INFO:CONSOLE:2] "✅ confirm_btn으로 발행 버튼 발견: [object Object]", source: https://feblog.pstatic.net/real/pc/2025.10.01/js/vendor.6794114dd270eb42c37c.js (2)
[14062:253552:1008/192222.032831:INFO:CONSOLE:2] "✅ confirm_btn 발행 버튼 클릭 완료", source: https://feblog.pstatic.net/real/pc/2025.10.01/js/vendor.6794114dd270eb42c37c.js (2)
[14062:253552:1008/192223.371508:INFO:CONSOLE:275] "Google Maps JavaScript API has been loaded directly without loading=async. This can result in suboptimal performance. For best-practice loading patterns please see https://goo.gle/js-api-loading", source: https://maps.google.co.kr/maps/api/js?v=3&client=gme-nhncorp&language=ko&channel=naver_blog (275)
[14062:253552:1008/193939.933031:INFO:CONSOLE:2] "클립보드 읽기 권한 상태: granted", source: https://feblog.pstatic.net/real/pc/2025.10.01/js/vendor.6794114dd270eb42c37c.js (2)
[14062:253552:1008/193943.946790:INFO:CONSOLE:2] "클립보드 읽기 권한 상태: granted", source: https://feblog.pstatic.net/real/pc/2025.10.01/js/vendor.6794114dd270eb42c37c.js (2)
[14062:253552:1008/193948.097063:INFO:CONSOLE:2] "클립보드 읽기 권한 상태: granted", source: https://feblog.pstatic.net/real/pc/2025.10.01/js/vendor.6794114dd270eb42c37c.js (2)
[14062:253552:1008/193951.002008:INFO:CONSOLE:2] "클립보드 읽기 권한 상태: granted", source: https://feblog.pstatic.net/real/pc/2025.10.01/js/vendor.6794114dd270eb42c37c.js (2)
[14062:253552:1008/193952.979405:INFO:CONSOLE:2] "클립보드 읽기 권한 상태: granted", source: https://feblog.pstatic.net/real/pc/2025.10.01/js/vendor.6794114dd270eb42c37c.js (2)
[14062:253552:1008/193954.968589:INFO:CONSOLE:2] "클립보드 읽기 권한 상태: granted", source: https://feblog.pstatic.net/real/pc/2025.10.01/js/vendor.6794114dd270eb42c37c.js (2)
[14062:253552:1008/193955.493529:INFO:CONSOLE:1] "File chooser dialog can only be shown with a user activation.", source: https://editor-static.pstatic.net/e/basic.desktop/1.69.0/se-editor.js?t=1755855480440 (1)
[14062:253552:1008/193956.907116:INFO:CONSOLE:2] "클립보드 읽기 권한 상태: granted", source: https://feblog.pstatic.net/real/pc/2025.10.01/js/vendor.6794114dd270eb42c37c.js (2)
[14062:253552:1008/193957.436034:INFO:CONSOLE:1] "File chooser dialog can only be shown with a user activation.", source: https://editor-static.pstatic.net/e/basic.desktop/1.69.0/se-editor.js?t=1755855480440 (1)
[14062:253552:1008/193958.894515:INFO:CONSOLE:2] "클립보드 읽기 권한 상태: granted", source: https://feblog.pstatic.net/real/pc/2025.10.01/js/vendor.6794114dd270eb42c37c.js (2)
[14062:253552:1008/193959.427685:INFO:CONSOLE:1] "File chooser dialog can only be shown with a user activation.", source: https://editor-static.pstatic.net/e/basic.desktop/1.69.0/se-editor.js?t=1755855480440 (1)
[14062:253552:1008/194010.322867:INFO:CONSOLE:2] "키보드 입력 차단 및 포커스 정리 완료", source: https://feblog.pstatic.net/real/pc/2025.10.01/js/vendor.6794114dd270eb42c37c.js (2)
[14062:253552:1008/194015.432925:INFO:CONSOLE:2] "=== 최강화된 확인 버튼 찾기 시작 ===", source: https://feblog.pstatic.net/real/pc/2025.10.01/js/vendor.6794114dd270eb42c37c.js (2)
[14062:253552:1008/194015.433007:INFO:CONSOLE:2] "현재 페이지의 모든 버튼 상황:", source: https://feblog.pstatic.net/real/pc/2025.10.01/js/vendor.6794114dd270eb42c37c.js (2)
[14062:253552:1008/194015.433443:INFO:CONSOLE:2] "버튼 1: [object Object]", source: https://feblog.pstatic.net/real/pc/2025.10.01/js/vendor.6794114dd270eb42c37c.js (2)
[14062:253552:1008/194015.433582:INFO:CONSOLE:2] "버튼 2: [object Object]", source: https://feblog.pstatic.net/real/pc/2025.10.01/js/vendor.6794114dd270eb42c37c.js (2)
[14062:253552:1008/194015.433705:INFO:CONSOLE:2] "버튼 3: [object Object]", source: https://feblog.pstatic.net/real/pc/2025.10.01/js/vendor.6794114dd270eb42c37c.js (2)
[14062:253552:1008/194015.433808:INFO:CONSOLE:2] "버튼 4: [object Object]", source: https://feblog.pstatic.net/real/pc/2025.10.01/js/vendor.6794114dd270eb42c37c.js (2)
[14062:253552:1008/194015.433907:INFO:CONSOLE:2] "버튼 5: [object Object]", source: https://feblog.pstatic.net/real/pc/2025.10.01/js/vendor.6794114dd270eb42c37c.js (2)
[14062:253552:1008/194015.434007:INFO:CONSOLE:2] "버튼 6: [object Object]", source: https://feblog.pstatic.net/real/pc/2025.10.01/js/vendor.6794114dd270eb42c37c.js (2)
[14062:253552:1008/194015.434109:INFO:CONSOLE:2] "버튼 7: [object Object]", source: https://feblog.pstatic.net/real/pc/2025.10.01/js/vendor.6794114dd270eb42c37c.js (2)
[14062:253552:1008/194015.434191:INFO:CONSOLE:2] "버튼 8: [object Object]", source: https://feblog.pstatic.net/real/pc/2025.10.01/js/vendor.6794114dd270eb42c37c.js (2)
[14062:253552:1008/194015.434289:INFO:CONSOLE:2] "버튼 9: [object Object]", source: https://feblog.pstatic.net/real/pc/2025.10.01/js/vendor.6794114dd270eb42c37c.js (2)
[14062:253552:1008/194015.434399:INFO:CONSOLE:2] "버튼 10: [object Object]", source: https://feblog.pstatic.net/real/pc/2025.10.01/js/vendor.6794114dd270eb42c37c.js (2)
[14062:253552:1008/194015.434453:INFO:CONSOLE:2] "버튼 11: [object Object]", source: https://feblog.pstatic.net/real/pc/2025.10.01/js/vendor.6794114dd270eb42c37c.js (2)
[14062:253552:1008/194015.434517:INFO:CONSOLE:2] "버튼 12: [object Object]", source: https://feblog.pstatic.net/real/pc/2025.10.01/js/vendor.6794114dd270eb42c37c.js (2)
[14062:253552:1008/194015.434608:INFO:CONSOLE:2] "버튼 13: [object Object]", source: https://feblog.pstatic.net/real/pc/2025.10.01/js/vendor.6794114dd270eb42c37c.js (2)
[14062:253552:1008/194015.434689:INFO:CONSOLE:2] "버튼 14: [object Object]", source: https://feblog.pstatic.net/real/pc/2025.10.01/js/vendor.6794114dd270eb42c37c.js (2)
[14062:253552:1008/194015.434799:INFO:CONSOLE:2] "버튼 15: [object Object]", source: https://feblog.pstatic.net/real/pc/2025.10.01/js/vendor.6794114dd270eb42c37c.js (2)
[14062:253552:1008/194015.434879:INFO:CONSOLE:2] "버튼 16: [object Object]", source: https://feblog.pstatic.net/real/pc/2025.10.01/js/vendor.6794114dd270eb42c37c.js (2)
[14062:253552:1008/194015.434957:INFO:CONSOLE:2] "버튼 17: [object Object]", source: https://feblog.pstatic.net/real/pc/2025.10.01/js/vendor.6794114dd270eb42c37c.js (2)
[14062:253552:1008/194015.435040:INFO:CONSOLE:2] "버튼 18: [object Object]", source: https://feblog.pstatic.net/real/pc/2025.10.01/js/vendor.6794114dd270eb42c37c.js (2)
[14062:253552:1008/194015.435115:INFO:CONSOLE:2] "버튼 19: [object Object]", source: https://feblog.pstatic.net/real/pc/2025.10.01/js/vendor.6794114dd270eb42c37c.js (2)
[14062:253552:1008/194015.435185:INFO:CONSOLE:2] "버튼 20: [object Object]", source: https://feblog.pstatic.net/real/pc/2025.10.01/js/vendor.6794114dd270eb42c37c.js (2)
[14062:253552:1008/194015.435269:INFO:CONSOLE:2] "버튼 21: [object Object]", source: https://feblog.pstatic.net/real/pc/2025.10.01/js/vendor.6794114dd270eb42c37c.js (2)
[14062:253552:1008/194015.435352:INFO:CONSOLE:2] "버튼 22: [object Object]", source: https://feblog.pstatic.net/real/pc/2025.10.01/js/vendor.6794114dd270eb42c37c.js (2)
[14062:253552:1008/194015.435427:INFO:CONSOLE:2] "버튼 23: [object Object]", source: https://feblog.pstatic.net/real/pc/2025.10.01/js/vendor.6794114dd270eb42c37c.js (2)
[14062:253552:1008/194015.435501:INFO:CONSOLE:2] "버튼 24: [object Object]", source: https://feblog.pstatic.net/real/pc/2025.10.01/js/vendor.6794114dd270eb42c37c.js (2)
[14062:253552:1008/194015.435582:INFO:CONSOLE:2] "버튼 25: [object Object]", source: https://feblog.pstatic.net/real/pc/2025.10.01/js/vendor.6794114dd270eb42c37c.js (2)
[14062:253552:1008/194015.435670:INFO:CONSOLE:2] "버튼 26: [object Object]", source: https://feblog.pstatic.net/real/pc/2025.10.01/js/vendor.6794114dd270eb42c37c.js (2)
[14062:253552:1008/194015.435744:INFO:CONSOLE:2] "버튼 27: [object Object]", source: https://feblog.pstatic.net/real/pc/2025.10.01/js/vendor.6794114dd270eb42c37c.js (2)
[14062:253552:1008/194015.435807:INFO:CONSOLE:2] "버튼 28: [object Object]", source: https://feblog.pstatic.net/real/pc/2025.10.01/js/vendor.6794114dd270eb42c37c.js (2)
[14062:253552:1008/194015.435898:INFO:CONSOLE:2] "버튼 29: [object Object]", source: https://feblog.pstatic.net/real/pc/2025.10.01/js/vendor.6794114dd270eb42c37c.js (2)
[14062:253552:1008/194015.435958:INFO:CONSOLE:2] "버튼 30: [object Object]", source: https://feblog.pstatic.net/real/pc/2025.10.01/js/vendor.6794114dd270eb42c37c.js (2)
[14062:253552:1008/194015.436040:INFO:CONSOLE:2] "버튼 31: [object Object]", source: https://feblog.pstatic.net/real/pc/2025.10.01/js/vendor.6794114dd270eb42c37c.js (2)
[14062:253552:1008/194015.436114:INFO:CONSOLE:2] "버튼 32: [object Object]", source: https://feblog.pstatic.net/real/pc/2025.10.01/js/vendor.6794114dd270eb42c37c.js (2)
[14062:253552:1008/194015.436209:INFO:CONSOLE:2] "버튼 33: [object Object]", source: https://feblog.pstatic.net/real/pc/2025.10.01/js/vendor.6794114dd270eb42c37c.js (2)
[14062:253552:1008/194015.436283:INFO:CONSOLE:2] "버튼 34: [object Object]", source: https://feblog.pstatic.net/real/pc/2025.10.01/js/vendor.6794114dd270eb42c37c.js (2)
[14062:253552:1008/194015.436357:INFO:CONSOLE:2] "버튼 35: [object Object]", source: https://feblog.pstatic.net/real/pc/2025.10.01/js/vendor.6794114dd270eb42c37c.js (2)
[14062:253552:1008/194015.436426:INFO:CONSOLE:2] "버튼 36: [object Object]", source: https://feblog.pstatic.net/real/pc/2025.10.01/js/vendor.6794114dd270eb42c37c.js (2)
[14062:253552:1008/194015.436505:INFO:CONSOLE:2] "버튼 37: [object Object]", source: https://feblog.pstatic.net/real/pc/2025.10.01/js/vendor.6794114dd270eb42c37c.js (2)
[14062:253552:1008/194015.436582:INFO:CONSOLE:2] "버튼 38: [object Object]", source: https://feblog.pstatic.net/real/pc/2025.10.01/js/vendor.6794114dd270eb42c37c.js (2)
[14062:253552:1008/194015.436651:INFO:CONSOLE:2] "버튼 39: [object Object]", source: https://feblog.pstatic.net/real/pc/2025.10.01/js/vendor.6794114dd270eb42c37c.js (2)
[14062:253552:1008/194015.436715:INFO:CONSOLE:2] "버튼 40: [object Object]", source: https://feblog.pstatic.net/real/pc/2025.10.01/js/vendor.6794114dd270eb42c37c.js (2)
[14062:253552:1008/194015.436801:INFO:CONSOLE:2] "버튼 41: [object Object]", source: https://feblog.pstatic.net/real/pc/2025.10.01/js/vendor.6794114dd270eb42c37c.js (2)
[14062:253552:1008/194015.436857:INFO:CONSOLE:2] "버튼 42: [object Object]", source: https://feblog.pstatic.net/real/pc/2025.10.01/js/vendor.6794114dd270eb42c37c.js (2)
[14062:253552:1008/194015.436930:INFO:CONSOLE:2] "버튼 43: [object Object]", source: https://feblog.pstatic.net/real/pc/2025.10.01/js/vendor.6794114dd270eb42c37c.js (2)
[14062:253552:1008/194015.437019:INFO:CONSOLE:2] "버튼 45: [object Object]", source: https://feblog.pstatic.net/real/pc/2025.10.01/js/vendor.6794114dd270eb42c37c.js (2)
[14062:253552:1008/194015.437099:INFO:CONSOLE:2] "버튼 47: [object Object]", source: https://feblog.pstatic.net/real/pc/2025.10.01/js/vendor.6794114dd270eb42c37c.js (2)
[14062:253552:1008/194015.437170:INFO:CONSOLE:2] "버튼 51: [object Object]", source: https://feblog.pstatic.net/real/pc/2025.10.01/js/vendor.6794114dd270eb42c37c.js (2)
[14062:253552:1008/194015.437252:INFO:CONSOLE:2] "버튼 55: [object Object]", source: https://feblog.pstatic.net/real/pc/2025.10.01/js/vendor.6794114dd270eb42c37c.js (2)
[14062:253552:1008/194015.437349:INFO:CONSOLE:2] "버튼 59: [object Object]", source: https://feblog.pstatic.net/real/pc/2025.10.01/js/vendor.6794114dd270eb42c37c.js (2)
[14062:253552:1008/194015.437416:INFO:CONSOLE:2] "버튼 60: [object Object]", source: https://feblog.pstatic.net/real/pc/2025.10.01/js/vendor.6794114dd270eb42c37c.js (2)
[14062:253552:1008/194015.437491:INFO:CONSOLE:2] "버튼 63: [object Object]", source: https://feblog.pstatic.net/real/pc/2025.10.01/js/vendor.6794114dd270eb42c37c.js (2)
[14062:253552:1008/194015.437560:INFO:CONSOLE:2] "버튼 64: [object Object]", source: https://feblog.pstatic.net/real/pc/2025.10.01/js/vendor.6794114dd270eb42c37c.js (2)
[14062:253552:1008/194015.437641:INFO:CONSOLE:2] "버튼 67: [object Object]", source: https://feblog.pstatic.net/real/pc/2025.10.01/js/vendor.6794114dd270eb42c37c.js (2)
[14062:253552:1008/194015.437728:INFO:CONSOLE:2] "버튼 68: [object Object]", source: https://feblog.pstatic.net/real/pc/2025.10.01/js/vendor.6794114dd270eb42c37c.js (2)
[14062:253552:1008/194015.437799:INFO:CONSOLE:2] "버튼 71: [object Object]", source: https://feblog.pstatic.net/real/pc/2025.10.01/js/vendor.6794114dd270eb42c37c.js (2)
[14062:253552:1008/194015.437874:INFO:CONSOLE:2] "버튼 72: [object Object]", source: https://feblog.pstatic.net/real/pc/2025.10.01/js/vendor.6794114dd270eb42c37c.js (2)
[14062:253552:1008/194015.437951:INFO:CONSOLE:2] "버튼 75: [object Object]", source: https://feblog.pstatic.net/real/pc/2025.10.01/js/vendor.6794114dd270eb42c37c.js (2)
[14062:253552:1008/194015.438043:INFO:CONSOLE:2] "버튼 95: [object Object]", source: https://feblog.pstatic.net/real/pc/2025.10.01/js/vendor.6794114dd270eb42c37c.js (2)
[14062:253552:1008/194015.438123:INFO:CONSOLE:2] "버튼 96: [object Object]", source: https://feblog.pstatic.net/real/pc/2025.10.01/js/vendor.6794114dd270eb42c37c.js (2)
[14062:253552:1008/194015.438192:INFO:CONSOLE:2] "버튼 97: [object Object]", source: https://feblog.pstatic.net/real/pc/2025.10.01/js/vendor.6794114dd270eb42c37c.js (2)
[14062:253552:1008/194015.438267:INFO:CONSOLE:2] "버튼 98: [object Object]", source: https://feblog.pstatic.net/real/pc/2025.10.01/js/vendor.6794114dd270eb42c37c.js (2)
[14062:253552:1008/194015.438362:INFO:CONSOLE:2] "버튼 99: [object Object]", source: https://feblog.pstatic.net/real/pc/2025.10.01/js/vendor.6794114dd270eb42c37c.js (2)
[14062:253552:1008/194015.438404:INFO:CONSOLE:2] "버튼 100: [object Object]", source: https://feblog.pstatic.net/real/pc/2025.10.01/js/vendor.6794114dd270eb42c37c.js (2)
[14062:253552:1008/194015.438559:INFO:CONSOLE:2] "버튼 101: [object Object]", source: https://feblog.pstatic.net/real/pc/2025.10.01/js/vendor.6794114dd270eb42c37c.js (2)
[14062:253552:1008/194015.438592:INFO:CONSOLE:2] "버튼 102: [object Object]", source: https://feblog.pstatic.net/real/pc/2025.10.01/js/vendor.6794114dd270eb42c37c.js (2)
[14062:253552:1008/194015.438694:INFO:CONSOLE:2] "버튼 103: [object Object]", source: https://feblog.pstatic.net/real/pc/2025.10.01/js/vendor.6794114dd270eb42c37c.js (2)
[14062:253552:1008/194015.438757:INFO:CONSOLE:2] "버튼 104: [object Object]", source: https://feblog.pstatic.net/real/pc/2025.10.01/js/vendor.6794114dd270eb42c37c.js (2)
[14062:253552:1008/194015.438802:INFO:CONSOLE:2] "버튼 105: [object Object]", source: https://feblog.pstatic.net/real/pc/2025.10.01/js/vendor.6794114dd270eb42c37c.js (2)
[14062:253552:1008/194015.438971:INFO:CONSOLE:2] "버튼 106: [object Object]", source: https://feblog.pstatic.net/real/pc/2025.10.01/js/vendor.6794114dd270eb42c37c.js (2)
[14062:253552:1008/194015.438996:INFO:CONSOLE:2] "버튼 107: [object Object]", source: https://feblog.pstatic.net/real/pc/2025.10.01/js/vendor.6794114dd270eb42c37c.js (2)
[14062:253552:1008/194015.439013:INFO:CONSOLE:2] "버튼 108: [object Object]", source: https://feblog.pstatic.net/real/pc/2025.10.01/js/vendor.6794114dd270eb42c37c.js (2)
[14062:253552:1008/194015.439175:INFO:CONSOLE:2] "버튼 109: [object Object]", source: https://feblog.pstatic.net/real/pc/2025.10.01/js/vendor.6794114dd270eb42c37c.js (2)
[14062:253552:1008/194015.439245:INFO:CONSOLE:2] "버튼 110: [object Object]", source: https://feblog.pstatic.net/real/pc/2025.10.01/js/vendor.6794114dd270eb42c37c.js (2)
[14062:253552:1008/194015.439268:INFO:CONSOLE:2] "버튼 111: [object Object]", source: https://feblog.pstatic.net/real/pc/2025.10.01/js/vendor.6794114dd270eb42c37c.js (2)
[14062:253552:1008/194015.439319:INFO:CONSOLE:2] "버튼 112: [object Object]", source: https://feblog.pstatic.net/real/pc/2025.10.01/js/vendor.6794114dd270eb42c37c.js (2)
[14062:253552:1008/194015.439376:INFO:CONSOLE:2] "버튼 113: [object Object]", source: https://feblog.pstatic.net/real/pc/2025.10.01/js/vendor.6794114dd270eb42c37c.js (2)
[14062:253552:1008/194015.439446:INFO:CONSOLE:2] "버튼 114: [object Object]", source: https://feblog.pstatic.net/real/pc/2025.10.01/js/vendor.6794114dd270eb42c37c.js (2)
[14062:253552:1008/194015.439495:INFO:CONSOLE:2] "버튼 115: [object Object]", source: https://feblog.pstatic.net/real/pc/2025.10.01/js/vendor.6794114dd270eb42c37c.js (2)
[14062:253552:1008/194015.439579:INFO:CONSOLE:2] "버튼 116: [object Object]", source: https://feblog.pstatic.net/real/pc/2025.10.01/js/vendor.6794114dd270eb42c37c.js (2)
[14062:253552:1008/194015.439651:INFO:CONSOLE:2] "버튼 117: [object Object]", source: https://feblog.pstatic.net/real/pc/2025.10.01/js/vendor.6794114dd270eb42c37c.js (2)
[14062:253552:1008/194015.439698:INFO:CONSOLE:2] "버튼 118: [object Object]", source: https://feblog.pstatic.net/real/pc/2025.10.01/js/vendor.6794114dd270eb42c37c.js (2)
[14062:253552:1008/194015.439763:INFO:CONSOLE:2] "버튼 119: [object Object]", source: https://feblog.pstatic.net/real/pc/2025.10.01/js/vendor.6794114dd270eb42c37c.js (2)
[14062:253552:1008/194015.439842:INFO:CONSOLE:2] "버튼 120: [object Object]", source: https://feblog.pstatic.net/real/pc/2025.10.01/js/vendor.6794114dd270eb42c37c.js (2)
[14062:253552:1008/194015.439908:INFO:CONSOLE:2] "1단계: 정확한 선택자로 시도...", source: https://feblog.pstatic.net/real/pc/2025.10.01/js/vendor.6794114dd270eb42c37c.js (2)
[14062:253552:1008/194015.439974:INFO:CONSOLE:2] "✅ 정확한 선택자로 확인 버튼 클릭: button.se-popup-button-confirm", source: https://feblog.pstatic.net/real/pc/2025.10.01/js/vendor.6794114dd270eb42c37c.js (2)
[14062:253552:1008/194017.729682:INFO:CONSOLE:2] "키보드 입력 차단 해제 완료", source: https://feblog.pstatic.net/real/pc/2025.10.01/js/vendor.6794114dd270eb42c37c.js (2)
[14062:253552:1008/194019.143604:INFO:CONSOLE:2] "Google Maps JavaScript API has been loaded directly without loading=async. This can result in suboptimal performance. For best-practice loading patterns please see https://goo.gle/js-api-loading", source: https://feblog.pstatic.net/real/pc/2025.10.01/js/vendor.6794114dd270eb42c37c.js (2)
[14062:253552:1008/194025.667801:INFO:CONSOLE:2] "추가 버튼 발견, 5번 클릭 시도 시작...", source: https://feblog.pstatic.net/real/pc/2025.10.01/js/vendor.6794114dd270eb42c37c.js (2)
[14062:253552:1008/194025.668275:INFO:CONSOLE:2] "1번째 클릭 시도...", source: https://feblog.pstatic.net/real/pc/2025.10.01/js/vendor.6794114dd270eb42c37c.js (2)
[14062:253552:1008/194026.671333:INFO:CONSOLE:2] "2번째 클릭 시도...", source: https://feblog.pstatic.net/real/pc/2025.10.01/js/vendor.6794114dd270eb42c37c.js (2)
[14062:253552:1008/194027.670790:INFO:CONSOLE:2] "3번째 클릭 시도...", source: https://feblog.pstatic.net/real/pc/2025.10.01/js/vendor.6794114dd270eb42c37c.js (2)
[14062:253552:1008/194028.670739:INFO:CONSOLE:2] "4번째 클릭 시도...", source: https://feblog.pstatic.net/real/pc/2025.10.01/js/vendor.6794114dd270eb42c37c.js (2)
[14062:253552:1008/194029.670801:INFO:CONSOLE:2] "5번째 클릭 시도...", source: https://feblog.pstatic.net/real/pc/2025.10.01/js/vendor.6794114dd270eb42c37c.js (2)
[14062:253552:1008/194030.693871:INFO:CONSOLE:2] "정확한 선택자로 확인 버튼 발견", source: https://feblog.pstatic.net/real/pc/2025.10.01/js/vendor.6794114dd270eb42c37c.js (2)
[14062:253552:1008/194121.241346:INFO:CONSOLE:2] "=== 최종 발행 버튼 찾기 시작 ===", source: https://feblog.pstatic.net/real/pc/2025.10.01/js/vendor.6794114dd270eb42c37c.js (2)
[14062:253552:1008/194121.241474:INFO:CONSOLE:2] "🎯 data-testid로 발행 버튼 찾기...", source: https://feblog.pstatic.net/real/pc/2025.10.01/js/vendor.6794114dd270eb42c37c.js (2)
[14062:253552:1008/194121.241667:INFO:CONSOLE:2] "🎯 confirm_btn 클래스로 발행 버튼 찾기...", source: https://feblog.pstatic.net/real/pc/2025.10.01/js/vendor.6794114dd270eb42c37c.js (2)
[14062:253552:1008/194121.241908:INFO:CONSOLE:2] "✅ confirm_btn으로 발행 버튼 발견: [object Object]", source: https://feblog.pstatic.net/real/pc/2025.10.01/js/vendor.6794114dd270eb42c37c.js (2)
[14062:253552:1008/194121.265038:INFO:CONSOLE:2] "✅ confirm_btn 발행 버튼 클릭 완료", source: https://feblog.pstatic.net/real/pc/2025.10.01/js/vendor.6794114dd270eb42c37c.js (2)
[14062:253552:1008/194122.601601:INFO:CONSOLE:275] "Google Maps JavaScript API has been loaded directly without loading=async. This can result in suboptimal performance. For best-practice loading patterns please see https://goo.gle/js-api-loading", source: https://maps.google.co.kr/maps/api/js?v=3&client=gme-nhncorp&language=ko&channel=naver_blog (275)
[14062:253552:1008/200143.072749:INFO:CONSOLE:2] "클립보드 읽기 권한 상태: granted", source: https://feblog.pstatic.net/real/pc/2025.10.01/js/vendor.6794114dd270eb42c37c.js (2)
[14062:253552:1008/200146.659241:INFO:CONSOLE:2] "클립보드 읽기 권한 상태: granted", source: https://feblog.pstatic.net/real/pc/2025.10.01/js/vendor.6794114dd270eb42c37c.js (2)
[14062:253552:1008/200150.473702:INFO:CONSOLE:2] "클립보드 읽기 권한 상태: granted", source: https://feblog.pstatic.net/real/pc/2025.10.01/js/vendor.6794114dd270eb42c37c.js (2)
[14062:253552:1008/200154.159063:INFO:CONSOLE:2] "클립보드 읽기 권한 상태: granted", source: https://feblog.pstatic.net/real/pc/2025.10.01/js/vendor.6794114dd270eb42c37c.js (2)
[14062:253552:1008/200156.924263:INFO:CONSOLE:2] "클립보드 읽기 권한 상태: granted", source: https://feblog.pstatic.net/real/pc/2025.10.01/js/vendor.6794114dd270eb42c37c.js (2)
[14062:253552:1008/200158.910884:INFO:CONSOLE:2] "클립보드 읽기 권한 상태: granted", source: https://feblog.pstatic.net/real/pc/2025.10.01/js/vendor.6794114dd270eb42c37c.js (2)
[14062:253552:1008/200200.934076:INFO:CONSOLE:2] "클립보드 읽기 권한 상태: granted", source: https://feblog.pstatic.net/real/pc/2025.10.01/js/vendor.6794114dd270eb42c37c.js (2)
[14062:253552:1008/200201.467224:INFO:CONSOLE:1] "File chooser dialog can only be shown with a user activation.", source: https://editor-static.pstatic.net/e/basic.desktop/1.69.0/se-editor.js?t=1755855480440 (1)
[14062:253552:1008/200202.933679:INFO:CONSOLE:2] "클립보드 읽기 권한 상태: granted", source: https://feblog.pstatic.net/real/pc/2025.10.01/js/vendor.6794114dd270eb42c37c.js (2)
[14062:253552:1008/200203.463235:INFO:CONSOLE:1] "File chooser dialog can only be shown with a user activation.", source: https://editor-static.pstatic.net/e/basic.desktop/1.69.0/se-editor.js?t=1755855480440 (1)
[14062:253552:1008/200204.935567:INFO:CONSOLE:2] "클립보드 읽기 권한 상태: granted", source: https://feblog.pstatic.net/real/pc/2025.10.01/js/vendor.6794114dd270eb42c37c.js (2)
[14062:253552:1008/200205.462727:INFO:CONSOLE:1] "File chooser dialog can only be shown with a user activation.", source: https://editor-static.pstatic.net/e/basic.desktop/1.69.0/se-editor.js?t=1755855480440 (1)
[14062:253552:1008/200206.907475:INFO:CONSOLE:2] "클립보드 읽기 권한 상태: granted", source: https://feblog.pstatic.net/real/pc/2025.10.01/js/vendor.6794114dd270eb42c37c.js (2)
[14062:253552:1008/200207.437353:INFO:CONSOLE:1] "File chooser dialog can only be shown with a user activation.", source: https://editor-static.pstatic.net/e/basic.desktop/1.69.0/se-editor.js?t=1755855480440 (1)
[14062:253552:1008/200208.921528:INFO:CONSOLE:2] "클립보드 읽기 권한 상태: granted", source: https://feblog.pstatic.net/real/pc/2025.10.01/js/vendor.6794114dd270eb42c37c.js (2)
[14062:253552:1008/200209.450630:INFO:CONSOLE:1] "File chooser dialog can only be shown with a user activation.", source: https://editor-static.pstatic.net/e/basic.desktop/1.69.0/se-editor.js?t=1755855480440 (1)
[14062:253552:1008/200210.911041:INFO:CONSOLE:2] "클립보드 읽기 권한 상태: granted", source: https://feblog.pstatic.net/real/pc/2025.10.01/js/vendor.6794114dd270eb42c37c.js (2)
[14062:253552:1008/200211.433210:INFO:CONSOLE:1] "File chooser dialog can only be shown with a user activation.", source: https://editor-static.pstatic.net/e/basic.desktop/1.69.0/se-editor.js?t=1755855480440 (1)
[14062:253552:1008/200222.299440:INFO:CONSOLE:2] "키보드 입력 차단 및 포커스 정리 완료", source: https://feblog.pstatic.net/real/pc/2025.10.01/js/vendor.6794114dd270eb42c37c.js (2)
[14062:253552:1008/200227.411261:INFO:CONSOLE:2] "=== 최강화된 확인 버튼 찾기 시작 ===", source: https://feblog.pstatic.net/real/pc/2025.10.01/js/vendor.6794114dd270eb42c37c.js (2)
[14062:253552:1008/200227.411333:INFO:CONSOLE:2] "현재 페이지의 모든 버튼 상황:", source: https://feblog.pstatic.net/real/pc/2025.10.01/js/vendor.6794114dd270eb42c37c.js (2)
[14062:253552:1008/200227.411683:INFO:CONSOLE:2] "버튼 1: [object Object]", source: https://feblog.pstatic.net/real/pc/2025.10.01/js/vendor.6794114dd270eb42c37c.js (2)
[14062:253552:1008/200227.411860:INFO:CONSOLE:2] "버튼 2: [object Object]", source: https://feblog.pstatic.net/real/pc/2025.10.01/js/vendor.6794114dd270eb42c37c.js (2)
[14062:253552:1008/200227.411979:INFO:CONSOLE:2] "버튼 3: [object Object]", source: https://feblog.pstatic.net/real/pc/2025.10.01/js/vendor.6794114dd270eb42c37c.js (2)
[14062:253552:1008/200227.412053:INFO:CONSOLE:2] "버튼 4: [object Object]", source: https://feblog.pstatic.net/real/pc/2025.10.01/js/vendor.6794114dd270eb42c37c.js (2)
[14062:253552:1008/200227.412187:INFO:CONSOLE:2] "버튼 5: [object Object]", source: https://feblog.pstatic.net/real/pc/2025.10.01/js/vendor.6794114dd270eb42c37c.js (2)
[14062:253552:1008/200227.412296:INFO:CONSOLE:2] "버튼 6: [object Object]", source: https://feblog.pstatic.net/real/pc/2025.10.01/js/vendor.6794114dd270eb42c37c.js (2)
[14062:253552:1008/200227.412389:INFO:CONSOLE:2] "버튼 7: [object Object]", source: https://feblog.pstatic.net/real/pc/2025.10.01/js/vendor.6794114dd270eb42c37c.js (2)
[14062:253552:1008/200227.412489:INFO:CONSOLE:2] "버튼 8: [object Object]", source: https://feblog.pstatic.net/real/pc/2025.10.01/js/vendor.6794114dd270eb42c37c.js (2)
[14062:253552:1008/200227.412619:INFO:CONSOLE:2] "버튼 9: [object Object]", source: https://feblog.pstatic.net/real/pc/2025.10.01/js/vendor.6794114dd270eb42c37c.js (2)
[14062:253552:1008/200227.412721:INFO:CONSOLE:2] "버튼 10: [object Object]", source: https://feblog.pstatic.net/real/pc/2025.10.01/js/vendor.6794114dd270eb42c37c.js (2)
[14062:253552:1008/200227.412802:INFO:CONSOLE:2] "버튼 11: [object Object]", source: https://feblog.pstatic.net/real/pc/2025.10.01/js/vendor.6794114dd270eb42c37c.js (2)
[14062:253552:1008/200227.412892:INFO:CONSOLE:2] "버튼 12: [object Object]", source: https://feblog.pstatic.net/real/pc/2025.10.01/js/vendor.6794114dd270eb42c37c.js (2)
[14062:253552:1008/200227.412961:INFO:CONSOLE:2] "버튼 13: [object Object]", source: https://feblog.pstatic.net/real/pc/2025.10.01/js/vendor.6794114dd270eb42c37c.js (2)
[14062:253552:1008/200227.413049:INFO:CONSOLE:2] "버튼 14: [object Object]", source: https://feblog.pstatic.net/real/pc/2025.10.01/js/vendor.6794114dd270eb42c37c.js (2)
[14062:253552:1008/200227.413107:INFO:CONSOLE:2] "버튼 15: [object Object]", source: https://feblog.pstatic.net/real/pc/2025.10.01/js/vendor.6794114dd270eb42c37c.js (2)
[14062:253552:1008/200227.413190:INFO:CONSOLE:2] "버튼 16: [object Object]", source: https://feblog.pstatic.net/real/pc/2025.10.01/js/vendor.6794114dd270eb42c37c.js (2)
[14062:253552:1008/200227.413271:INFO:CONSOLE:2] "버튼 17: [object Object]", source: https://feblog.pstatic.net/real/pc/2025.10.01/js/vendor.6794114dd270eb42c37c.js (2)
[14062:253552:1008/200227.413340:INFO:CONSOLE:2] "버튼 18: [object Object]", source: https://feblog.pstatic.net/real/pc/2025.10.01/js/vendor.6794114dd270eb42c37c.js (2)
[14062:253552:1008/200227.413423:INFO:CONSOLE:2] "버튼 19: [object Object]", source: https://feblog.pstatic.net/real/pc/2025.10.01/js/vendor.6794114dd270eb42c37c.js (2)
[14062:253552:1008/200227.413476:INFO:CONSOLE:2] "버튼 20: [object Object]", source: https://feblog.pstatic.net/real/pc/2025.10.01/js/vendor.6794114dd270eb42c37c.js (2)
[14062:253552:1008/200227.413556:INFO:CONSOLE:2] "버튼 21: [object Object]", source: https://feblog.pstatic.net/real/pc/2025.10.01/js/vendor.6794114dd270eb42c37c.js (2)
[14062:253552:1008/200227.413646:INFO:CONSOLE:2] "버튼 22: [object Object]", source: https://feblog.pstatic.net/real/pc/2025.10.01/js/vendor.6794114dd270eb42c37c.js (2)
[14062:253552:1008/200227.413711:INFO:CONSOLE:2] "버튼 23: [object Object]", source: https://feblog.pstatic.net/real/pc/2025.10.01/js/vendor.6794114dd270eb42c37c.js (2)
[14062:253552:1008/200227.413793:INFO:CONSOLE:2] "버튼 24: [object Object]", source: https://feblog.pstatic.net/real/pc/2025.10.01/js/vendor.6794114dd270eb42c37c.js (2)
[14062:253552:1008/200227.413887:INFO:CONSOLE:2] "버튼 25: [object Object]", source: https://feblog.pstatic.net/real/pc/2025.10.01/js/vendor.6794114dd270eb42c37c.js (2)
[14062:253552:1008/200227.413974:INFO:CONSOLE:2] "버튼 26: [object Object]", source: https://feblog.pstatic.net/real/pc/2025.10.01/js/vendor.6794114dd270eb42c37c.js (2)
[14062:253552:1008/200227.414028:INFO:CONSOLE:2] "버튼 27: [object Object]", source: https://feblog.pstatic.net/real/pc/2025.10.01/js/vendor.6794114dd270eb42c37c.js (2)
[14062:253552:1008/200227.414113:INFO:CONSOLE:2] "버튼 28: [object Object]", source: https://feblog.pstatic.net/real/pc/2025.10.01/js/vendor.6794114dd270eb42c37c.js (2)
[14062:253552:1008/200227.414173:INFO:CONSOLE:2] "버튼 29: [object Object]", source: https://feblog.pstatic.net/real/pc/2025.10.01/js/vendor.6794114dd270eb42c37c.js (2)
[14062:253552:1008/200227.414278:INFO:CONSOLE:2] "버튼 30: [object Object]", source: https://feblog.pstatic.net/real/pc/2025.10.01/js/vendor.6794114dd270eb42c37c.js (2)
[14062:253552:1008/200227.414332:INFO:CONSOLE:2] "버튼 31: [object Object]", source: https://feblog.pstatic.net/real/pc/2025.10.01/js/vendor.6794114dd270eb42c37c.js (2)
[14062:253552:1008/200227.414425:INFO:CONSOLE:2] "버튼 32: [object Object]", source: https://feblog.pstatic.net/real/pc/2025.10.01/js/vendor.6794114dd270eb42c37c.js (2)
[14062:253552:1008/200227.414499:INFO:CONSOLE:2] "버튼 33: [object Object]", source: https://feblog.pstatic.net/real/pc/2025.10.01/js/vendor.6794114dd270eb42c37c.js (2)
[14062:253552:1008/200227.414577:INFO:CONSOLE:2] "버튼 34: [object Object]", source: https://feblog.pstatic.net/real/pc/2025.10.01/js/vendor.6794114dd270eb42c37c.js (2)
[14062:253552:1008/200227.414648:INFO:CONSOLE:2] "버튼 35: [object Object]", source: https://feblog.pstatic.net/real/pc/2025.10.01/js/vendor.6794114dd270eb42c37c.js (2)
[14062:253552:1008/200227.414726:INFO:CONSOLE:2] "버튼 36: [object Object]", source: https://feblog.pstatic.net/real/pc/2025.10.01/js/vendor.6794114dd270eb42c37c.js (2)
[14062:253552:1008/200227.414788:INFO:CONSOLE:2] "버튼 37: [object Object]", source: https://feblog.pstatic.net/real/pc/2025.10.01/js/vendor.6794114dd270eb42c37c.js (2)
[14062:253552:1008/200227.414887:INFO:CONSOLE:2] "버튼 38: [object Object]", source: https://feblog.pstatic.net/real/pc/2025.10.01/js/vendor.6794114dd270eb42c37c.js (2)
[14062:253552:1008/200227.414952:INFO:CONSOLE:2] "버튼 39: [object Object]", source: https://feblog.pstatic.net/real/pc/2025.10.01/js/vendor.6794114dd270eb42c37c.js (2)
[14062:253552:1008/200227.415033:INFO:CONSOLE:2] "버튼 40: [object Object]", source: https://feblog.pstatic.net/real/pc/2025.10.01/js/vendor.6794114dd270eb42c37c.js (2)
[14062:253552:1008/200227.415128:INFO:CONSOLE:2] "버튼 41: [object Object]", source: https://feblog.pstatic.net/real/pc/2025.10.01/js/vendor.6794114dd270eb42c37c.js (2)
[14062:253552:1008/200227.415199:INFO:CONSOLE:2] "버튼 42: [object Object]", source: https://feblog.pstatic.net/real/pc/2025.10.01/js/vendor.6794114dd270eb42c37c.js (2)
[14062:253552:1008/200227.415260:INFO:CONSOLE:2] "버튼 43: [object Object]", source: https://feblog.pstatic.net/real/pc/2025.10.01/js/vendor.6794114dd270eb42c37c.js (2)
[14062:253552:1008/200227.415369:INFO:CONSOLE:2] "버튼 45: [object Object]", source: https://feblog.pstatic.net/real/pc/2025.10.01/js/vendor.6794114dd270eb42c37c.js (2)
[14062:253552:1008/200227.415443:INFO:CONSOLE:2] "버튼 47: [object Object]", source: https://feblog.pstatic.net/real/pc/2025.10.01/js/vendor.6794114dd270eb42c37c.js (2)
[14062:253552:1008/200227.415503:INFO:CONSOLE:2] "버튼 51: [object Object]", source: https://feblog.pstatic.net/real/pc/2025.10.01/js/vendor.6794114dd270eb42c37c.js (2)
[14062:253552:1008/200227.415662:INFO:CONSOLE:2] "버튼 55: [object Object]", source: https://feblog.pstatic.net/real/pc/2025.10.01/js/vendor.6794114dd270eb42c37c.js (2)
[14062:253552:1008/200227.415757:INFO:CONSOLE:2] "버튼 58: [object Object]", source: https://feblog.pstatic.net/real/pc/2025.10.01/js/vendor.6794114dd270eb42c37c.js (2)
[14062:253552:1008/200227.415783:INFO:CONSOLE:2] "버튼 61: [object Object]", source: https://feblog.pstatic.net/real/pc/2025.10.01/js/vendor.6794114dd270eb42c37c.js (2)
[14062:253552:1008/200227.415806:INFO:CONSOLE:2] "버튼 62: [object Object]", source: https://feblog.pstatic.net/real/pc/2025.10.01/js/vendor.6794114dd270eb42c37c.js (2)
[14062:253552:1008/200227.415886:INFO:CONSOLE:2] "버튼 64: [object Object]", source: https://feblog.pstatic.net/real/pc/2025.10.01/js/vendor.6794114dd270eb42c37c.js (2)
[14062:253552:1008/200227.415928:INFO:CONSOLE:2] "버튼 65: [object Object]", source: https://feblog.pstatic.net/real/pc/2025.10.01/js/vendor.6794114dd270eb42c37c.js (2)
[14062:253552:1008/200227.416012:INFO:CONSOLE:2] "버튼 67: [object Object]", source: https://feblog.pstatic.net/real/pc/2025.10.01/js/vendor.6794114dd270eb42c37c.js (2)
[14062:253552:1008/200227.416109:INFO:CONSOLE:2] "버튼 68: [object Object]", source: https://feblog.pstatic.net/real/pc/2025.10.01/js/vendor.6794114dd270eb42c37c.js (2)
[14062:253552:1008/200227.416168:INFO:CONSOLE:2] "버튼 71: [object Object]", source: https://feblog.pstatic.net/real/pc/2025.10.01/js/vendor.6794114dd270eb42c37c.js (2)
[14062:253552:1008/200227.416217:INFO:CONSOLE:2] "버튼 72: [object Object]", source: https://feblog.pstatic.net/real/pc/2025.10.01/js/vendor.6794114dd270eb42c37c.js (2)
[14062:253552:1008/200227.416290:INFO:CONSOLE:2] "버튼 75: [object Object]", source: https://feblog.pstatic.net/real/pc/2025.10.01/js/vendor.6794114dd270eb42c37c.js (2)
[14062:253552:1008/200227.416383:INFO:CONSOLE:2] "버튼 76: [object Object]", source: https://feblog.pstatic.net/real/pc/2025.10.01/js/vendor.6794114dd270eb42c37c.js (2)
[14062:253552:1008/200227.416428:INFO:CONSOLE:2] "버튼 79: [object Object]", source: https://feblog.pstatic.net/real/pc/2025.10.01/js/vendor.6794114dd270eb42c37c.js (2)
[14062:253552:1008/200227.416532:INFO:CONSOLE:2] "버튼 80: [object Object]", source: https://feblog.pstatic.net/real/pc/2025.10.01/js/vendor.6794114dd270eb42c37c.js (2)
[14062:253552:1008/200227.416629:INFO:CONSOLE:2] "버튼 83: [object Object]", source: https://feblog.pstatic.net/real/pc/2025.10.01/js/vendor.6794114dd270eb42c37c.js (2)
[14062:253552:1008/200227.416672:INFO:CONSOLE:2] "버튼 84: [object Object]", source: https://feblog.pstatic.net/real/pc/2025.10.01/js/vendor.6794114dd270eb42c37c.js (2)
[14062:253552:1008/200227.416739:INFO:CONSOLE:2] "버튼 87: [object Object]", source: https://feblog.pstatic.net/real/pc/2025.10.01/js/vendor.6794114dd270eb42c37c.js (2)
[14062:253552:1008/200227.416823:INFO:CONSOLE:2] "버튼 107: [object Object]", source: https://feblog.pstatic.net/real/pc/2025.10.01/js/vendor.6794114dd270eb42c37c.js (2)
[14062:253552:1008/200227.416906:INFO:CONSOLE:2] "버튼 108: [object Object]", source: https://feblog.pstatic.net/real/pc/2025.10.01/js/vendor.6794114dd270eb42c37c.js (2)
[14062:253552:1008/200227.416956:INFO:CONSOLE:2] "버튼 109: [object Object]", source: https://feblog.pstatic.net/real/pc/2025.10.01/js/vendor.6794114dd270eb42c37c.js (2)
[14062:253552:1008/200227.417042:INFO:CONSOLE:2] "버튼 110: [object Object]", source: https://feblog.pstatic.net/real/pc/2025.10.01/js/vendor.6794114dd270eb42c37c.js (2)
[14062:253552:1008/200227.417120:INFO:CONSOLE:2] "버튼 111: [object Object]", source: https://feblog.pstatic.net/real/pc/2025.10.01/js/vendor.6794114dd270eb42c37c.js (2)
[14062:253552:1008/200227.417158:INFO:CONSOLE:2] "버튼 112: [object Object]", source: https://feblog.pstatic.net/real/pc/2025.10.01/js/vendor.6794114dd270eb42c37c.js (2)
[14062:253552:1008/200227.417269:INFO:CONSOLE:2] "버튼 113: [object Object]", source: https://feblog.pstatic.net/real/pc/2025.10.01/js/vendor.6794114dd270eb42c37c.js (2)
[14062:253552:1008/200227.417306:INFO:CONSOLE:2] "버튼 114: [object Object]", source: https://feblog.pstatic.net/real/pc/2025.10.01/js/vendor.6794114dd270eb42c37c.js (2)
[14062:253552:1008/200227.417403:INFO:CONSOLE:2] "버튼 115: [object Object]", source: https://feblog.pstatic.net/real/pc/2025.10.01/js/vendor.6794114dd270eb42c37c.js (2)
[14062:253552:1008/200227.417482:INFO:CONSOLE:2] "버튼 116: [object Object]", source: https://feblog.pstatic.net/real/pc/2025.10.01/js/vendor.6794114dd270eb42c37c.js (2)
[14062:253552:1008/200227.417517:INFO:CONSOLE:2] "버튼 117: [object Object]", source: https://feblog.pstatic.net/real/pc/2025.10.01/js/vendor.6794114dd270eb42c37c.js (2)
[14062:253552:1008/200227.417600:INFO:CONSOLE:2] "버튼 118: [object Object]", source: https://feblog.pstatic.net/real/pc/2025.10.01/js/vendor.6794114dd270eb42c37c.js (2)
[14062:253552:1008/200227.417675:INFO:CONSOLE:2] "버튼 119: [object Object]", source: https://feblog.pstatic.net/real/pc/2025.10.01/js/vendor.6794114dd270eb42c37c.js (2)
[14062:253552:1008/200227.417774:INFO:CONSOLE:2] "버튼 120: [object Object]", source: https://feblog.pstatic.net/real/pc/2025.10.01/js/vendor.6794114dd270eb42c37c.js (2)
[14062:253552:1008/200227.417823:INFO:CONSOLE:2] "버튼 121: [object Object]", source: https://feblog.pstatic.net/real/pc/2025.10.01/js/vendor.6794114dd270eb42c37c.js (2)
[14062:253552:1008/200227.417879:INFO:CONSOLE:2] "버튼 122: [object Object]", source: https://feblog.pstatic.net/real/pc/2025.10.01/js/vendor.6794114dd270eb42c37c.js (2)
[14062:253552:1008/200227.417956:INFO:CONSOLE:2] "버튼 123: [object Object]", source: https://feblog.pstatic.net/real/pc/2025.10.01/js/vendor.6794114dd270eb42c37c.js (2)
[14062:253552:1008/200227.418017:INFO:CONSOLE:2] "버튼 124: [object Object]", source: https://feblog.pstatic.net/real/pc/2025.10.01/js/vendor.6794114dd270eb42c37c.js (2)
[14062:253552:1008/200227.418101:INFO:CONSOLE:2] "버튼 125: [object Object]", source: https://feblog.pstatic.net/real/pc/2025.10.01/js/vendor.6794114dd270eb42c37c.js (2)
[14062:253552:1008/200227.418166:INFO:CONSOLE:2] "버튼 126: [object Object]", source: https://feblog.pstatic.net/real/pc/2025.10.01/js/vendor.6794114dd270eb42c37c.js (2)
[14062:253552:1008/200227.418235:INFO:CONSOLE:2] "버튼 127: [object Object]", source: https://feblog.pstatic.net/real/pc/2025.10.01/js/vendor.6794114dd270eb42c37c.js (2)
[14062:253552:1008/200227.418324:INFO:CONSOLE:2] "버튼 128: [object Object]", source: https://feblog.pstatic.net/real/pc/2025.10.01/js/vendor.6794114dd270eb42c37c.js (2)
[14062:253552:1008/200227.418390:INFO:CONSOLE:2] "버튼 129: [object Object]", source: https://feblog.pstatic.net/real/pc/2025.10.01/js/vendor.6794114dd270eb42c37c.js (2)
[14062:253552:1008/200227.418443:INFO:CONSOLE:2] "버튼 130: [object Object]", source: https://feblog.pstatic.net/real/pc/2025.10.01/js/vendor.6794114dd270eb42c37c.js (2)
[14062:253552:1008/200227.418520:INFO:CONSOLE:2] "버튼 131: [object Object]", source: https://feblog.pstatic.net/real/pc/2025.10.01/js/vendor.6794114dd270eb42c37c.js (2)
[14062:253552:1008/200227.418580:INFO:CONSOLE:2] "버튼 132: [object Object]", source: https://feblog.pstatic.net/real/pc/2025.10.01/js/vendor.6794114dd270eb42c37c.js (2)
[14062:253552:1008/200227.418675:INFO:CONSOLE:2] "버튼 133: [object Object]", source: https://feblog.pstatic.net/real/pc/2025.10.01/js/vendor.6794114dd270eb42c37c.js (2)
[14062:253552:1008/200227.418733:INFO:CONSOLE:2] "버튼 134: [object Object]", source: https://feblog.pstatic.net/real/pc/2025.10.01/js/vendor.6794114dd270eb42c37c.js (2)
[14062:253552:1008/200227.418800:INFO:CONSOLE:2] "버튼 135: [object Object]", source: https://feblog.pstatic.net/real/pc/2025.10.01/js/vendor.6794114dd270eb42c37c.js (2)
[14062:253552:1008/200227.418872:INFO:CONSOLE:2] "버튼 136: [object Object]", source: https://feblog.pstatic.net/real/pc/2025.10.01/js/vendor.6794114dd270eb42c37c.js (2)
[14062:253552:1008/200227.418958:INFO:CONSOLE:2] "1단계: 정확한 선택자로 시도...", source: https://feblog.pstatic.net/real/pc/2025.10.01/js/vendor.6794114dd270eb42c37c.js (2)
[14062:253552:1008/200227.419072:INFO:CONSOLE:2] "✅ 정확한 선택자로 확인 버튼 클릭: button.se-popup-button-confirm", source: https://feblog.pstatic.net/real/pc/2025.10.01/js/vendor.6794114dd270eb42c37c.js (2)
[14062:253552:1008/200229.674420:INFO:CONSOLE:2] "키보드 입력 차단 해제 완료", source: https://feblog.pstatic.net/real/pc/2025.10.01/js/vendor.6794114dd270eb42c37c.js (2)
[14062:253552:1008/200230.815521:INFO:CONSOLE:2] "Google Maps JavaScript API has been loaded directly without loading=async. This can result in suboptimal performance. For best-practice loading patterns please see https://goo.gle/js-api-loading", source: https://feblog.pstatic.net/real/pc/2025.10.01/js/vendor.6794114dd270eb42c37c.js (2)
[14062:253552:1008/200237.643638:INFO:CONSOLE:2] "추가 버튼 발견, 5번 클릭 시도 시작...", source: https://feblog.pstatic.net/real/pc/2025.10.01/js/vendor.6794114dd270eb42c37c.js (2)
[14062:253552:1008/200237.644090:INFO:CONSOLE:2] "1번째 클릭 시도...", source: https://feblog.pstatic.net/real/pc/2025.10.01/js/vendor.6794114dd270eb42c37c.js (2)
[14062:253552:1008/200238.645807:INFO:CONSOLE:2] "2번째 클릭 시도...", source: https://feblog.pstatic.net/real/pc/2025.10.01/js/vendor.6794114dd270eb42c37c.js (2)
[14062:253552:1008/200239.647438:INFO:CONSOLE:2] "3번째 클릭 시도...", source: https://feblog.pstatic.net/real/pc/2025.10.01/js/vendor.6794114dd270eb42c37c.js (2)
[14062:253552:1008/200240.646871:INFO:CONSOLE:2] "4번째 클릭 시도...", source: https://feblog.pstatic.net/real/pc/2025.10.01/js/vendor.6794114dd270eb42c37c.js (2)
[14062:253552:1008/200241.646120:INFO:CONSOLE:2] "5번째 클릭 시도...", source: https://feblog.pstatic.net/real/pc/2025.10.01/js/vendor.6794114dd270eb42c37c.js (2)
[14062:253552:1008/200242.674945:INFO:CONSOLE:2] "정확한 선택자로 확인 버튼 발견", source: https://feblog.pstatic.net/real/pc/2025.10.01/js/vendor.6794114dd270eb42c37c.js (2)
[14062:253552:1008/200333.106346:INFO:CONSOLE:2] "=== 최종 발행 버튼 찾기 시작 ===", source: https://feblog.pstatic.net/real/pc/2025.10.01/js/vendor.6794114dd270eb42c37c.js (2)
[14062:253552:1008/200333.106507:INFO:CONSOLE:2] "🎯 data-testid로 발행 버튼 찾기...", source: https://feblog.pstatic.net/real/pc/2025.10.01/js/vendor.6794114dd270eb42c37c.js (2)
[14062:253552:1008/200333.106761:INFO:CONSOLE:2] "🎯 confirm_btn 클래스로 발행 버튼 찾기...", source: https://feblog.pstatic.net/real/pc/2025.10.01/js/vendor.6794114dd270eb42c37c.js (2)
[14062:253552:1008/200333.107157:INFO:CONSOLE:2] "✅ confirm_btn으로 발행 버튼 발견: [object Object]", source: https://feblog.pstatic.net/real/pc/2025.10.01/js/vendor.6794114dd270eb42c37c.js (2)
[14062:253552:1008/200333.138167:INFO:CONSOLE:2] "✅ confirm_btn 발행 버튼 클릭 완료", source: https://feblog.pstatic.net/real/pc/2025.10.01/js/vendor.6794114dd270eb42c37c.js (2)
[14062:253552:1008/200334.470308:INFO:CONSOLE:275] "Google Maps JavaScript API has been loaded directly without loading=async. This can result in suboptimal performance. For best-practice loading patterns please see https://goo.gle/js-api-loading", source: https://maps.google.co.kr/maps/api/js?v=3&client=gme-nhncorp&language=ko&channel=naver_blog (275)
[14062:253552:1008/200334.618317:INFO:CONSOLE:2] "MaxListenersExceededWarning: Possible EventEmitter memory leak detected. 11 visible listeners added. Use emitter.setMaxListeners() to increase limit", source: https://ssl.pstatic.net/t.static.blog/mylog/versioning//js/blogOnMap-811be5f_https.js (2)
[14062:253552:1008/200334.618468:INFO:CONSOLE:2] "MaxListenersExceededWarning: Possible EventEmitter memory leak detected. 11 invisible listeners added. Use emitter.setMaxListeners() to increase limit", source: https://ssl.pstatic.net/t.static.blog/mylog/versioning//js/blogOnMap-811be5f_https.js (2)
[14062:253646:1008/200448.922109:ERROR:google_apis/gcm/engine/connection_factory_impl.cc:483] ConnectionHandler failed with net error: -2
[14062:253563:1008/200448.929138:INFO:third_party/crashpad/crashpad/client/crashpad_client_mac.cc:313] restarting handler
[14062:253552:1008/200448.936795:ERROR:content/browser/gpu/gpu_process_host.cc:970] GPU process exited unexpectedly: exit_code=15
[14062:253552:1008/200448.936881:WARNING:content/browser/gpu/gpu_process_host.cc:1412] The GPU process has crashed 1 time(s)
[14062:253552:1008/200448.947070:ERROR:content/browser/network_service_instance_impl.cc:599] Network service crashed, restarting service.
[14062:253563:1008/200448.959761:INFO:third_party/crashpad/crashpad/client/crashpad_client_mac.cc:307] restarting handler in 0.969s
[14062:253552:1008/200448.986347:WARNING:chrome/browser/ui/sad_tab.cc:257] Tab Killed: https://blog.naver.com/
[19677:583301:1008/200449.088013:WARNING:components/prefs/pref_notifier_impl.cc:26] Init observer found at shutdown.
