[27571:735254:1008/230251.180971:INFO:components/enterprise/browser/controller/chrome_browser_cloud_management_controller.cc:206] No machine level policy manager exists.
[27571:735254:1008/230251.930863:INFO:CONSOLE:0] "[DOM] Input elements should have autocomplete attributes (suggested: "current-password"): (More info: https://goo.gl/9p2vKq) %o", source: https://nid.naver.com/nidlogin.login (0)
[27571:735254:1008/230252.335612:INFO:CONSOLE:2] "Error", source: https://wtm.pstatic.net/f42d54e/54ca873547d7da4dfa43.js (2)
[27571:735310:1008/230255.218212:ERROR:google_apis/gcm/engine/registration_request.cc:291] Registration response error message: DEPRECATED_ENDPOINT
[27584:735352:1008/230305.571407:WARNING:cc/paint/skottie_wrapper_impl.cc:130] Encountered unknown property node with hash: 559079338
[27584:735352:1008/230305.571564:WARNING:cc/paint/skottie_wrapper_impl.cc:130] Encountered unknown property node with hash: 733108593
[27584:735352:1008/230305.571575:WARNING:cc/paint/skottie_wrapper_impl.cc:130] Encountered unknown property node with hash: 1104477328
[27584:735352:1008/230305.571582:WARNING:cc/paint/skottie_wrapper_impl.cc:130] Encountered unknown property node with hash: 1235441726
[27584:735352:1008/230305.571587:WARNING:cc/paint/skottie_wrapper_impl.cc:130] Encountered unknown property node with hash: 1398109417
[27584:735352:1008/230305.571592:WARNING:cc/paint/skottie_wrapper_impl.cc:130] Encountered unknown property node with hash: 1745445570
[27584:735352:1008/230305.571597:WARNING:cc/paint/skottie_wrapper_impl.cc:130] Encountered unknown property node with hash: 2629264519
[27584:735352:1008/230305.571602:WARNING:cc/paint/skottie_wrapper_impl.cc:130] Encountered unknown property node with hash: 2928374096
[27584:735352:1008/230305.571605:WARNING:cc/paint/skottie_wrapper_impl.cc:130] Encountered unknown property node with hash: 3162947791
[27584:735352:1008/230305.571612:WARNING:cc/paint/skottie_wrapper_impl.cc:130] Encountered unknown property node with hash: 3189316647
[27571:735310:1008/230323.309121:ERROR:google_apis/gcm/engine/registration_request.cc:291] Registration response error message: DEPRECATED_ENDPOINT
[27571:735254:1008/230400.538304:INFO:CONSOLE:2] "클립보드 읽기 권한 상태: prompt", source: https://feblog.pstatic.net/real/pc/2025.10.01/js/vendor.6794114dd270eb42c37c.js (2)
[27571:735254:1008/230404.831172:INFO:CONSOLE:2] "클립보드 읽기 권한 상태: prompt", source: https://feblog.pstatic.net/real/pc/2025.10.01/js/vendor.6794114dd270eb42c37c.js (2)
[27571:735254:1008/230408.474356:INFO:CONSOLE:2] "클립보드 읽기 권한 상태: prompt", source: https://feblog.pstatic.net/real/pc/2025.10.01/js/vendor.6794114dd270eb42c37c.js (2)
[27571:735310:1008/230409.009616:ERROR:google_apis/gcm/engine/registration_request.cc:291] Registration response error message: QUOTA_EXCEEDED
[27571:735254:1008/230412.202198:INFO:CONSOLE:2] "클립보드 읽기 권한 상태: prompt", source: https://feblog.pstatic.net/real/pc/2025.10.01/js/vendor.6794114dd270eb42c37c.js (2)
[27571:735254:1008/230415.950253:INFO:CONSOLE:2] "클립보드 읽기 권한 상태: prompt", source: https://feblog.pstatic.net/real/pc/2025.10.01/js/vendor.6794114dd270eb42c37c.js (2)
[27571:735254:1008/230417.947048:INFO:CONSOLE:2] "클립보드 읽기 권한 상태: prompt", source: https://feblog.pstatic.net/real/pc/2025.10.01/js/vendor.6794114dd270eb42c37c.js (2)
[27571:735254:1008/230419.870318:INFO:CONSOLE:2] "클립보드 읽기 권한 상태: prompt", source: https://feblog.pstatic.net/real/pc/2025.10.01/js/vendor.6794114dd270eb42c37c.js (2)
[27571:735254:1008/230420.404419:INFO:CONSOLE:1] "File chooser dialog can only be shown with a user activation.", source: https://editor-static.pstatic.net/e/basic.desktop/1.69.0/se-editor.js?t=1755855480440 (1)
[27571:735254:1008/230421.853705:INFO:CONSOLE:2] "클립보드 읽기 권한 상태: prompt", source: https://feblog.pstatic.net/real/pc/2025.10.01/js/vendor.6794114dd270eb42c37c.js (2)
[27571:735254:1008/230422.379750:INFO:CONSOLE:1] "File chooser dialog can only be shown with a user activation.", source: https://editor-static.pstatic.net/e/basic.desktop/1.69.0/se-editor.js?t=1755855480440 (1)
[27571:735254:1008/230423.856391:INFO:CONSOLE:2] "클립보드 읽기 권한 상태: prompt", source: https://feblog.pstatic.net/real/pc/2025.10.01/js/vendor.6794114dd270eb42c37c.js (2)
[27571:735254:1008/230424.380694:INFO:CONSOLE:1] "File chooser dialog can only be shown with a user activation.", source: https://editor-static.pstatic.net/e/basic.desktop/1.69.0/se-editor.js?t=1755855480440 (1)
[27571:735254:1008/230425.839523:INFO:CONSOLE:2] "클립보드 읽기 권한 상태: prompt", source: https://feblog.pstatic.net/real/pc/2025.10.01/js/vendor.6794114dd270eb42c37c.js (2)
[27571:735254:1008/230426.369216:INFO:CONSOLE:1] "File chooser dialog can only be shown with a user activation.", source: https://editor-static.pstatic.net/e/basic.desktop/1.69.0/se-editor.js?t=1755855480440 (1)
[27571:735254:1008/230438.217839:INFO:CONSOLE:2] "키보드 입력 차단 및 포커스 정리 완료", source: https://feblog.pstatic.net/real/pc/2025.10.01/js/vendor.6794114dd270eb42c37c.js (2)
[27571:735254:1008/230443.267814:INFO:CONSOLE:2] "=== 최강화된 확인 버튼 찾기 시작 ===", source: https://feblog.pstatic.net/real/pc/2025.10.01/js/vendor.6794114dd270eb42c37c.js (2)
[27571:735254:1008/230443.267960:INFO:CONSOLE:2] "현재 페이지의 모든 버튼 상황:", source: https://feblog.pstatic.net/real/pc/2025.10.01/js/vendor.6794114dd270eb42c37c.js (2)
[27571:735254:1008/230443.268388:INFO:CONSOLE:2] "버튼 1: [object Object]", source: https://feblog.pstatic.net/real/pc/2025.10.01/js/vendor.6794114dd270eb42c37c.js (2)
[27571:735254:1008/230443.268647:INFO:CONSOLE:2] "버튼 2: [object Object]", source: https://feblog.pstatic.net/real/pc/2025.10.01/js/vendor.6794114dd270eb42c37c.js (2)
[27571:735254:1008/230443.268786:INFO:CONSOLE:2] "버튼 3: [object Object]", source: https://feblog.pstatic.net/real/pc/2025.10.01/js/vendor.6794114dd270eb42c37c.js (2)
[27571:735254:1008/230443.268926:INFO:CONSOLE:2] "버튼 4: [object Object]", source: https://feblog.pstatic.net/real/pc/2025.10.01/js/vendor.6794114dd270eb42c37c.js (2)
[27571:735254:1008/230443.269062:INFO:CONSOLE:2] "버튼 5: [object Object]", source: https://feblog.pstatic.net/real/pc/2025.10.01/js/vendor.6794114dd270eb42c37c.js (2)
[27571:735254:1008/230443.269196:INFO:CONSOLE:2] "버튼 6: [object Object]", source: https://feblog.pstatic.net/real/pc/2025.10.01/js/vendor.6794114dd270eb42c37c.js (2)
[27571:735254:1008/230443.269338:INFO:CONSOLE:2] "버튼 7: [object Object]", source: https://feblog.pstatic.net/real/pc/2025.10.01/js/vendor.6794114dd270eb42c37c.js (2)
[27571:735254:1008/230443.269505:INFO:CONSOLE:2] "버튼 8: [object Object]", source: https://feblog.pstatic.net/real/pc/2025.10.01/js/vendor.6794114dd270eb42c37c.js (2)
[27571:735254:1008/230443.269655:INFO:CONSOLE:2] "버튼 9: [object Object]", source: https://feblog.pstatic.net/real/pc/2025.10.01/js/vendor.6794114dd270eb42c37c.js (2)
[27571:735254:1008/230443.269795:INFO:CONSOLE:2] "버튼 10: [object Object]", source: https://feblog.pstatic.net/real/pc/2025.10.01/js/vendor.6794114dd270eb42c37c.js (2)
[27571:735254:1008/230443.269930:INFO:CONSOLE:2] "버튼 11: [object Object]", source: https://feblog.pstatic.net/real/pc/2025.10.01/js/vendor.6794114dd270eb42c37c.js (2)
[27571:735254:1008/230443.270052:INFO:CONSOLE:2] "버튼 12: [object Object]", source: https://feblog.pstatic.net/real/pc/2025.10.01/js/vendor.6794114dd270eb42c37c.js (2)
[27571:735254:1008/230443.270172:INFO:CONSOLE:2] "버튼 13: [object Object]", source: https://feblog.pstatic.net/real/pc/2025.10.01/js/vendor.6794114dd270eb42c37c.js (2)
[27571:735254:1008/230443.270321:INFO:CONSOLE:2] "버튼 14: [object Object]", source: https://feblog.pstatic.net/real/pc/2025.10.01/js/vendor.6794114dd270eb42c37c.js (2)
[27571:735254:1008/230443.270433:INFO:CONSOLE:2] "버튼 15: [object Object]", source: https://feblog.pstatic.net/real/pc/2025.10.01/js/vendor.6794114dd270eb42c37c.js (2)
[27571:735254:1008/230443.270546:INFO:CONSOLE:2] "버튼 16: [object Object]", source: https://feblog.pstatic.net/real/pc/2025.10.01/js/vendor.6794114dd270eb42c37c.js (2)
[27571:735254:1008/230443.270659:INFO:CONSOLE:2] "버튼 17: [object Object]", source: https://feblog.pstatic.net/real/pc/2025.10.01/js/vendor.6794114dd270eb42c37c.js (2)
[27571:735254:1008/230443.270770:INFO:CONSOLE:2] "버튼 18: [object Object]", source: https://feblog.pstatic.net/real/pc/2025.10.01/js/vendor.6794114dd270eb42c37c.js (2)
[27571:735254:1008/230443.270874:INFO:CONSOLE:2] "버튼 19: [object Object]", source: https://feblog.pstatic.net/real/pc/2025.10.01/js/vendor.6794114dd270eb42c37c.js (2)
[27571:735254:1008/230443.270986:INFO:CONSOLE:2] "버튼 20: [object Object]", source: https://feblog.pstatic.net/real/pc/2025.10.01/js/vendor.6794114dd270eb42c37c.js (2)
[27571:735254:1008/230443.271102:INFO:CONSOLE:2] "버튼 21: [object Object]", source: https://feblog.pstatic.net/real/pc/2025.10.01/js/vendor.6794114dd270eb42c37c.js (2)
[27571:735254:1008/230443.271231:INFO:CONSOLE:2] "버튼 22: [object Object]", source: https://feblog.pstatic.net/real/pc/2025.10.01/js/vendor.6794114dd270eb42c37c.js (2)
[27571:735254:1008/230443.271326:INFO:CONSOLE:2] "버튼 23: [object Object]", source: https://feblog.pstatic.net/real/pc/2025.10.01/js/vendor.6794114dd270eb42c37c.js (2)
[27571:735254:1008/230443.271445:INFO:CONSOLE:2] "버튼 24: [object Object]", source: https://feblog.pstatic.net/real/pc/2025.10.01/js/vendor.6794114dd270eb42c37c.js (2)
[27571:735254:1008/230443.271544:INFO:CONSOLE:2] "버튼 25: [object Object]", source: https://feblog.pstatic.net/real/pc/2025.10.01/js/vendor.6794114dd270eb42c37c.js (2)
[27571:735254:1008/230443.271644:INFO:CONSOLE:2] "버튼 26: [object Object]", source: https://feblog.pstatic.net/real/pc/2025.10.01/js/vendor.6794114dd270eb42c37c.js (2)
[27571:735254:1008/230443.271741:INFO:CONSOLE:2] "버튼 27: [object Object]", source: https://feblog.pstatic.net/real/pc/2025.10.01/js/vendor.6794114dd270eb42c37c.js (2)
[27571:735254:1008/230443.271844:INFO:CONSOLE:2] "버튼 28: [object Object]", source: https://feblog.pstatic.net/real/pc/2025.10.01/js/vendor.6794114dd270eb42c37c.js (2)
[27571:735254:1008/230443.271950:INFO:CONSOLE:2] "버튼 29: [object Object]", source: https://feblog.pstatic.net/real/pc/2025.10.01/js/vendor.6794114dd270eb42c37c.js (2)
[27571:735254:1008/230443.272043:INFO:CONSOLE:2] "버튼 30: [object Object]", source: https://feblog.pstatic.net/real/pc/2025.10.01/js/vendor.6794114dd270eb42c37c.js (2)
[27571:735254:1008/230443.272154:INFO:CONSOLE:2] "버튼 31: [object Object]", source: https://feblog.pstatic.net/real/pc/2025.10.01/js/vendor.6794114dd270eb42c37c.js (2)
[27571:735254:1008/230443.272245:INFO:CONSOLE:2] "버튼 32: [object Object]", source: https://feblog.pstatic.net/real/pc/2025.10.01/js/vendor.6794114dd270eb42c37c.js (2)
[27571:735254:1008/230443.272351:INFO:CONSOLE:2] "버튼 33: [object Object]", source: https://feblog.pstatic.net/real/pc/2025.10.01/js/vendor.6794114dd270eb42c37c.js (2)
[27571:735254:1008/230443.272461:INFO:CONSOLE:2] "버튼 34: [object Object]", source: https://feblog.pstatic.net/real/pc/2025.10.01/js/vendor.6794114dd270eb42c37c.js (2)
[27571:735254:1008/230443.272557:INFO:CONSOLE:2] "버튼 35: [object Object]", source: https://feblog.pstatic.net/real/pc/2025.10.01/js/vendor.6794114dd270eb42c37c.js (2)
[27571:735254:1008/230443.272654:INFO:CONSOLE:2] "버튼 36: [object Object]", source: https://feblog.pstatic.net/real/pc/2025.10.01/js/vendor.6794114dd270eb42c37c.js (2)
[27571:735254:1008/230443.272765:INFO:CONSOLE:2] "버튼 37: [object Object]", source: https://feblog.pstatic.net/real/pc/2025.10.01/js/vendor.6794114dd270eb42c37c.js (2)
[27571:735254:1008/230443.272863:INFO:CONSOLE:2] "버튼 38: [object Object]", source: https://feblog.pstatic.net/real/pc/2025.10.01/js/vendor.6794114dd270eb42c37c.js (2)
[27571:735254:1008/230443.272955:INFO:CONSOLE:2] "버튼 39: [object Object]", source: https://feblog.pstatic.net/real/pc/2025.10.01/js/vendor.6794114dd270eb42c37c.js (2)
[27571:735254:1008/230443.273078:INFO:CONSOLE:2] "버튼 40: [object Object]", source: https://feblog.pstatic.net/real/pc/2025.10.01/js/vendor.6794114dd270eb42c37c.js (2)
[27571:735254:1008/230443.273176:INFO:CONSOLE:2] "버튼 41: [object Object]", source: https://feblog.pstatic.net/real/pc/2025.10.01/js/vendor.6794114dd270eb42c37c.js (2)
[27571:735254:1008/230443.273367:INFO:CONSOLE:2] "버튼 42: [object Object]", source: https://feblog.pstatic.net/real/pc/2025.10.01/js/vendor.6794114dd270eb42c37c.js (2)
[27571:735254:1008/230443.273604:INFO:CONSOLE:2] "버튼 43: [object Object]", source: https://feblog.pstatic.net/real/pc/2025.10.01/js/vendor.6794114dd270eb42c37c.js (2)
[27571:735254:1008/230443.273737:INFO:CONSOLE:2] "버튼 45: [object Object]", source: https://feblog.pstatic.net/real/pc/2025.10.01/js/vendor.6794114dd270eb42c37c.js (2)
[27571:735254:1008/230443.273855:INFO:CONSOLE:2] "버튼 47: [object Object]", source: https://feblog.pstatic.net/real/pc/2025.10.01/js/vendor.6794114dd270eb42c37c.js (2)
[27571:735254:1008/230443.273942:INFO:CONSOLE:2] "버튼 51: [object Object]", source: https://feblog.pstatic.net/real/pc/2025.10.01/js/vendor.6794114dd270eb42c37c.js (2)
[27571:735254:1008/230443.274038:INFO:CONSOLE:2] "버튼 55: [object Object]", source: https://feblog.pstatic.net/real/pc/2025.10.01/js/vendor.6794114dd270eb42c37c.js (2)
[27571:735254:1008/230443.274119:INFO:CONSOLE:2] "버튼 58: [object Object]", source: https://feblog.pstatic.net/real/pc/2025.10.01/js/vendor.6794114dd270eb42c37c.js (2)
[27571:735254:1008/230443.274218:INFO:CONSOLE:2] "버튼 61: [object Object]", source: https://feblog.pstatic.net/real/pc/2025.10.01/js/vendor.6794114dd270eb42c37c.js (2)
[27571:735254:1008/230443.274297:INFO:CONSOLE:2] "버튼 62: [object Object]", source: https://feblog.pstatic.net/real/pc/2025.10.01/js/vendor.6794114dd270eb42c37c.js (2)
[27571:735254:1008/230443.274391:INFO:CONSOLE:2] "버튼 64: [object Object]", source: https://feblog.pstatic.net/real/pc/2025.10.01/js/vendor.6794114dd270eb42c37c.js (2)
[27571:735254:1008/230443.274479:INFO:CONSOLE:2] "버튼 65: [object Object]", source: https://feblog.pstatic.net/real/pc/2025.10.01/js/vendor.6794114dd270eb42c37c.js (2)
[27571:735254:1008/230443.274578:INFO:CONSOLE:2] "버튼 67: [object Object]", source: https://feblog.pstatic.net/real/pc/2025.10.01/js/vendor.6794114dd270eb42c37c.js (2)
[27571:735254:1008/230443.274656:INFO:CONSOLE:2] "버튼 68: [object Object]", source: https://feblog.pstatic.net/real/pc/2025.10.01/js/vendor.6794114dd270eb42c37c.js (2)
[27571:735254:1008/230443.274746:INFO:CONSOLE:2] "버튼 70: [object Object]", source: https://feblog.pstatic.net/real/pc/2025.10.01/js/vendor.6794114dd270eb42c37c.js (2)
[27571:735254:1008/230443.274823:INFO:CONSOLE:2] "버튼 71: [object Object]", source: https://feblog.pstatic.net/real/pc/2025.10.01/js/vendor.6794114dd270eb42c37c.js (2)
[27571:735254:1008/230443.274900:INFO:CONSOLE:2] "버튼 74: [object Object]", source: https://feblog.pstatic.net/real/pc/2025.10.01/js/vendor.6794114dd270eb42c37c.js (2)
[27571:735254:1008/230443.274987:INFO:CONSOLE:2] "버튼 75: [object Object]", source: https://feblog.pstatic.net/real/pc/2025.10.01/js/vendor.6794114dd270eb42c37c.js (2)
[27571:735254:1008/230443.275094:INFO:CONSOLE:2] "버튼 78: [object Object]", source: https://feblog.pstatic.net/real/pc/2025.10.01/js/vendor.6794114dd270eb42c37c.js (2)
[27571:735254:1008/230443.275215:INFO:CONSOLE:2] "버튼 98: [object Object]", source: https://feblog.pstatic.net/real/pc/2025.10.01/js/vendor.6794114dd270eb42c37c.js (2)
[27571:735254:1008/230443.275303:INFO:CONSOLE:2] "버튼 99: [object Object]", source: https://feblog.pstatic.net/real/pc/2025.10.01/js/vendor.6794114dd270eb42c37c.js (2)
[27571:735254:1008/230443.275385:INFO:CONSOLE:2] "버튼 100: [object Object]", source: https://feblog.pstatic.net/real/pc/2025.10.01/js/vendor.6794114dd270eb42c37c.js (2)
[27571:735254:1008/230443.275476:INFO:CONSOLE:2] "버튼 101: [object Object]", source: https://feblog.pstatic.net/real/pc/2025.10.01/js/vendor.6794114dd270eb42c37c.js (2)
[27571:735254:1008/230443.275567:INFO:CONSOLE:2] "버튼 102: [object Object]", source: https://feblog.pstatic.net/real/pc/2025.10.01/js/vendor.6794114dd270eb42c37c.js (2)
[27571:735254:1008/230443.275632:INFO:CONSOLE:2] "버튼 103: [object Object]", source: https://feblog.pstatic.net/real/pc/2025.10.01/js/vendor.6794114dd270eb42c37c.js (2)
[27571:735254:1008/230443.275730:INFO:CONSOLE:2] "버튼 104: [object Object]", source: https://feblog.pstatic.net/real/pc/2025.10.01/js/vendor.6794114dd270eb42c37c.js (2)
[27571:735254:1008/230443.275824:INFO:CONSOLE:2] "버튼 105: [object Object]", source: https://feblog.pstatic.net/real/pc/2025.10.01/js/vendor.6794114dd270eb42c37c.js (2)
[27571:735254:1008/230443.275890:INFO:CONSOLE:2] "버튼 106: [object Object]", source: https://feblog.pstatic.net/real/pc/2025.10.01/js/vendor.6794114dd270eb42c37c.js (2)
[27571:735254:1008/230443.275988:INFO:CONSOLE:2] "버튼 107: [object Object]", source: https://feblog.pstatic.net/real/pc/2025.10.01/js/vendor.6794114dd270eb42c37c.js (2)
[27571:735254:1008/230443.276057:INFO:CONSOLE:2] "버튼 108: [object Object]", source: https://feblog.pstatic.net/real/pc/2025.10.01/js/vendor.6794114dd270eb42c37c.js (2)
[27571:735254:1008/230443.276141:INFO:CONSOLE:2] "버튼 109: [object Object]", source: https://feblog.pstatic.net/real/pc/2025.10.01/js/vendor.6794114dd270eb42c37c.js (2)
[27571:735254:1008/230443.276237:INFO:CONSOLE:2] "버튼 110: [object Object]", source: https://feblog.pstatic.net/real/pc/2025.10.01/js/vendor.6794114dd270eb42c37c.js (2)
[27571:735254:1008/230443.276320:INFO:CONSOLE:2] "버튼 111: [object Object]", source: https://feblog.pstatic.net/real/pc/2025.10.01/js/vendor.6794114dd270eb42c37c.js (2)
[27571:735254:1008/230443.276406:INFO:CONSOLE:2] "버튼 112: [object Object]", source: https://feblog.pstatic.net/real/pc/2025.10.01/js/vendor.6794114dd270eb42c37c.js (2)
[27571:735254:1008/230443.276489:INFO:CONSOLE:2] "버튼 113: [object Object]", source: https://feblog.pstatic.net/real/pc/2025.10.01/js/vendor.6794114dd270eb42c37c.js (2)
[27571:735254:1008/230443.276573:INFO:CONSOLE:2] "버튼 114: [object Object]", source: https://feblog.pstatic.net/real/pc/2025.10.01/js/vendor.6794114dd270eb42c37c.js (2)
[27571:735254:1008/230443.276667:INFO:CONSOLE:2] "버튼 115: [object Object]", source: https://feblog.pstatic.net/real/pc/2025.10.01/js/vendor.6794114dd270eb42c37c.js (2)
[27571:735254:1008/230443.276734:INFO:CONSOLE:2] "버튼 116: [object Object]", source: https://feblog.pstatic.net/real/pc/2025.10.01/js/vendor.6794114dd270eb42c37c.js (2)
[27571:735254:1008/230443.276841:INFO:CONSOLE:2] "버튼 117: [object Object]", source: https://feblog.pstatic.net/real/pc/2025.10.01/js/vendor.6794114dd270eb42c37c.js (2)
[27571:735254:1008/230443.276914:INFO:CONSOLE:2] "버튼 118: [object Object]", source: https://feblog.pstatic.net/real/pc/2025.10.01/js/vendor.6794114dd270eb42c37c.js (2)
[27571:735254:1008/230443.277008:INFO:CONSOLE:2] "버튼 119: [object Object]", source: https://feblog.pstatic.net/real/pc/2025.10.01/js/vendor.6794114dd270eb42c37c.js (2)
[27571:735254:1008/230443.277091:INFO:CONSOLE:2] "버튼 120: [object Object]", source: https://feblog.pstatic.net/real/pc/2025.10.01/js/vendor.6794114dd270eb42c37c.js (2)
[27571:735254:1008/230443.277163:INFO:CONSOLE:2] "버튼 121: [object Object]", source: https://feblog.pstatic.net/real/pc/2025.10.01/js/vendor.6794114dd270eb42c37c.js (2)
[27571:735254:1008/230443.277259:INFO:CONSOLE:2] "버튼 122: [object Object]", source: https://feblog.pstatic.net/real/pc/2025.10.01/js/vendor.6794114dd270eb42c37c.js (2)
[27571:735254:1008/230443.277353:INFO:CONSOLE:2] "버튼 123: [object Object]", source: https://feblog.pstatic.net/real/pc/2025.10.01/js/vendor.6794114dd270eb42c37c.js (2)
[27571:735254:1008/230443.277432:INFO:CONSOLE:2] "버튼 124: [object Object]", source: https://feblog.pstatic.net/real/pc/2025.10.01/js/vendor.6794114dd270eb42c37c.js (2)
[27571:735254:1008/230443.277516:INFO:CONSOLE:2] "버튼 125: [object Object]", source: https://feblog.pstatic.net/real/pc/2025.10.01/js/vendor.6794114dd270eb42c37c.js (2)
[27571:735254:1008/230443.277586:INFO:CONSOLE:2] "1단계: 정확한 선택자로 시도...", source: https://feblog.pstatic.net/real/pc/2025.10.01/js/vendor.6794114dd270eb42c37c.js (2)
[27571:735254:1008/230443.277729:INFO:CONSOLE:2] "✅ 정확한 선택자로 확인 버튼 클릭: button.se-popup-button-confirm", source: https://feblog.pstatic.net/real/pc/2025.10.01/js/vendor.6794114dd270eb42c37c.js (2)
[27571:735254:1008/230445.520323:INFO:CONSOLE:2] "키보드 입력 차단 해제 완료", source: https://feblog.pstatic.net/real/pc/2025.10.01/js/vendor.6794114dd270eb42c37c.js (2)
[27571:735254:1008/230447.458351:INFO:CONSOLE:2] "Google Maps JavaScript API has been loaded directly without loading=async. This can result in suboptimal performance. For best-practice loading patterns please see https://goo.gle/js-api-loading", source: https://feblog.pstatic.net/real/pc/2025.10.01/js/vendor.6794114dd270eb42c37c.js (2)
[27571:735254:1008/230453.588629:INFO:CONSOLE:2] "추가 버튼 발견, 5번 클릭 시도 시작...", source: https://feblog.pstatic.net/real/pc/2025.10.01/js/vendor.6794114dd270eb42c37c.js (2)
[27571:735254:1008/230453.588923:INFO:CONSOLE:2] "1번째 클릭 시도...", source: https://feblog.pstatic.net/real/pc/2025.10.01/js/vendor.6794114dd270eb42c37c.js (2)
[27571:735254:1008/230454.590681:INFO:CONSOLE:2] "2번째 클릭 시도...", source: https://feblog.pstatic.net/real/pc/2025.10.01/js/vendor.6794114dd270eb42c37c.js (2)
[27571:735254:1008/230455.590573:INFO:CONSOLE:2] "3번째 클릭 시도...", source: https://feblog.pstatic.net/real/pc/2025.10.01/js/vendor.6794114dd270eb42c37c.js (2)
[27571:735254:1008/230456.590871:INFO:CONSOLE:2] "4번째 클릭 시도...", source: https://feblog.pstatic.net/real/pc/2025.10.01/js/vendor.6794114dd270eb42c37c.js (2)
[27571:735254:1008/230457.591466:INFO:CONSOLE:2] "5번째 클릭 시도...", source: https://feblog.pstatic.net/real/pc/2025.10.01/js/vendor.6794114dd270eb42c37c.js (2)
[27571:735254:1008/230458.603318:INFO:CONSOLE:2] "정확한 선택자로 확인 버튼 발견", source: https://feblog.pstatic.net/real/pc/2025.10.01/js/vendor.6794114dd270eb42c37c.js (2)
[27571:735254:1008/230548.839163:INFO:CONSOLE:2] "=== 최종 발행 버튼 찾기 시작 ===", source: https://feblog.pstatic.net/real/pc/2025.10.01/js/vendor.6794114dd270eb42c37c.js (2)
[27571:735254:1008/230548.839454:INFO:CONSOLE:2] "🎯 data-testid로 발행 버튼 찾기...", source: https://feblog.pstatic.net/real/pc/2025.10.01/js/vendor.6794114dd270eb42c37c.js (2)
[27571:735254:1008/230548.839481:INFO:CONSOLE:2] "🎯 confirm_btn 클래스로 발행 버튼 찾기...", source: https://feblog.pstatic.net/real/pc/2025.10.01/js/vendor.6794114dd270eb42c37c.js (2)
[27571:735254:1008/230548.839780:INFO:CONSOLE:2] "✅ confirm_btn으로 발행 버튼 발견: [object Object]", source: https://feblog.pstatic.net/real/pc/2025.10.01/js/vendor.6794114dd270eb42c37c.js (2)
[27571:735254:1008/230548.864971:INFO:CONSOLE:2] "✅ confirm_btn 발행 버튼 클릭 완료", source: https://feblog.pstatic.net/real/pc/2025.10.01/js/vendor.6794114dd270eb42c37c.js (2)
[27571:735254:1008/230550.917145:INFO:CONSOLE:275] "Google Maps JavaScript API has been loaded directly without loading=async. This can result in suboptimal performance. For best-practice loading patterns please see https://goo.gle/js-api-loading", source: https://maps.google.co.kr/maps/api/js?v=3&client=gme-nhncorp&language=ko&channel=naver_blog (275)
[27571:735254:1008/232806.758051:INFO:CONSOLE:2] "클립보드 읽기 권한 상태: granted", source: https://feblog.pstatic.net/real/pc/2025.10.01/js/vendor.6794114dd270eb42c37c.js (2)
[27571:735254:1008/232810.936139:INFO:CONSOLE:2] "클립보드 읽기 권한 상태: granted", source: https://feblog.pstatic.net/real/pc/2025.10.01/js/vendor.6794114dd270eb42c37c.js (2)
[27571:735254:1008/232814.104057:INFO:CONSOLE:2] "클립보드 읽기 권한 상태: granted", source: https://feblog.pstatic.net/real/pc/2025.10.01/js/vendor.6794114dd270eb42c37c.js (2)
[27571:735254:1008/232816.860823:INFO:CONSOLE:2] "클립보드 읽기 권한 상태: granted", source: https://feblog.pstatic.net/real/pc/2025.10.01/js/vendor.6794114dd270eb42c37c.js (2)
[27571:735254:1008/232818.827418:INFO:CONSOLE:2] "클립보드 읽기 권한 상태: granted", source: https://feblog.pstatic.net/real/pc/2025.10.01/js/vendor.6794114dd270eb42c37c.js (2)
[27571:735254:1008/232820.793498:INFO:CONSOLE:2] "클립보드 읽기 권한 상태: granted", source: https://feblog.pstatic.net/real/pc/2025.10.01/js/vendor.6794114dd270eb42c37c.js (2)
[27571:735254:1008/232821.317768:INFO:CONSOLE:1] "File chooser dialog can only be shown with a user activation.", source: https://editor-static.pstatic.net/e/basic.desktop/1.69.0/se-editor.js?t=1755855480440 (1)
[27571:735254:1008/232822.733240:INFO:CONSOLE:2] "클립보드 읽기 권한 상태: granted", source: https://feblog.pstatic.net/real/pc/2025.10.01/js/vendor.6794114dd270eb42c37c.js (2)
[27571:735254:1008/232823.248040:INFO:CONSOLE:1] "File chooser dialog can only be shown with a user activation.", source: https://editor-static.pstatic.net/e/basic.desktop/1.69.0/se-editor.js?t=1755855480440 (1)
[27571:735254:1008/232824.688574:INFO:CONSOLE:2] "클립보드 읽기 권한 상태: granted", source: https://feblog.pstatic.net/real/pc/2025.10.01/js/vendor.6794114dd270eb42c37c.js (2)
[27571:735254:1008/232825.208539:INFO:CONSOLE:1] "File chooser dialog can only be shown with a user activation.", source: https://editor-static.pstatic.net/e/basic.desktop/1.69.0/se-editor.js?t=1755855480440 (1)
[27571:735254:1008/232835.345700:INFO:CONSOLE:2] "키보드 입력 차단 및 포커스 정리 완료", source: https://feblog.pstatic.net/real/pc/2025.10.01/js/vendor.6794114dd270eb42c37c.js (2)
[27571:735254:1008/232840.425324:INFO:CONSOLE:2] "=== 최강화된 확인 버튼 찾기 시작 ===", source: https://feblog.pstatic.net/real/pc/2025.10.01/js/vendor.6794114dd270eb42c37c.js (2)
[27571:735254:1008/232840.425411:INFO:CONSOLE:2] "현재 페이지의 모든 버튼 상황:", source: https://feblog.pstatic.net/real/pc/2025.10.01/js/vendor.6794114dd270eb42c37c.js (2)
[27571:735254:1008/232840.425746:INFO:CONSOLE:2] "버튼 1: [object Object]", source: https://feblog.pstatic.net/real/pc/2025.10.01/js/vendor.6794114dd270eb42c37c.js (2)
[27571:735254:1008/232840.427409:INFO:CONSOLE:2] "버튼 2: [object Object]", source: https://feblog.pstatic.net/real/pc/2025.10.01/js/vendor.6794114dd270eb42c37c.js (2)
[27571:735254:1008/232840.427538:INFO:CONSOLE:2] "버튼 3: [object Object]", source: https://feblog.pstatic.net/real/pc/2025.10.01/js/vendor.6794114dd270eb42c37c.js (2)
[27571:735254:1008/232840.427609:INFO:CONSOLE:2] "버튼 4: [object Object]", source: https://feblog.pstatic.net/real/pc/2025.10.01/js/vendor.6794114dd270eb42c37c.js (2)
[27571:735254:1008/232840.427692:INFO:CONSOLE:2] "버튼 5: [object Object]", source: https://feblog.pstatic.net/real/pc/2025.10.01/js/vendor.6794114dd270eb42c37c.js (2)
[27571:735254:1008/232840.427788:INFO:CONSOLE:2] "버튼 6: [object Object]", source: https://feblog.pstatic.net/real/pc/2025.10.01/js/vendor.6794114dd270eb42c37c.js (2)
[27571:735254:1008/232840.427879:INFO:CONSOLE:2] "버튼 7: [object Object]", source: https://feblog.pstatic.net/real/pc/2025.10.01/js/vendor.6794114dd270eb42c37c.js (2)
[27571:735254:1008/232840.427978:INFO:CONSOLE:2] "버튼 8: [object Object]", source: https://feblog.pstatic.net/real/pc/2025.10.01/js/vendor.6794114dd270eb42c37c.js (2)
[27571:735254:1008/232840.428075:INFO:CONSOLE:2] "버튼 9: [object Object]", source: https://feblog.pstatic.net/real/pc/2025.10.01/js/vendor.6794114dd270eb42c37c.js (2)
[27571:735254:1008/232840.428153:INFO:CONSOLE:2] "버튼 10: [object Object]", source: https://feblog.pstatic.net/real/pc/2025.10.01/js/vendor.6794114dd270eb42c37c.js (2)
[27571:735254:1008/232840.428228:INFO:CONSOLE:2] "버튼 11: [object Object]", source: https://feblog.pstatic.net/real/pc/2025.10.01/js/vendor.6794114dd270eb42c37c.js (2)
[27571:735254:1008/232840.428320:INFO:CONSOLE:2] "버튼 12: [object Object]", source: https://feblog.pstatic.net/real/pc/2025.10.01/js/vendor.6794114dd270eb42c37c.js (2)
[27571:735254:1008/232840.428389:INFO:CONSOLE:2] "버튼 13: [object Object]", source: https://feblog.pstatic.net/real/pc/2025.10.01/js/vendor.6794114dd270eb42c37c.js (2)
[27571:735254:1008/232840.428464:INFO:CONSOLE:2] "버튼 14: [object Object]", source: https://feblog.pstatic.net/real/pc/2025.10.01/js/vendor.6794114dd270eb42c37c.js (2)
[27571:735254:1008/232840.428531:INFO:CONSOLE:2] "버튼 15: [object Object]", source: https://feblog.pstatic.net/real/pc/2025.10.01/js/vendor.6794114dd270eb42c37c.js (2)
[27571:735254:1008/232840.428607:INFO:CONSOLE:2] "버튼 16: [object Object]", source: https://feblog.pstatic.net/real/pc/2025.10.01/js/vendor.6794114dd270eb42c37c.js (2)
[27571:735254:1008/232840.428665:INFO:CONSOLE:2] "버튼 17: [object Object]", source: https://feblog.pstatic.net/real/pc/2025.10.01/js/vendor.6794114dd270eb42c37c.js (2)
[27571:735254:1008/232840.428754:INFO:CONSOLE:2] "버튼 18: [object Object]", source: https://feblog.pstatic.net/real/pc/2025.10.01/js/vendor.6794114dd270eb42c37c.js (2)
[27571:735254:1008/232840.428825:INFO:CONSOLE:2] "버튼 19: [object Object]", source: https://feblog.pstatic.net/real/pc/2025.10.01/js/vendor.6794114dd270eb42c37c.js (2)
[27571:735254:1008/232840.428901:INFO:CONSOLE:2] "버튼 20: [object Object]", source: https://feblog.pstatic.net/real/pc/2025.10.01/js/vendor.6794114dd270eb42c37c.js (2)
[27571:735254:1008/232840.428965:INFO:CONSOLE:2] "버튼 21: [object Object]", source: https://feblog.pstatic.net/real/pc/2025.10.01/js/vendor.6794114dd270eb42c37c.js (2)
[27571:735254:1008/232840.429044:INFO:CONSOLE:2] "버튼 22: [object Object]", source: https://feblog.pstatic.net/real/pc/2025.10.01/js/vendor.6794114dd270eb42c37c.js (2)
[27571:735254:1008/232840.429108:INFO:CONSOLE:2] "버튼 23: [object Object]", source: https://feblog.pstatic.net/real/pc/2025.10.01/js/vendor.6794114dd270eb42c37c.js (2)
[27571:735254:1008/232840.429183:INFO:CONSOLE:2] "버튼 24: [object Object]", source: https://feblog.pstatic.net/real/pc/2025.10.01/js/vendor.6794114dd270eb42c37c.js (2)
[27571:735254:1008/232840.429257:INFO:CONSOLE:2] "버튼 25: [object Object]", source: https://feblog.pstatic.net/real/pc/2025.10.01/js/vendor.6794114dd270eb42c37c.js (2)
[27571:735254:1008/232840.429342:INFO:CONSOLE:2] "버튼 26: [object Object]", source: https://feblog.pstatic.net/real/pc/2025.10.01/js/vendor.6794114dd270eb42c37c.js (2)
[27571:735254:1008/232840.429432:INFO:CONSOLE:2] "버튼 27: [object Object]", source: https://feblog.pstatic.net/real/pc/2025.10.01/js/vendor.6794114dd270eb42c37c.js (2)
[27571:735254:1008/232840.429510:INFO:CONSOLE:2] "버튼 28: [object Object]", source: https://feblog.pstatic.net/real/pc/2025.10.01/js/vendor.6794114dd270eb42c37c.js (2)
[27571:735254:1008/232840.429584:INFO:CONSOLE:2] "버튼 29: [object Object]", source: https://feblog.pstatic.net/real/pc/2025.10.01/js/vendor.6794114dd270eb42c37c.js (2)
[27571:735254:1008/232840.429663:INFO:CONSOLE:2] "버튼 30: [object Object]", source: https://feblog.pstatic.net/real/pc/2025.10.01/js/vendor.6794114dd270eb42c37c.js (2)
[27571:735254:1008/232840.429739:INFO:CONSOLE:2] "버튼 31: [object Object]", source: https://feblog.pstatic.net/real/pc/2025.10.01/js/vendor.6794114dd270eb42c37c.js (2)
[27571:735254:1008/232840.429824:INFO:CONSOLE:2] "버튼 32: [object Object]", source: https://feblog.pstatic.net/real/pc/2025.10.01/js/vendor.6794114dd270eb42c37c.js (2)
[27571:735254:1008/232840.429906:INFO:CONSOLE:2] "버튼 33: [object Object]", source: https://feblog.pstatic.net/real/pc/2025.10.01/js/vendor.6794114dd270eb42c37c.js (2)
[27571:735254:1008/232840.429961:INFO:CONSOLE:2] "버튼 34: [object Object]", source: https://feblog.pstatic.net/real/pc/2025.10.01/js/vendor.6794114dd270eb42c37c.js (2)
[27571:735254:1008/232840.430040:INFO:CONSOLE:2] "버튼 35: [object Object]", source: https://feblog.pstatic.net/real/pc/2025.10.01/js/vendor.6794114dd270eb42c37c.js (2)
[27571:735254:1008/232840.430110:INFO:CONSOLE:2] "버튼 36: [object Object]", source: https://feblog.pstatic.net/real/pc/2025.10.01/js/vendor.6794114dd270eb42c37c.js (2)
[27571:735254:1008/232840.430175:INFO:CONSOLE:2] "버튼 37: [object Object]", source: https://feblog.pstatic.net/real/pc/2025.10.01/js/vendor.6794114dd270eb42c37c.js (2)
[27571:735254:1008/232840.430237:INFO:CONSOLE:2] "버튼 38: [object Object]", source: https://feblog.pstatic.net/real/pc/2025.10.01/js/vendor.6794114dd270eb42c37c.js (2)
[27571:735254:1008/232840.430312:INFO:CONSOLE:2] "버튼 39: [object Object]", source: https://feblog.pstatic.net/real/pc/2025.10.01/js/vendor.6794114dd270eb42c37c.js (2)
[27571:735254:1008/232840.430380:INFO:CONSOLE:2] "버튼 40: [object Object]", source: https://feblog.pstatic.net/real/pc/2025.10.01/js/vendor.6794114dd270eb42c37c.js (2)
[27571:735254:1008/232840.430429:INFO:CONSOLE:2] "버튼 41: [object Object]", source: https://feblog.pstatic.net/real/pc/2025.10.01/js/vendor.6794114dd270eb42c37c.js (2)
[27571:735254:1008/232840.430506:INFO:CONSOLE:2] "버튼 42: [object Object]", source: https://feblog.pstatic.net/real/pc/2025.10.01/js/vendor.6794114dd270eb42c37c.js (2)
[27571:735254:1008/232840.430569:INFO:CONSOLE:2] "버튼 43: [object Object]", source: https://feblog.pstatic.net/real/pc/2025.10.01/js/vendor.6794114dd270eb42c37c.js (2)
[27571:735254:1008/232840.430630:INFO:CONSOLE:2] "버튼 45: [object Object]", source: https://feblog.pstatic.net/real/pc/2025.10.01/js/vendor.6794114dd270eb42c37c.js (2)
[27571:735254:1008/232840.430698:INFO:CONSOLE:2] "버튼 47: [object Object]", source: https://feblog.pstatic.net/real/pc/2025.10.01/js/vendor.6794114dd270eb42c37c.js (2)
[27571:735254:1008/232840.430761:INFO:CONSOLE:2] "버튼 51: [object Object]", source: https://feblog.pstatic.net/real/pc/2025.10.01/js/vendor.6794114dd270eb42c37c.js (2)
[27571:735254:1008/232840.430846:INFO:CONSOLE:2] "버튼 55: [object Object]", source: https://feblog.pstatic.net/real/pc/2025.10.01/js/vendor.6794114dd270eb42c37c.js (2)
[27571:735254:1008/232840.430917:INFO:CONSOLE:2] "버튼 59: [object Object]", source: https://feblog.pstatic.net/real/pc/2025.10.01/js/vendor.6794114dd270eb42c37c.js (2)
[27571:735254:1008/232840.431031:INFO:CONSOLE:2] "버튼 60: [object Object]", source: https://feblog.pstatic.net/real/pc/2025.10.01/js/vendor.6794114dd270eb42c37c.js (2)
[27571:735254:1008/232840.431167:INFO:CONSOLE:2] "버튼 63: [object Object]", source: https://feblog.pstatic.net/real/pc/2025.10.01/js/vendor.6794114dd270eb42c37c.js (2)
[27571:735254:1008/232840.431190:INFO:CONSOLE:2] "버튼 64: [object Object]", source: https://feblog.pstatic.net/real/pc/2025.10.01/js/vendor.6794114dd270eb42c37c.js (2)
[27571:735254:1008/232840.431204:INFO:CONSOLE:2] "버튼 67: [object Object]", source: https://feblog.pstatic.net/real/pc/2025.10.01/js/vendor.6794114dd270eb42c37c.js (2)
[27571:735254:1008/232840.431262:INFO:CONSOLE:2] "버튼 68: [object Object]", source: https://feblog.pstatic.net/real/pc/2025.10.01/js/vendor.6794114dd270eb42c37c.js (2)
[27571:735254:1008/232840.431306:INFO:CONSOLE:2] "버튼 71: [object Object]", source: https://feblog.pstatic.net/real/pc/2025.10.01/js/vendor.6794114dd270eb42c37c.js (2)
[27571:735254:1008/232840.431501:INFO:CONSOLE:2] "버튼 72: [object Object]", source: https://feblog.pstatic.net/real/pc/2025.10.01/js/vendor.6794114dd270eb42c37c.js (2)
[27571:735254:1008/232840.431679:INFO:CONSOLE:2] "버튼 75: [object Object]", source: https://feblog.pstatic.net/real/pc/2025.10.01/js/vendor.6794114dd270eb42c37c.js (2)
[27571:735254:1008/232840.431701:INFO:CONSOLE:2] "버튼 95: [object Object]", source: https://feblog.pstatic.net/real/pc/2025.10.01/js/vendor.6794114dd270eb42c37c.js (2)
[27571:735254:1008/232840.431722:INFO:CONSOLE:2] "버튼 96: [object Object]", source: https://feblog.pstatic.net/real/pc/2025.10.01/js/vendor.6794114dd270eb42c37c.js (2)
[27571:735254:1008/232840.431736:INFO:CONSOLE:2] "버튼 97: [object Object]", source: https://feblog.pstatic.net/real/pc/2025.10.01/js/vendor.6794114dd270eb42c37c.js (2)
[27571:735254:1008/232840.431860:INFO:CONSOLE:2] "버튼 98: [object Object]", source: https://feblog.pstatic.net/real/pc/2025.10.01/js/vendor.6794114dd270eb42c37c.js (2)
[27571:735254:1008/232840.431892:INFO:CONSOLE:2] "버튼 99: [object Object]", source: https://feblog.pstatic.net/real/pc/2025.10.01/js/vendor.6794114dd270eb42c37c.js (2)
[27571:735254:1008/232840.431916:INFO:CONSOLE:2] "버튼 100: [object Object]", source: https://feblog.pstatic.net/real/pc/2025.10.01/js/vendor.6794114dd270eb42c37c.js (2)
[27571:735254:1008/232840.431991:INFO:CONSOLE:2] "버튼 101: [object Object]", source: https://feblog.pstatic.net/real/pc/2025.10.01/js/vendor.6794114dd270eb42c37c.js (2)
[27571:735254:1008/232840.432027:INFO:CONSOLE:2] "버튼 102: [object Object]", source: https://feblog.pstatic.net/real/pc/2025.10.01/js/vendor.6794114dd270eb42c37c.js (2)
[27571:735254:1008/232840.432125:INFO:CONSOLE:2] "버튼 103: [object Object]", source: https://feblog.pstatic.net/real/pc/2025.10.01/js/vendor.6794114dd270eb42c37c.js (2)
[27571:735254:1008/232840.432173:INFO:CONSOLE:2] "버튼 104: [object Object]", source: https://feblog.pstatic.net/real/pc/2025.10.01/js/vendor.6794114dd270eb42c37c.js (2)
[27571:735254:1008/232840.432356:INFO:CONSOLE:2] "버튼 105: [object Object]", source: https://feblog.pstatic.net/real/pc/2025.10.01/js/vendor.6794114dd270eb42c37c.js (2)
[27571:735254:1008/232840.432465:INFO:CONSOLE:2] "버튼 106: [object Object]", source: https://feblog.pstatic.net/real/pc/2025.10.01/js/vendor.6794114dd270eb42c37c.js (2)
[27571:735254:1008/232840.432574:INFO:CONSOLE:2] "버튼 107: [object Object]", source: https://feblog.pstatic.net/real/pc/2025.10.01/js/vendor.6794114dd270eb42c37c.js (2)
[27571:735254:1008/232840.432663:INFO:CONSOLE:2] "버튼 108: [object Object]", source: https://feblog.pstatic.net/real/pc/2025.10.01/js/vendor.6794114dd270eb42c37c.js (2)
[27571:735254:1008/232840.432755:INFO:CONSOLE:2] "버튼 109: [object Object]", source: https://feblog.pstatic.net/real/pc/2025.10.01/js/vendor.6794114dd270eb42c37c.js (2)
[27571:735254:1008/232840.432799:INFO:CONSOLE:2] "버튼 110: [object Object]", source: https://feblog.pstatic.net/real/pc/2025.10.01/js/vendor.6794114dd270eb42c37c.js (2)
[27571:735254:1008/232840.432874:INFO:CONSOLE:2] "버튼 111: [object Object]", source: https://feblog.pstatic.net/real/pc/2025.10.01/js/vendor.6794114dd270eb42c37c.js (2)
[27571:735254:1008/232840.432943:INFO:CONSOLE:2] "버튼 112: [object Object]", source: https://feblog.pstatic.net/real/pc/2025.10.01/js/vendor.6794114dd270eb42c37c.js (2)
[27571:735254:1008/232840.432980:INFO:CONSOLE:2] "버튼 113: [object Object]", source: https://feblog.pstatic.net/real/pc/2025.10.01/js/vendor.6794114dd270eb42c37c.js (2)
[27571:735254:1008/232840.433045:INFO:CONSOLE:2] "버튼 114: [object Object]", source: https://feblog.pstatic.net/real/pc/2025.10.01/js/vendor.6794114dd270eb42c37c.js (2)
[27571:735254:1008/232840.433100:INFO:CONSOLE:2] "버튼 115: [object Object]", source: https://feblog.pstatic.net/real/pc/2025.10.01/js/vendor.6794114dd270eb42c37c.js (2)
[27571:735254:1008/232840.433163:INFO:CONSOLE:2] "버튼 116: [object Object]", source: https://feblog.pstatic.net/real/pc/2025.10.01/js/vendor.6794114dd270eb42c37c.js (2)
[27571:735254:1008/232840.433215:INFO:CONSOLE:2] "버튼 117: [object Object]", source: https://feblog.pstatic.net/real/pc/2025.10.01/js/vendor.6794114dd270eb42c37c.js (2)
[27571:735254:1008/232840.433277:INFO:CONSOLE:2] "버튼 118: [object Object]", source: https://feblog.pstatic.net/real/pc/2025.10.01/js/vendor.6794114dd270eb42c37c.js (2)
[27571:735254:1008/232840.433336:INFO:CONSOLE:2] "버튼 119: [object Object]", source: https://feblog.pstatic.net/real/pc/2025.10.01/js/vendor.6794114dd270eb42c37c.js (2)
[27571:735254:1008/232840.433412:INFO:CONSOLE:2] "버튼 120: [object Object]", source: https://feblog.pstatic.net/real/pc/2025.10.01/js/vendor.6794114dd270eb42c37c.js (2)
[27571:735254:1008/232840.433471:INFO:CONSOLE:2] "1단계: 정확한 선택자로 시도...", source: https://feblog.pstatic.net/real/pc/2025.10.01/js/vendor.6794114dd270eb42c37c.js (2)
[27571:735254:1008/232840.433536:INFO:CONSOLE:2] "✅ 정확한 선택자로 확인 버튼 클릭: button.se-popup-button-confirm", source: https://feblog.pstatic.net/real/pc/2025.10.01/js/vendor.6794114dd270eb42c37c.js (2)
[27571:735254:1008/232842.704991:INFO:CONSOLE:2] "키보드 입력 차단 해제 완료", source: https://feblog.pstatic.net/real/pc/2025.10.01/js/vendor.6794114dd270eb42c37c.js (2)
[27571:735254:1008/232843.838192:INFO:CONSOLE:2] "Google Maps JavaScript API has been loaded directly without loading=async. This can result in suboptimal performance. For best-practice loading patterns please see https://goo.gle/js-api-loading", source: https://feblog.pstatic.net/real/pc/2025.10.01/js/vendor.6794114dd270eb42c37c.js (2)
[27571:735254:1008/232850.708522:INFO:CONSOLE:2] "추가 버튼 발견, 5번 클릭 시도 시작...", source: https://feblog.pstatic.net/real/pc/2025.10.01/js/vendor.6794114dd270eb42c37c.js (2)
[27571:735254:1008/232850.708834:INFO:CONSOLE:2] "1번째 클릭 시도...", source: https://feblog.pstatic.net/real/pc/2025.10.01/js/vendor.6794114dd270eb42c37c.js (2)
[27571:735254:1008/232851.710420:INFO:CONSOLE:2] "2번째 클릭 시도...", source: https://feblog.pstatic.net/real/pc/2025.10.01/js/vendor.6794114dd270eb42c37c.js (2)
[27571:735254:1008/232852.710149:INFO:CONSOLE:2] "3번째 클릭 시도...", source: https://feblog.pstatic.net/real/pc/2025.10.01/js/vendor.6794114dd270eb42c37c.js (2)
[27571:735254:1008/232853.711294:INFO:CONSOLE:2] "4번째 클릭 시도...", source: https://feblog.pstatic.net/real/pc/2025.10.01/js/vendor.6794114dd270eb42c37c.js (2)
[27571:735254:1008/232854.710247:INFO:CONSOLE:2] "5번째 클릭 시도...", source: https://feblog.pstatic.net/real/pc/2025.10.01/js/vendor.6794114dd270eb42c37c.js (2)
[27571:735254:1008/232855.726802:INFO:CONSOLE:2] "정확한 선택자로 확인 버튼 발견", source: https://feblog.pstatic.net/real/pc/2025.10.01/js/vendor.6794114dd270eb42c37c.js (2)
[27571:735254:1008/232945.731734:INFO:CONSOLE:2] "=== 최종 발행 버튼 찾기 시작 ===", source: https://feblog.pstatic.net/real/pc/2025.10.01/js/vendor.6794114dd270eb42c37c.js (2)
[27571:735254:1008/232945.732108:INFO:CONSOLE:2] "🎯 data-testid로 발행 버튼 찾기...", source: https://feblog.pstatic.net/real/pc/2025.10.01/js/vendor.6794114dd270eb42c37c.js (2)
[27571:735254:1008/232945.732154:INFO:CONSOLE:2] "🎯 confirm_btn 클래스로 발행 버튼 찾기...", source: https://feblog.pstatic.net/real/pc/2025.10.01/js/vendor.6794114dd270eb42c37c.js (2)
[27571:735254:1008/232945.732325:INFO:CONSOLE:2] "✅ confirm_btn으로 발행 버튼 발견: [object Object]", source: https://feblog.pstatic.net/real/pc/2025.10.01/js/vendor.6794114dd270eb42c37c.js (2)
[27571:735254:1008/232945.759158:INFO:CONSOLE:2] "✅ confirm_btn 발행 버튼 클릭 완료", source: https://feblog.pstatic.net/real/pc/2025.10.01/js/vendor.6794114dd270eb42c37c.js (2)
[27571:735254:1008/232947.107534:INFO:CONSOLE:275] "Google Maps JavaScript API has been loaded directly without loading=async. This can result in suboptimal performance. For best-practice loading patterns please see https://goo.gle/js-api-loading", source: https://maps.google.co.kr/maps/api/js?v=3&client=gme-nhncorp&language=ko&channel=naver_blog (275)
[27585:735389:1009/070018.963354:WARNING:net/spdy/spdy_session.cc:3071] Received HEADERS for invalid stream 3
[27571:735254:1009/070019.159105:INFO:CONSOLE:0] "[DOM] Input elements should have autocomplete attributes (suggested: "current-password"): (More info: https://goo.gl/9p2vKq) %o", source: https://nid.naver.com/nidlogin.login?mode=form&url=https%3A%2F%2Fblog.naver.com%2Fgm2hapkido%3FRedirect=Write%26categoryNo= (0)
[27571:735254:1009/070019.372357:INFO:CONSOLE:2] "Error", source: https://wtm.pstatic.net/f42d54e/54ca873547d7da4dfa43.js (2)
[27571:735254:1009/071835.536864:INFO:CONSOLE:0] "[DOM] Input elements should have autocomplete attributes (suggested: "current-password"): (More info: https://goo.gl/9p2vKq) %o", source: https://nid.naver.com/nidlogin.login?mode=form&url=https%3A%2F%2Fblog.naver.com%2Fgm2hapkido%3FRedirect=Write%26categoryNo= (0)
[27571:735254:1009/071835.710852:INFO:CONSOLE:2] "Error", source: https://wtm.pstatic.net/f42d54e/54ca873547d7da4dfa43.js (2)
[27571:735254:1009/074246.652835:INFO:CONSOLE:0] "[DOM] Input elements should have autocomplete attributes (suggested: "current-password"): (More info: https://goo.gl/9p2vKq) %o", source: https://nid.naver.com/nidlogin.login?mode=form&url=https%3A%2F%2Fblog.naver.com%2Fgm2hapkido%3FRedirect=Write%26categoryNo= (0)
[27571:735254:1009/074246.810662:INFO:CONSOLE:2] "Error", source: https://wtm.pstatic.net/f42d54e/54ca873547d7da4dfa43.js (2)
[27571:735254:1009/080456.398155:INFO:CONSOLE:0] "[DOM] Input elements should have autocomplete attributes (suggested: "current-password"): (More info: https://goo.gl/9p2vKq) %o", source: https://nid.naver.com/nidlogin.login?mode=form&url=https%3A%2F%2Fblog.naver.com%2Fgm2hapkido%3FRedirect=Write%26categoryNo= (0)
[27571:735254:1009/080456.542441:INFO:CONSOLE:2] "Error", source: https://wtm.pstatic.net/f42d54e/54ca873547d7da4dfa43.js (2)
[27571:735254:1009/082001.719274:INFO:CONSOLE:0] "[DOM] Input elements should have autocomplete attributes (suggested: "current-password"): (More info: https://goo.gl/9p2vKq) %o", source: https://nid.naver.com/nidlogin.login (0)
[27571:735254:1009/082001.800162:INFO:CONSOLE:2] "Error", source: https://wtm.pstatic.net/f42d54e/54ca873547d7da4dfa43.js (2)
[27571:735254:1009/082027.734042:INFO:CONSOLE:2] "클립보드 읽기 권한 상태: granted", source: https://feblog.pstatic.net/real/pc/2025.10.01/js/vendor.6794114dd270eb42c37c.js (2)
[27571:735254:1009/082031.896569:INFO:CONSOLE:2] "클립보드 읽기 권한 상태: granted", source: https://feblog.pstatic.net/real/pc/2025.10.01/js/vendor.6794114dd270eb42c37c.js (2)
[27571:735254:1009/082035.577689:INFO:CONSOLE:2] "클립보드 읽기 권한 상태: granted", source: https://feblog.pstatic.net/real/pc/2025.10.01/js/vendor.6794114dd270eb42c37c.js (2)
[27571:735254:1009/082039.019713:INFO:CONSOLE:2] "클립보드 읽기 권한 상태: granted", source: https://feblog.pstatic.net/real/pc/2025.10.01/js/vendor.6794114dd270eb42c37c.js (2)
[27571:735254:1009/082040.970068:INFO:CONSOLE:2] "클립보드 읽기 권한 상태: granted", source: https://feblog.pstatic.net/real/pc/2025.10.01/js/vendor.6794114dd270eb42c37c.js (2)
[27571:735254:1009/082042.957427:INFO:CONSOLE:2] "클립보드 읽기 권한 상태: granted", source: https://feblog.pstatic.net/real/pc/2025.10.01/js/vendor.6794114dd270eb42c37c.js (2)
[27571:735254:1009/082043.487299:INFO:CONSOLE:1] "File chooser dialog can only be shown with a user activation.", source: https://editor-static.pstatic.net/e/basic.desktop/1.69.0/se-editor.js?t=1755855480440 (1)
[27571:735254:1009/082044.922982:INFO:CONSOLE:2] "클립보드 읽기 권한 상태: granted", source: https://feblog.pstatic.net/real/pc/2025.10.01/js/vendor.6794114dd270eb42c37c.js (2)
[27571:735254:1009/082045.444159:INFO:CONSOLE:1] "File chooser dialog can only be shown with a user activation.", source: https://editor-static.pstatic.net/e/basic.desktop/1.69.0/se-editor.js?t=1755855480440 (1)
[27571:735254:1009/082046.851774:INFO:CONSOLE:2] "클립보드 읽기 권한 상태: granted", source: https://feblog.pstatic.net/real/pc/2025.10.01/js/vendor.6794114dd270eb42c37c.js (2)
[27571:735254:1009/082047.377251:INFO:CONSOLE:1] "File chooser dialog can only be shown with a user activation.", source: https://editor-static.pstatic.net/e/basic.desktop/1.69.0/se-editor.js?t=1755855480440 (1)
[27571:735254:1009/082057.800877:INFO:CONSOLE:2] "키보드 입력 차단 및 포커스 정리 완료", source: https://feblog.pstatic.net/real/pc/2025.10.01/js/vendor.6794114dd270eb42c37c.js (2)
[27571:735254:1009/082102.889223:INFO:CONSOLE:2] "=== 최강화된 확인 버튼 찾기 시작 ===", source: https://feblog.pstatic.net/real/pc/2025.10.01/js/vendor.6794114dd270eb42c37c.js (2)
[27571:735254:1009/082102.889410:INFO:CONSOLE:2] "현재 페이지의 모든 버튼 상황:", source: https://feblog.pstatic.net/real/pc/2025.10.01/js/vendor.6794114dd270eb42c37c.js (2)
[27571:735254:1009/082102.889936:INFO:CONSOLE:2] "버튼 1: [object Object]", source: https://feblog.pstatic.net/real/pc/2025.10.01/js/vendor.6794114dd270eb42c37c.js (2)
[27571:735254:1009/082102.890199:INFO:CONSOLE:2] "버튼 2: [object Object]", source: https://feblog.pstatic.net/real/pc/2025.10.01/js/vendor.6794114dd270eb42c37c.js (2)
[27571:735254:1009/082102.890358:INFO:CONSOLE:2] "버튼 3: [object Object]", source: https://feblog.pstatic.net/real/pc/2025.10.01/js/vendor.6794114dd270eb42c37c.js (2)
[27571:735254:1009/082102.890472:INFO:CONSOLE:2] "버튼 4: [object Object]", source: https://feblog.pstatic.net/real/pc/2025.10.01/js/vendor.6794114dd270eb42c37c.js (2)
[27571:735254:1009/082102.890617:INFO:CONSOLE:2] "버튼 5: [object Object]", source: https://feblog.pstatic.net/real/pc/2025.10.01/js/vendor.6794114dd270eb42c37c.js (2)
[27571:735254:1009/082102.890742:INFO:CONSOLE:2] "버튼 6: [object Object]", source: https://feblog.pstatic.net/real/pc/2025.10.01/js/vendor.6794114dd270eb42c37c.js (2)
[27571:735254:1009/082102.890916:INFO:CONSOLE:2] "버튼 7: [object Object]", source: https://feblog.pstatic.net/real/pc/2025.10.01/js/vendor.6794114dd270eb42c37c.js (2)
[27571:735254:1009/082102.891083:INFO:CONSOLE:2] "버튼 8: [object Object]", source: https://feblog.pstatic.net/real/pc/2025.10.01/js/vendor.6794114dd270eb42c37c.js (2)
[27571:735254:1009/082102.891285:INFO:CONSOLE:2] "버튼 9: [object Object]", source: https://feblog.pstatic.net/real/pc/2025.10.01/js/vendor.6794114dd270eb42c37c.js (2)
[27571:735254:1009/082102.891444:INFO:CONSOLE:2] "버튼 10: [object Object]", source: https://feblog.pstatic.net/real/pc/2025.10.01/js/vendor.6794114dd270eb42c37c.js (2)
[27571:735254:1009/082102.891630:INFO:CONSOLE:2] "버튼 11: [object Object]", source: https://feblog.pstatic.net/real/pc/2025.10.01/js/vendor.6794114dd270eb42c37c.js (2)
[27571:735254:1009/082102.891763:INFO:CONSOLE:2] "버튼 12: [object Object]", source: https://feblog.pstatic.net/real/pc/2025.10.01/js/vendor.6794114dd270eb42c37c.js (2)
[27571:735254:1009/082102.891857:INFO:CONSOLE:2] "버튼 13: [object Object]", source: https://feblog.pstatic.net/real/pc/2025.10.01/js/vendor.6794114dd270eb42c37c.js (2)
[27571:735254:1009/082102.892003:INFO:CONSOLE:2] "버튼 14: [object Object]", source: https://feblog.pstatic.net/real/pc/2025.10.01/js/vendor.6794114dd270eb42c37c.js (2)
[27571:735254:1009/082102.892260:INFO:CONSOLE:2] "버튼 15: [object Object]", source: https://feblog.pstatic.net/real/pc/2025.10.01/js/vendor.6794114dd270eb42c37c.js (2)
[27571:735254:1009/082102.892492:INFO:CONSOLE:2] "버튼 16: [object Object]", source: https://feblog.pstatic.net/real/pc/2025.10.01/js/vendor.6794114dd270eb42c37c.js (2)
[27571:735254:1009/082102.892531:INFO:CONSOLE:2] "버튼 17: [object Object]", source: https://feblog.pstatic.net/real/pc/2025.10.01/js/vendor.6794114dd270eb42c37c.js (2)
[27571:735254:1009/082102.892550:INFO:CONSOLE:2] "버튼 18: [object Object]", source: https://feblog.pstatic.net/real/pc/2025.10.01/js/vendor.6794114dd270eb42c37c.js (2)
[27571:735254:1009/082102.892573:INFO:CONSOLE:2] "버튼 19: [object Object]", source: https://feblog.pstatic.net/real/pc/2025.10.01/js/vendor.6794114dd270eb42c37c.js (2)
[27571:735254:1009/082102.892673:INFO:CONSOLE:2] "버튼 20: [object Object]", source: https://feblog.pstatic.net/real/pc/2025.10.01/js/vendor.6794114dd270eb42c37c.js (2)
[27571:735254:1009/082102.892782:INFO:CONSOLE:2] "버튼 21: [object Object]", source: https://feblog.pstatic.net/real/pc/2025.10.01/js/vendor.6794114dd270eb42c37c.js (2)
[27571:735254:1009/082102.892882:INFO:CONSOLE:2] "버튼 22: [object Object]", source: https://feblog.pstatic.net/real/pc/2025.10.01/js/vendor.6794114dd270eb42c37c.js (2)
[27571:735254:1009/082102.892976:INFO:CONSOLE:2] "버튼 23: [object Object]", source: https://feblog.pstatic.net/real/pc/2025.10.01/js/vendor.6794114dd270eb42c37c.js (2)
[27571:735254:1009/082102.893076:INFO:CONSOLE:2] "버튼 24: [object Object]", source: https://feblog.pstatic.net/real/pc/2025.10.01/js/vendor.6794114dd270eb42c37c.js (2)
[27571:735254:1009/082102.893172:INFO:CONSOLE:2] "버튼 25: [object Object]", source: https://feblog.pstatic.net/real/pc/2025.10.01/js/vendor.6794114dd270eb42c37c.js (2)
[27571:735254:1009/082102.893272:INFO:CONSOLE:2] "버튼 26: [object Object]", source: https://feblog.pstatic.net/real/pc/2025.10.01/js/vendor.6794114dd270eb42c37c.js (2)
[27571:735254:1009/082102.893379:INFO:CONSOLE:2] "버튼 27: [object Object]", source: https://feblog.pstatic.net/real/pc/2025.10.01/js/vendor.6794114dd270eb42c37c.js (2)
[27571:735254:1009/082102.893494:INFO:CONSOLE:2] "버튼 28: [object Object]", source: https://feblog.pstatic.net/real/pc/2025.10.01/js/vendor.6794114dd270eb42c37c.js (2)
[27571:735254:1009/082102.893592:INFO:CONSOLE:2] "버튼 29: [object Object]", source: https://feblog.pstatic.net/real/pc/2025.10.01/js/vendor.6794114dd270eb42c37c.js (2)
[27571:735254:1009/082102.893701:INFO:CONSOLE:2] "버튼 30: [object Object]", source: https://feblog.pstatic.net/real/pc/2025.10.01/js/vendor.6794114dd270eb42c37c.js (2)
[27571:735254:1009/082102.893790:INFO:CONSOLE:2] "버튼 31: [object Object]", source: https://feblog.pstatic.net/real/pc/2025.10.01/js/vendor.6794114dd270eb42c37c.js (2)
[27571:735254:1009/082102.893890:INFO:CONSOLE:2] "버튼 32: [object Object]", source: https://feblog.pstatic.net/real/pc/2025.10.01/js/vendor.6794114dd270eb42c37c.js (2)
[27571:735254:1009/082102.893987:INFO:CONSOLE:2] "버튼 33: [object Object]", source: https://feblog.pstatic.net/real/pc/2025.10.01/js/vendor.6794114dd270eb42c37c.js (2)
[27571:735254:1009/082102.894201:INFO:CONSOLE:2] "버튼 34: [object Object]", source: https://feblog.pstatic.net/real/pc/2025.10.01/js/vendor.6794114dd270eb42c37c.js (2)
[27571:735254:1009/082102.894502:INFO:CONSOLE:2] "버튼 35: [object Object]", source: https://feblog.pstatic.net/real/pc/2025.10.01/js/vendor.6794114dd270eb42c37c.js (2)
[27571:735254:1009/082102.894661:INFO:CONSOLE:2] "버튼 36: [object Object]", source: https://feblog.pstatic.net/real/pc/2025.10.01/js/vendor.6794114dd270eb42c37c.js (2)
[27571:735254:1009/082102.894752:INFO:CONSOLE:2] "버튼 37: [object Object]", source: https://feblog.pstatic.net/real/pc/2025.10.01/js/vendor.6794114dd270eb42c37c.js (2)
[27571:735254:1009/082102.894852:INFO:CONSOLE:2] "버튼 38: [object Object]", source: https://feblog.pstatic.net/real/pc/2025.10.01/js/vendor.6794114dd270eb42c37c.js (2)
[27571:735254:1009/082102.894985:INFO:CONSOLE:2] "버튼 39: [object Object]", source: https://feblog.pstatic.net/real/pc/2025.10.01/js/vendor.6794114dd270eb42c37c.js (2)
[27571:735254:1009/082102.895071:INFO:CONSOLE:2] "버튼 40: [object Object]", source: https://feblog.pstatic.net/real/pc/2025.10.01/js/vendor.6794114dd270eb42c37c.js (2)
[27571:735254:1009/082102.895159:INFO:CONSOLE:2] "버튼 41: [object Object]", source: https://feblog.pstatic.net/real/pc/2025.10.01/js/vendor.6794114dd270eb42c37c.js (2)
[27571:735254:1009/082102.895274:INFO:CONSOLE:2] "버튼 42: [object Object]", source: https://feblog.pstatic.net/real/pc/2025.10.01/js/vendor.6794114dd270eb42c37c.js (2)
[27571:735254:1009/082102.895364:INFO:CONSOLE:2] "버튼 43: [object Object]", source: https://feblog.pstatic.net/real/pc/2025.10.01/js/vendor.6794114dd270eb42c37c.js (2)
[27571:735254:1009/082102.895456:INFO:CONSOLE:2] "버튼 45: [object Object]", source: https://feblog.pstatic.net/real/pc/2025.10.01/js/vendor.6794114dd270eb42c37c.js (2)
[27571:735254:1009/082102.895550:INFO:CONSOLE:2] "버튼 47: [object Object]", source: https://feblog.pstatic.net/real/pc/2025.10.01/js/vendor.6794114dd270eb42c37c.js (2)
[27571:735254:1009/082102.895636:INFO:CONSOLE:2] "버튼 51: [object Object]", source: https://feblog.pstatic.net/real/pc/2025.10.01/js/vendor.6794114dd270eb42c37c.js (2)
[27571:735254:1009/082102.895717:INFO:CONSOLE:2] "버튼 55: [object Object]", source: https://feblog.pstatic.net/real/pc/2025.10.01/js/vendor.6794114dd270eb42c37c.js (2)
[27571:735254:1009/082102.895878:INFO:CONSOLE:2] "버튼 59: [object Object]", source: https://feblog.pstatic.net/real/pc/2025.10.01/js/vendor.6794114dd270eb42c37c.js (2)
[27571:735254:1009/082102.895951:INFO:CONSOLE:2] "버튼 60: [object Object]", source: https://feblog.pstatic.net/real/pc/2025.10.01/js/vendor.6794114dd270eb42c37c.js (2)
[27571:735254:1009/082102.896041:INFO:CONSOLE:2] "버튼 63: [object Object]", source: https://feblog.pstatic.net/real/pc/2025.10.01/js/vendor.6794114dd270eb42c37c.js (2)
[27571:735254:1009/082102.896111:INFO:CONSOLE:2] "버튼 64: [object Object]", source: https://feblog.pstatic.net/real/pc/2025.10.01/js/vendor.6794114dd270eb42c37c.js (2)
[27571:735254:1009/082102.896185:INFO:CONSOLE:2] "버튼 67: [object Object]", source: https://feblog.pstatic.net/real/pc/2025.10.01/js/vendor.6794114dd270eb42c37c.js (2)
[27571:735254:1009/082102.896297:INFO:CONSOLE:2] "버튼 68: [object Object]", source: https://feblog.pstatic.net/real/pc/2025.10.01/js/vendor.6794114dd270eb42c37c.js (2)
[27571:735254:1009/082102.896389:INFO:CONSOLE:2] "버튼 71: [object Object]", source: https://feblog.pstatic.net/real/pc/2025.10.01/js/vendor.6794114dd270eb42c37c.js (2)
[27571:735254:1009/082102.896448:INFO:CONSOLE:2] "버튼 72: [object Object]", source: https://feblog.pstatic.net/real/pc/2025.10.01/js/vendor.6794114dd270eb42c37c.js (2)
[27571:735254:1009/082102.896539:INFO:CONSOLE:2] "버튼 75: [object Object]", source: https://feblog.pstatic.net/real/pc/2025.10.01/js/vendor.6794114dd270eb42c37c.js (2)
[27571:735254:1009/082102.896641:INFO:CONSOLE:2] "버튼 95: [object Object]", source: https://feblog.pstatic.net/real/pc/2025.10.01/js/vendor.6794114dd270eb42c37c.js (2)
[27571:735254:1009/082102.896753:INFO:CONSOLE:2] "버튼 96: [object Object]", source: https://feblog.pstatic.net/real/pc/2025.10.01/js/vendor.6794114dd270eb42c37c.js (2)
[27571:735254:1009/082102.896827:INFO:CONSOLE:2] "버튼 97: [object Object]", source: https://feblog.pstatic.net/real/pc/2025.10.01/js/vendor.6794114dd270eb42c37c.js (2)
[27571:735254:1009/082102.896909:INFO:CONSOLE:2] "버튼 98: [object Object]", source: https://feblog.pstatic.net/real/pc/2025.10.01/js/vendor.6794114dd270eb42c37c.js (2)
[27571:735254:1009/082102.896995:INFO:CONSOLE:2] "버튼 99: [object Object]", source: https://feblog.pstatic.net/real/pc/2025.10.01/js/vendor.6794114dd270eb42c37c.js (2)
[27571:735254:1009/082102.897104:INFO:CONSOLE:2] "버튼 100: [object Object]", source: https://feblog.pstatic.net/real/pc/2025.10.01/js/vendor.6794114dd270eb42c37c.js (2)
[27571:735254:1009/082102.897174:INFO:CONSOLE:2] "버튼 101: [object Object]", source: https://feblog.pstatic.net/real/pc/2025.10.01/js/vendor.6794114dd270eb42c37c.js (2)
[27571:735254:1009/082102.897304:INFO:CONSOLE:2] "버튼 102: [object Object]", source: https://feblog.pstatic.net/real/pc/2025.10.01/js/vendor.6794114dd270eb42c37c.js (2)
[27571:735254:1009/082102.897363:INFO:CONSOLE:2] "버튼 103: [object Object]", source: https://feblog.pstatic.net/real/pc/2025.10.01/js/vendor.6794114dd270eb42c37c.js (2)
[27571:735254:1009/082102.897475:INFO:CONSOLE:2] "버튼 104: [object Object]", source: https://feblog.pstatic.net/real/pc/2025.10.01/js/vendor.6794114dd270eb42c37c.js (2)
[27571:735254:1009/082102.897511:INFO:CONSOLE:2] "버튼 105: [object Object]", source: https://feblog.pstatic.net/real/pc/2025.10.01/js/vendor.6794114dd270eb42c37c.js (2)
[27571:735254:1009/082102.897632:INFO:CONSOLE:2] "버튼 106: [object Object]", source: https://feblog.pstatic.net/real/pc/2025.10.01/js/vendor.6794114dd270eb42c37c.js (2)
[27571:735254:1009/082102.897729:INFO:CONSOLE:2] "버튼 107: [object Object]", source: https://feblog.pstatic.net/real/pc/2025.10.01/js/vendor.6794114dd270eb42c37c.js (2)
[27571:735254:1009/082102.897793:INFO:CONSOLE:2] "버튼 108: [object Object]", source: https://feblog.pstatic.net/real/pc/2025.10.01/js/vendor.6794114dd270eb42c37c.js (2)
[27571:735254:1009/082102.897880:INFO:CONSOLE:2] "버튼 109: [object Object]", source: https://feblog.pstatic.net/real/pc/2025.10.01/js/vendor.6794114dd270eb42c37c.js (2)
[27571:735254:1009/082102.897976:INFO:CONSOLE:2] "버튼 110: [object Object]", source: https://feblog.pstatic.net/real/pc/2025.10.01/js/vendor.6794114dd270eb42c37c.js (2)
[27571:735254:1009/082102.898080:INFO:CONSOLE:2] "버튼 111: [object Object]", source: https://feblog.pstatic.net/real/pc/2025.10.01/js/vendor.6794114dd270eb42c37c.js (2)
[27571:735254:1009/082102.898191:INFO:CONSOLE:2] "버튼 112: [object Object]", source: https://feblog.pstatic.net/real/pc/2025.10.01/js/vendor.6794114dd270eb42c37c.js (2)
[27571:735254:1009/082102.898258:INFO:CONSOLE:2] "버튼 113: [object Object]", source: https://feblog.pstatic.net/real/pc/2025.10.01/js/vendor.6794114dd270eb42c37c.js (2)
[27571:735254:1009/082102.898353:INFO:CONSOLE:2] "버튼 114: [object Object]", source: https://feblog.pstatic.net/real/pc/2025.10.01/js/vendor.6794114dd270eb42c37c.js (2)
[27571:735254:1009/082102.898429:INFO:CONSOLE:2] "버튼 115: [object Object]", source: https://feblog.pstatic.net/real/pc/2025.10.01/js/vendor.6794114dd270eb42c37c.js (2)
[27571:735254:1009/082102.898526:INFO:CONSOLE:2] "버튼 116: [object Object]", source: https://feblog.pstatic.net/real/pc/2025.10.01/js/vendor.6794114dd270eb42c37c.js (2)
[27571:735254:1009/082102.898646:INFO:CONSOLE:2] "버튼 117: [object Object]", source: https://feblog.pstatic.net/real/pc/2025.10.01/js/vendor.6794114dd270eb42c37c.js (2)
[27571:735254:1009/082102.898704:INFO:CONSOLE:2] "버튼 118: [object Object]", source: https://feblog.pstatic.net/real/pc/2025.10.01/js/vendor.6794114dd270eb42c37c.js (2)
[27571:735254:1009/082102.898786:INFO:CONSOLE:2] "버튼 119: [object Object]", source: https://feblog.pstatic.net/real/pc/2025.10.01/js/vendor.6794114dd270eb42c37c.js (2)
[27571:735254:1009/082102.898841:INFO:CONSOLE:2] "버튼 120: [object Object]", source: https://feblog.pstatic.net/real/pc/2025.10.01/js/vendor.6794114dd270eb42c37c.js (2)
[27571:735254:1009/082102.898983:INFO:CONSOLE:2] "1단계: 정확한 선택자로 시도...", source: https://feblog.pstatic.net/real/pc/2025.10.01/js/vendor.6794114dd270eb42c37c.js (2)
[27571:735254:1009/082102.899516:INFO:CONSOLE:2] "✅ 정확한 선택자로 확인 버튼 클릭: button.se-popup-button-confirm", source: https://feblog.pstatic.net/real/pc/2025.10.01/js/vendor.6794114dd270eb42c37c.js (2)
[27571:735254:1009/082105.184623:INFO:CONSOLE:2] "키보드 입력 차단 해제 완료", source: https://feblog.pstatic.net/real/pc/2025.10.01/js/vendor.6794114dd270eb42c37c.js (2)
[27571:735254:1009/082106.681963:INFO:CONSOLE:2] "Google Maps JavaScript API has been loaded directly without loading=async. This can result in suboptimal performance. For best-practice loading patterns please see https://goo.gle/js-api-loading", source: https://feblog.pstatic.net/real/pc/2025.10.01/js/vendor.6794114dd270eb42c37c.js (2)
[27571:735254:1009/082113.188514:INFO:CONSOLE:2] "추가 버튼 발견, 5번 클릭 시도 시작...", source: https://feblog.pstatic.net/real/pc/2025.10.01/js/vendor.6794114dd270eb42c37c.js (2)
[27571:735254:1009/082113.188791:INFO:CONSOLE:2] "1번째 클릭 시도...", source: https://feblog.pstatic.net/real/pc/2025.10.01/js/vendor.6794114dd270eb42c37c.js (2)
[27571:735254:1009/082114.190459:INFO:CONSOLE:2] "2번째 클릭 시도...", source: https://feblog.pstatic.net/real/pc/2025.10.01/js/vendor.6794114dd270eb42c37c.js (2)
[27571:735254:1009/082115.190513:INFO:CONSOLE:2] "3번째 클릭 시도...", source: https://feblog.pstatic.net/real/pc/2025.10.01/js/vendor.6794114dd270eb42c37c.js (2)
[27571:735254:1009/082116.190856:INFO:CONSOLE:2] "4번째 클릭 시도...", source: https://feblog.pstatic.net/real/pc/2025.10.01/js/vendor.6794114dd270eb42c37c.js (2)
[27571:735254:1009/082117.191276:INFO:CONSOLE:2] "5번째 클릭 시도...", source: https://feblog.pstatic.net/real/pc/2025.10.01/js/vendor.6794114dd270eb42c37c.js (2)
[27571:735254:1009/082118.207529:INFO:CONSOLE:2] "정확한 선택자로 확인 버튼 발견", source: https://feblog.pstatic.net/real/pc/2025.10.01/js/vendor.6794114dd270eb42c37c.js (2)
[27571:735254:1009/082208.416002:INFO:CONSOLE:2] "=== 최종 발행 버튼 찾기 시작 ===", source: https://feblog.pstatic.net/real/pc/2025.10.01/js/vendor.6794114dd270eb42c37c.js (2)
[27571:735254:1009/082208.416309:INFO:CONSOLE:2] "🎯 data-testid로 발행 버튼 찾기...", source: https://feblog.pstatic.net/real/pc/2025.10.01/js/vendor.6794114dd270eb42c37c.js (2)
[27571:735254:1009/082208.416387:INFO:CONSOLE:2] "🎯 confirm_btn 클래스로 발행 버튼 찾기...", source: https://feblog.pstatic.net/real/pc/2025.10.01/js/vendor.6794114dd270eb42c37c.js (2)
[27571:735254:1009/082208.416436:INFO:CONSOLE:2] "✅ confirm_btn으로 발행 버튼 발견: [object Object]", source: https://feblog.pstatic.net/real/pc/2025.10.01/js/vendor.6794114dd270eb42c37c.js (2)
[27571:735254:1009/082208.440859:INFO:CONSOLE:2] "✅ confirm_btn 발행 버튼 클릭 완료", source: https://feblog.pstatic.net/real/pc/2025.10.01/js/vendor.6794114dd270eb42c37c.js (2)
[27571:735254:1009/082210.057045:INFO:CONSOLE:275] "Google Maps JavaScript API has been loaded directly without loading=async. This can result in suboptimal performance. For best-practice loading patterns please see https://goo.gle/js-api-loading", source: https://maps.google.co.kr/maps/api/js?v=3&client=gme-nhncorp&language=ko&channel=naver_blog (275)
[27571:735254:1009/084728.169855:INFO:CONSOLE:2] "클립보드 읽기 권한 상태: granted", source: https://feblog.pstatic.net/real/pc/2025.10.01/js/vendor.6794114dd270eb42c37c.js (2)
[27571:735254:1009/084732.086018:INFO:CONSOLE:2] "클립보드 읽기 권한 상태: granted", source: https://feblog.pstatic.net/real/pc/2025.10.01/js/vendor.6794114dd270eb42c37c.js (2)
[27571:735254:1009/084735.500226:INFO:CONSOLE:2] "클립보드 읽기 권한 상태: granted", source: https://feblog.pstatic.net/real/pc/2025.10.01/js/vendor.6794114dd270eb42c37c.js (2)
[27571:735254:1009/084738.836313:INFO:CONSOLE:2] "클립보드 읽기 권한 상태: granted", source: https://feblog.pstatic.net/real/pc/2025.10.01/js/vendor.6794114dd270eb42c37c.js (2)
[27571:735254:1009/084741.511103:INFO:CONSOLE:2] "클립보드 읽기 권한 상태: granted", source: https://feblog.pstatic.net/real/pc/2025.10.01/js/vendor.6794114dd270eb42c37c.js (2)
[27571:735254:1009/084743.465272:INFO:CONSOLE:2] "클립보드 읽기 권한 상태: granted", source: https://feblog.pstatic.net/real/pc/2025.10.01/js/vendor.6794114dd270eb42c37c.js (2)
[27571:735254:1009/084745.460904:INFO:CONSOLE:2] "클립보드 읽기 권한 상태: granted", source: https://feblog.pstatic.net/real/pc/2025.10.01/js/vendor.6794114dd270eb42c37c.js (2)
[27571:735254:1009/084745.992179:INFO:CONSOLE:1] "File chooser dialog can only be shown with a user activation.", source: https://editor-static.pstatic.net/e/basic.desktop/1.69.0/se-editor.js?t=1755855480440 (1)
[27571:735254:1009/084747.435946:INFO:CONSOLE:2] "클립보드 읽기 권한 상태: granted", source: https://feblog.pstatic.net/real/pc/2025.10.01/js/vendor.6794114dd270eb42c37c.js (2)
[27571:735254:1009/084747.958930:INFO:CONSOLE:1] "File chooser dialog can only be shown with a user activation.", source: https://editor-static.pstatic.net/e/basic.desktop/1.69.0/se-editor.js?t=1755855480440 (1)
[27571:735254:1009/084749.430933:INFO:CONSOLE:2] "클립보드 읽기 권한 상태: granted", source: https://feblog.pstatic.net/real/pc/2025.10.01/js/vendor.6794114dd270eb42c37c.js (2)
[27571:735254:1009/084749.959601:INFO:CONSOLE:1] "File chooser dialog can only be shown with a user activation.", source: https://editor-static.pstatic.net/e/basic.desktop/1.69.0/se-editor.js?t=1755855480440 (1)
[27571:735254:1009/084751.410790:INFO:CONSOLE:2] "클립보드 읽기 권한 상태: granted", source: https://feblog.pstatic.net/real/pc/2025.10.01/js/vendor.6794114dd270eb42c37c.js (2)
[27571:735254:1009/084751.940369:INFO:CONSOLE:1] "File chooser dialog can only be shown with a user activation.", source: https://editor-static.pstatic.net/e/basic.desktop/1.69.0/se-editor.js?t=1755855480440 (1)
[27571:735254:1009/084753.375155:INFO:CONSOLE:2] "클립보드 읽기 권한 상태: granted", source: https://feblog.pstatic.net/real/pc/2025.10.01/js/vendor.6794114dd270eb42c37c.js (2)
[27571:735254:1009/084753.903706:INFO:CONSOLE:1] "File chooser dialog can only be shown with a user activation.", source: https://editor-static.pstatic.net/e/basic.desktop/1.69.0/se-editor.js?t=1755855480440 (1)
[27571:735254:1009/084755.381144:INFO:CONSOLE:2] "클립보드 읽기 권한 상태: granted", source: https://feblog.pstatic.net/real/pc/2025.10.01/js/vendor.6794114dd270eb42c37c.js (2)
[27571:735254:1009/084755.909807:INFO:CONSOLE:1] "File chooser dialog can only be shown with a user activation.", source: https://editor-static.pstatic.net/e/basic.desktop/1.69.0/se-editor.js?t=1755855480440 (1)
[27571:735254:1009/084806.286874:INFO:CONSOLE:2] "키보드 입력 차단 및 포커스 정리 완료", source: https://feblog.pstatic.net/real/pc/2025.10.01/js/vendor.6794114dd270eb42c37c.js (2)
[27571:735254:1009/084811.428210:INFO:CONSOLE:2] "=== 최강화된 확인 버튼 찾기 시작 ===", source: https://feblog.pstatic.net/real/pc/2025.10.01/js/vendor.6794114dd270eb42c37c.js (2)
[27571:735254:1009/084811.428396:INFO:CONSOLE:2] "현재 페이지의 모든 버튼 상황:", source: https://feblog.pstatic.net/real/pc/2025.10.01/js/vendor.6794114dd270eb42c37c.js (2)
[27571:735254:1009/084811.428848:INFO:CONSOLE:2] "버튼 1: [object Object]", source: https://feblog.pstatic.net/real/pc/2025.10.01/js/vendor.6794114dd270eb42c37c.js (2)
[27571:735254:1009/084811.429081:INFO:CONSOLE:2] "버튼 2: [object Object]", source: https://feblog.pstatic.net/real/pc/2025.10.01/js/vendor.6794114dd270eb42c37c.js (2)
[27571:735254:1009/084811.429250:INFO:CONSOLE:2] "버튼 3: [object Object]", source: https://feblog.pstatic.net/real/pc/2025.10.01/js/vendor.6794114dd270eb42c37c.js (2)
[27571:735254:1009/084811.429359:INFO:CONSOLE:2] "버튼 4: [object Object]", source: https://feblog.pstatic.net/real/pc/2025.10.01/js/vendor.6794114dd270eb42c37c.js (2)
[27571:735254:1009/084811.429482:INFO:CONSOLE:2] "버튼 5: [object Object]", source: https://feblog.pstatic.net/real/pc/2025.10.01/js/vendor.6794114dd270eb42c37c.js (2)
[27571:735254:1009/084811.429603:INFO:CONSOLE:2] "버튼 6: [object Object]", source: https://feblog.pstatic.net/real/pc/2025.10.01/js/vendor.6794114dd270eb42c37c.js (2)
[27571:735254:1009/084811.429730:INFO:CONSOLE:2] "버튼 7: [object Object]", source: https://feblog.pstatic.net/real/pc/2025.10.01/js/vendor.6794114dd270eb42c37c.js (2)
[27571:735254:1009/084811.429839:INFO:CONSOLE:2] "버튼 8: [object Object]", source: https://feblog.pstatic.net/real/pc/2025.10.01/js/vendor.6794114dd270eb42c37c.js (2)
[27571:735254:1009/084811.429983:INFO:CONSOLE:2] "버튼 9: [object Object]", source: https://feblog.pstatic.net/real/pc/2025.10.01/js/vendor.6794114dd270eb42c37c.js (2)
[27571:735254:1009/084811.430105:INFO:CONSOLE:2] "버튼 10: [object Object]", source: https://feblog.pstatic.net/real/pc/2025.10.01/js/vendor.6794114dd270eb42c37c.js (2)
[27571:735254:1009/084811.430220:INFO:CONSOLE:2] "버튼 11: [object Object]", source: https://feblog.pstatic.net/real/pc/2025.10.01/js/vendor.6794114dd270eb42c37c.js (2)
[27571:735254:1009/084811.430321:INFO:CONSOLE:2] "버튼 12: [object Object]", source: https://feblog.pstatic.net/real/pc/2025.10.01/js/vendor.6794114dd270eb42c37c.js (2)
[27571:735254:1009/084811.430437:INFO:CONSOLE:2] "버튼 13: [object Object]", source: https://feblog.pstatic.net/real/pc/2025.10.01/js/vendor.6794114dd270eb42c37c.js (2)
[27571:735254:1009/084811.430553:INFO:CONSOLE:2] "버튼 14: [object Object]", source: https://feblog.pstatic.net/real/pc/2025.10.01/js/vendor.6794114dd270eb42c37c.js (2)
[27571:735254:1009/084811.430655:INFO:CONSOLE:2] "버튼 15: [object Object]", source: https://feblog.pstatic.net/real/pc/2025.10.01/js/vendor.6794114dd270eb42c37c.js (2)
[27571:735254:1009/084811.430768:INFO:CONSOLE:2] "버튼 16: [object Object]", source: https://feblog.pstatic.net/real/pc/2025.10.01/js/vendor.6794114dd270eb42c37c.js (2)
[27571:735254:1009/084811.430894:INFO:CONSOLE:2] "버튼 17: [object Object]", source: https://feblog.pstatic.net/real/pc/2025.10.01/js/vendor.6794114dd270eb42c37c.js (2)
[27571:735254:1009/084811.431010:INFO:CONSOLE:2] "버튼 18: [object Object]", source: https://feblog.pstatic.net/real/pc/2025.10.01/js/vendor.6794114dd270eb42c37c.js (2)
[27571:735254:1009/084811.431116:INFO:CONSOLE:2] "버튼 19: [object Object]", source: https://feblog.pstatic.net/real/pc/2025.10.01/js/vendor.6794114dd270eb42c37c.js (2)
[27571:735254:1009/084811.431219:INFO:CONSOLE:2] "버튼 20: [object Object]", source: https://feblog.pstatic.net/real/pc/2025.10.01/js/vendor.6794114dd270eb42c37c.js (2)
[27571:735254:1009/084811.431326:INFO:CONSOLE:2] "버튼 21: [object Object]", source: https://feblog.pstatic.net/real/pc/2025.10.01/js/vendor.6794114dd270eb42c37c.js (2)
[27571:735254:1009/084811.431443:INFO:CONSOLE:2] "버튼 22: [object Object]", source: https://feblog.pstatic.net/real/pc/2025.10.01/js/vendor.6794114dd270eb42c37c.js (2)
[27571:735254:1009/084811.431555:INFO:CONSOLE:2] "버튼 23: [object Object]", source: https://feblog.pstatic.net/real/pc/2025.10.01/js/vendor.6794114dd270eb42c37c.js (2)
[27571:735254:1009/084811.431661:INFO:CONSOLE:2] "버튼 24: [object Object]", source: https://feblog.pstatic.net/real/pc/2025.10.01/js/vendor.6794114dd270eb42c37c.js (2)
[27571:735254:1009/084811.431783:INFO:CONSOLE:2] "버튼 25: [object Object]", source: https://feblog.pstatic.net/real/pc/2025.10.01/js/vendor.6794114dd270eb42c37c.js (2)
[27571:735254:1009/084811.431929:INFO:CONSOLE:2] "버튼 26: [object Object]", source: https://feblog.pstatic.net/real/pc/2025.10.01/js/vendor.6794114dd270eb42c37c.js (2)
[27571:735254:1009/084811.432037:INFO:CONSOLE:2] "버튼 27: [object Object]", source: https://feblog.pstatic.net/real/pc/2025.10.01/js/vendor.6794114dd270eb42c37c.js (2)
[27571:735254:1009/084811.432150:INFO:CONSOLE:2] "버튼 28: [object Object]", source: https://feblog.pstatic.net/real/pc/2025.10.01/js/vendor.6794114dd270eb42c37c.js (2)
[27571:735254:1009/084811.432261:INFO:CONSOLE:2] "버튼 29: [object Object]", source: https://feblog.pstatic.net/real/pc/2025.10.01/js/vendor.6794114dd270eb42c37c.js (2)
[27571:735254:1009/084811.432373:INFO:CONSOLE:2] "버튼 30: [object Object]", source: https://feblog.pstatic.net/real/pc/2025.10.01/js/vendor.6794114dd270eb42c37c.js (2)
[27571:735254:1009/084811.432492:INFO:CONSOLE:2] "버튼 31: [object Object]", source: https://feblog.pstatic.net/real/pc/2025.10.01/js/vendor.6794114dd270eb42c37c.js (2)
[27571:735254:1009/084811.432838:INFO:CONSOLE:2] "버튼 32: [object Object]", source: https://feblog.pstatic.net/real/pc/2025.10.01/js/vendor.6794114dd270eb42c37c.js (2)
[27571:735254:1009/084811.432968:INFO:CONSOLE:2] "버튼 33: [object Object]", source: https://feblog.pstatic.net/real/pc/2025.10.01/js/vendor.6794114dd270eb42c37c.js (2)
[27571:735254:1009/084811.433001:INFO:CONSOLE:2] "버튼 34: [object Object]", source: https://feblog.pstatic.net/real/pc/2025.10.01/js/vendor.6794114dd270eb42c37c.js (2)
[27571:735254:1009/084811.433121:INFO:CONSOLE:2] "버튼 35: [object Object]", source: https://feblog.pstatic.net/real/pc/2025.10.01/js/vendor.6794114dd270eb42c37c.js (2)
[27571:735254:1009/084811.433262:INFO:CONSOLE:2] "버튼 36: [object Object]", source: https://feblog.pstatic.net/real/pc/2025.10.01/js/vendor.6794114dd270eb42c37c.js (2)
[27571:735254:1009/084811.433367:INFO:CONSOLE:2] "버튼 37: [object Object]", source: https://feblog.pstatic.net/real/pc/2025.10.01/js/vendor.6794114dd270eb42c37c.js (2)
[27571:735254:1009/084811.433580:INFO:CONSOLE:2] "버튼 38: [object Object]", source: https://feblog.pstatic.net/real/pc/2025.10.01/js/vendor.6794114dd270eb42c37c.js (2)
[27571:735254:1009/084811.433860:INFO:CONSOLE:2] "버튼 39: [object Object]", source: https://feblog.pstatic.net/real/pc/2025.10.01/js/vendor.6794114dd270eb42c37c.js (2)
[27571:735254:1009/084811.434103:INFO:CONSOLE:2] "버튼 40: [object Object]", source: https://feblog.pstatic.net/real/pc/2025.10.01/js/vendor.6794114dd270eb42c37c.js (2)
[27571:735254:1009/084811.434236:INFO:CONSOLE:2] "버튼 41: [object Object]", source: https://feblog.pstatic.net/real/pc/2025.10.01/js/vendor.6794114dd270eb42c37c.js (2)
[27571:735254:1009/084811.434344:INFO:CONSOLE:2] "버튼 42: [object Object]", source: https://feblog.pstatic.net/real/pc/2025.10.01/js/vendor.6794114dd270eb42c37c.js (2)
[27571:735254:1009/084811.434468:INFO:CONSOLE:2] "버튼 43: [object Object]", source: https://feblog.pstatic.net/real/pc/2025.10.01/js/vendor.6794114dd270eb42c37c.js (2)
[27571:735254:1009/084811.434584:INFO:CONSOLE:2] "버튼 45: [object Object]", source: https://feblog.pstatic.net/real/pc/2025.10.01/js/vendor.6794114dd270eb42c37c.js (2)
[27571:735254:1009/084811.434681:INFO:CONSOLE:2] "버튼 47: [object Object]", source: https://feblog.pstatic.net/real/pc/2025.10.01/js/vendor.6794114dd270eb42c37c.js (2)
[27571:735254:1009/084811.434816:INFO:CONSOLE:2] "버튼 51: [object Object]", source: https://feblog.pstatic.net/real/pc/2025.10.01/js/vendor.6794114dd270eb42c37c.js (2)
[27571:735254:1009/084811.434921:INFO:CONSOLE:2] "버튼 55: [object Object]", source: https://feblog.pstatic.net/real/pc/2025.10.01/js/vendor.6794114dd270eb42c37c.js (2)
[27571:735254:1009/084811.435049:INFO:CONSOLE:2] "버튼 58: [object Object]", source: https://feblog.pstatic.net/real/pc/2025.10.01/js/vendor.6794114dd270eb42c37c.js (2)
[27571:735254:1009/084811.435192:INFO:CONSOLE:2] "버튼 61: [object Object]", source: https://feblog.pstatic.net/real/pc/2025.10.01/js/vendor.6794114dd270eb42c37c.js (2)
[27571:735254:1009/084811.435327:INFO:CONSOLE:2] "버튼 62: [object Object]", source: https://feblog.pstatic.net/real/pc/2025.10.01/js/vendor.6794114dd270eb42c37c.js (2)
[27571:735254:1009/084811.435428:INFO:CONSOLE:2] "버튼 64: [object Object]", source: https://feblog.pstatic.net/real/pc/2025.10.01/js/vendor.6794114dd270eb42c37c.js (2)
[27571:735254:1009/084811.435535:INFO:CONSOLE:2] "버튼 65: [object Object]", source: https://feblog.pstatic.net/real/pc/2025.10.01/js/vendor.6794114dd270eb42c37c.js (2)
[27571:735254:1009/084811.435656:INFO:CONSOLE:2] "버튼 67: [object Object]", source: https://feblog.pstatic.net/real/pc/2025.10.01/js/vendor.6794114dd270eb42c37c.js (2)
[27571:735254:1009/084811.435738:INFO:CONSOLE:2] "버튼 68: [object Object]", source: https://feblog.pstatic.net/real/pc/2025.10.01/js/vendor.6794114dd270eb42c37c.js (2)
[27571:735254:1009/084811.435820:INFO:CONSOLE:2] "버튼 71: [object Object]", source: https://feblog.pstatic.net/real/pc/2025.10.01/js/vendor.6794114dd270eb42c37c.js (2)
[27571:735254:1009/084811.435912:INFO:CONSOLE:2] "버튼 72: [object Object]", source: https://feblog.pstatic.net/real/pc/2025.10.01/js/vendor.6794114dd270eb42c37c.js (2)
[27571:735254:1009/084811.435999:INFO:CONSOLE:2] "버튼 75: [object Object]", source: https://feblog.pstatic.net/real/pc/2025.10.01/js/vendor.6794114dd270eb42c37c.js (2)
[27571:735254:1009/084811.436081:INFO:CONSOLE:2] "버튼 76: [object Object]", source: https://feblog.pstatic.net/real/pc/2025.10.01/js/vendor.6794114dd270eb42c37c.js (2)
[27571:735254:1009/084811.436184:INFO:CONSOLE:2] "버튼 79: [object Object]", source: https://feblog.pstatic.net/real/pc/2025.10.01/js/vendor.6794114dd270eb42c37c.js (2)
[27571:735254:1009/084811.436255:INFO:CONSOLE:2] "버튼 80: [object Object]", source: https://feblog.pstatic.net/real/pc/2025.10.01/js/vendor.6794114dd270eb42c37c.js (2)
[27571:735254:1009/084811.436342:INFO:CONSOLE:2] "버튼 83: [object Object]", source: https://feblog.pstatic.net/real/pc/2025.10.01/js/vendor.6794114dd270eb42c37c.js (2)
[27571:735254:1009/084811.436432:INFO:CONSOLE:2] "버튼 84: [object Object]", source: https://feblog.pstatic.net/real/pc/2025.10.01/js/vendor.6794114dd270eb42c37c.js (2)
[27571:735254:1009/084811.436529:INFO:CONSOLE:2] "버튼 87: [object Object]", source: https://feblog.pstatic.net/real/pc/2025.10.01/js/vendor.6794114dd270eb42c37c.js (2)
[27571:735254:1009/084811.436630:INFO:CONSOLE:2] "버튼 107: [object Object]", source: https://feblog.pstatic.net/real/pc/2025.10.01/js/vendor.6794114dd270eb42c37c.js (2)
[27571:735254:1009/084811.436742:INFO:CONSOLE:2] "버튼 108: [object Object]", source: https://feblog.pstatic.net/real/pc/2025.10.01/js/vendor.6794114dd270eb42c37c.js (2)
[27571:735254:1009/084811.436936:INFO:CONSOLE:2] "버튼 109: [object Object]", source: https://feblog.pstatic.net/real/pc/2025.10.01/js/vendor.6794114dd270eb42c37c.js (2)
[27571:735254:1009/084811.437053:INFO:CONSOLE:2] "버튼 110: [object Object]", source: https://feblog.pstatic.net/real/pc/2025.10.01/js/vendor.6794114dd270eb42c37c.js (2)
[27571:735254:1009/084811.437149:INFO:CONSOLE:2] "버튼 111: [object Object]", source: https://feblog.pstatic.net/real/pc/2025.10.01/js/vendor.6794114dd270eb42c37c.js (2)
[27571:735254:1009/084811.437235:INFO:CONSOLE:2] "버튼 112: [object Object]", source: https://feblog.pstatic.net/real/pc/2025.10.01/js/vendor.6794114dd270eb42c37c.js (2)
[27571:735254:1009/084811.437334:INFO:CONSOLE:2] "버튼 113: [object Object]", source: https://feblog.pstatic.net/real/pc/2025.10.01/js/vendor.6794114dd270eb42c37c.js (2)
[27571:735254:1009/084811.437417:INFO:CONSOLE:2] "버튼 114: [object Object]", source: https://feblog.pstatic.net/real/pc/2025.10.01/js/vendor.6794114dd270eb42c37c.js (2)
[27571:735254:1009/084811.437514:INFO:CONSOLE:2] "버튼 115: [object Object]", source: https://feblog.pstatic.net/real/pc/2025.10.01/js/vendor.6794114dd270eb42c37c.js (2)
[27571:735254:1009/084811.437585:INFO:CONSOLE:2] "버튼 116: [object Object]", source: https://feblog.pstatic.net/real/pc/2025.10.01/js/vendor.6794114dd270eb42c37c.js (2)
[27571:735254:1009/084811.437678:INFO:CONSOLE:2] "버튼 117: [object Object]", source: https://feblog.pstatic.net/real/pc/2025.10.01/js/vendor.6794114dd270eb42c37c.js (2)
[27571:735254:1009/084811.437758:INFO:CONSOLE:2] "버튼 118: [object Object]", source: https://feblog.pstatic.net/real/pc/2025.10.01/js/vendor.6794114dd270eb42c37c.js (2)
[27571:735254:1009/084811.437846:INFO:CONSOLE:2] "버튼 119: [object Object]", source: https://feblog.pstatic.net/real/pc/2025.10.01/js/vendor.6794114dd270eb42c37c.js (2)
[27571:735254:1009/084811.437935:INFO:CONSOLE:2] "버튼 120: [object Object]", source: https://feblog.pstatic.net/real/pc/2025.10.01/js/vendor.6794114dd270eb42c37c.js (2)
[27571:735254:1009/084811.438023:INFO:CONSOLE:2] "버튼 121: [object Object]", source: https://feblog.pstatic.net/real/pc/2025.10.01/js/vendor.6794114dd270eb42c37c.js (2)
[27571:735254:1009/084811.438098:INFO:CONSOLE:2] "버튼 122: [object Object]", source: https://feblog.pstatic.net/real/pc/2025.10.01/js/vendor.6794114dd270eb42c37c.js (2)
[27571:735254:1009/084811.438207:INFO:CONSOLE:2] "버튼 123: [object Object]", source: https://feblog.pstatic.net/real/pc/2025.10.01/js/vendor.6794114dd270eb42c37c.js (2)
[27571:735254:1009/084811.438286:INFO:CONSOLE:2] "버튼 124: [object Object]", source: https://feblog.pstatic.net/real/pc/2025.10.01/js/vendor.6794114dd270eb42c37c.js (2)
[27571:735254:1009/084811.438388:INFO:CONSOLE:2] "버튼 125: [object Object]", source: https://feblog.pstatic.net/real/pc/2025.10.01/js/vendor.6794114dd270eb42c37c.js (2)
[27571:735254:1009/084811.438504:INFO:CONSOLE:2] "버튼 126: [object Object]", source: https://feblog.pstatic.net/real/pc/2025.10.01/js/vendor.6794114dd270eb42c37c.js (2)
[27571:735254:1009/084811.438584:INFO:CONSOLE:2] "버튼 127: [object Object]", source: https://feblog.pstatic.net/real/pc/2025.10.01/js/vendor.6794114dd270eb42c37c.js (2)
[27571:735254:1009/084811.438658:INFO:CONSOLE:2] "버튼 128: [object Object]", source: https://feblog.pstatic.net/real/pc/2025.10.01/js/vendor.6794114dd270eb42c37c.js (2)
[27571:735254:1009/084811.438759:INFO:CONSOLE:2] "버튼 129: [object Object]", source: https://feblog.pstatic.net/real/pc/2025.10.01/js/vendor.6794114dd270eb42c37c.js (2)
[27571:735254:1009/084811.438822:INFO:CONSOLE:2] "버튼 130: [object Object]", source: https://feblog.pstatic.net/real/pc/2025.10.01/js/vendor.6794114dd270eb42c37c.js (2)
[27571:735254:1009/084811.438921:INFO:CONSOLE:2] "버튼 131: [object Object]", source: https://feblog.pstatic.net/real/pc/2025.10.01/js/vendor.6794114dd270eb42c37c.js (2)
[27571:735254:1009/084811.439015:INFO:CONSOLE:2] "버튼 132: [object Object]", source: https://feblog.pstatic.net/real/pc/2025.10.01/js/vendor.6794114dd270eb42c37c.js (2)
[27571:735254:1009/084811.439091:INFO:CONSOLE:2] "버튼 133: [object Object]", source: https://feblog.pstatic.net/real/pc/2025.10.01/js/vendor.6794114dd270eb42c37c.js (2)
[27571:735254:1009/084811.439181:INFO:CONSOLE:2] "버튼 134: [object Object]", source: https://feblog.pstatic.net/real/pc/2025.10.01/js/vendor.6794114dd270eb42c37c.js (2)
[27571:735254:1009/084811.439268:INFO:CONSOLE:2] "버튼 135: [object Object]", source: https://feblog.pstatic.net/real/pc/2025.10.01/js/vendor.6794114dd270eb42c37c.js (2)
[27571:735254:1009/084811.439351:INFO:CONSOLE:2] "버튼 136: [object Object]", source: https://feblog.pstatic.net/real/pc/2025.10.01/js/vendor.6794114dd270eb42c37c.js (2)
[27571:735254:1009/084811.439419:INFO:CONSOLE:2] "1단계: 정확한 선택자로 시도...", source: https://feblog.pstatic.net/real/pc/2025.10.01/js/vendor.6794114dd270eb42c37c.js (2)
[27571:735254:1009/084811.439628:INFO:CONSOLE:2] "✅ 정확한 선택자로 확인 버튼 클릭: button.se-popup-button-confirm", source: https://feblog.pstatic.net/real/pc/2025.10.01/js/vendor.6794114dd270eb42c37c.js (2)
[27571:735254:1009/084813.705152:INFO:CONSOLE:2] "키보드 입력 차단 해제 완료", source: https://feblog.pstatic.net/real/pc/2025.10.01/js/vendor.6794114dd270eb42c37c.js (2)
[27571:735254:1009/084814.875340:INFO:CONSOLE:2] "Google Maps JavaScript API has been loaded directly without loading=async. This can result in suboptimal performance. For best-practice loading patterns please see https://goo.gle/js-api-loading", source: https://feblog.pstatic.net/real/pc/2025.10.01/js/vendor.6794114dd270eb42c37c.js (2)
[27571:735254:1009/084821.724898:INFO:CONSOLE:2] "추가 버튼 발견, 5번 클릭 시도 시작...", source: https://feblog.pstatic.net/real/pc/2025.10.01/js/vendor.6794114dd270eb42c37c.js (2)
[27571:735254:1009/084821.725202:INFO:CONSOLE:2] "1번째 클릭 시도...", source: https://feblog.pstatic.net/real/pc/2025.10.01/js/vendor.6794114dd270eb42c37c.js (2)
[27571:735254:1009/084822.728710:INFO:CONSOLE:2] "2번째 클릭 시도...", source: https://feblog.pstatic.net/real/pc/2025.10.01/js/vendor.6794114dd270eb42c37c.js (2)
[27571:735254:1009/084823.728820:INFO:CONSOLE:2] "3번째 클릭 시도...", source: https://feblog.pstatic.net/real/pc/2025.10.01/js/vendor.6794114dd270eb42c37c.js (2)
[27571:735254:1009/084824.727116:INFO:CONSOLE:2] "4번째 클릭 시도...", source: https://feblog.pstatic.net/real/pc/2025.10.01/js/vendor.6794114dd270eb42c37c.js (2)
[27571:735254:1009/084825.728675:INFO:CONSOLE:2] "5번째 클릭 시도...", source: https://feblog.pstatic.net/real/pc/2025.10.01/js/vendor.6794114dd270eb42c37c.js (2)
[27571:735254:1009/084826.754483:INFO:CONSOLE:2] "정확한 선택자로 확인 버튼 발견", source: https://feblog.pstatic.net/real/pc/2025.10.01/js/vendor.6794114dd270eb42c37c.js (2)
[27571:735254:1009/084917.301808:INFO:CONSOLE:2] "=== 최종 발행 버튼 찾기 시작 ===", source: https://feblog.pstatic.net/real/pc/2025.10.01/js/vendor.6794114dd270eb42c37c.js (2)
[27571:735254:1009/084917.301923:INFO:CONSOLE:2] "🎯 data-testid로 발행 버튼 찾기...", source: https://feblog.pstatic.net/real/pc/2025.10.01/js/vendor.6794114dd270eb42c37c.js (2)
[27571:735254:1009/084917.302049:INFO:CONSOLE:2] "🎯 confirm_btn 클래스로 발행 버튼 찾기...", source: https://feblog.pstatic.net/real/pc/2025.10.01/js/vendor.6794114dd270eb42c37c.js (2)
[27571:735254:1009/084917.302217:INFO:CONSOLE:2] "✅ confirm_btn으로 발행 버튼 발견: [object Object]", source: https://feblog.pstatic.net/real/pc/2025.10.01/js/vendor.6794114dd270eb42c37c.js (2)
[27571:735254:1009/084917.329042:INFO:CONSOLE:2] "✅ confirm_btn 발행 버튼 클릭 완료", source: https://feblog.pstatic.net/real/pc/2025.10.01/js/vendor.6794114dd270eb42c37c.js (2)
[27571:735254:1009/084918.720286:INFO:CONSOLE:275] "Google Maps JavaScript API has been loaded directly without loading=async. This can result in suboptimal performance. For best-practice loading patterns please see https://goo.gle/js-api-loading", source: https://maps.google.co.kr/maps/api/js?v=3&client=gme-nhncorp&language=ko&channel=naver_blog (275)
[27571:735254:1009/084918.905115:INFO:CONSOLE:2] "MaxListenersExceededWarning: Possible EventEmitter memory leak detected. 11 visible listeners added. Use emitter.setMaxListeners() to increase limit", source: https://ssl.pstatic.net/t.static.blog/mylog/versioning//js/blogOnMap-811be5f_https.js (2)
[27571:735254:1009/084918.905278:INFO:CONSOLE:2] "MaxListenersExceededWarning: Possible EventEmitter memory leak detected. 11 invisible listeners added. Use emitter.setMaxListeners() to increase limit", source: https://ssl.pstatic.net/t.static.blog/mylog/versioning//js/blogOnMap-811be5f_https.js (2)
[27571:735254:1009/091336.167929:INFO:CONSOLE:2] "클립보드 읽기 권한 상태: granted", source: https://feblog.pstatic.net/real/pc/2025.10.01/js/vendor.6794114dd270eb42c37c.js (2)
[27571:735254:1009/091340.201533:INFO:CONSOLE:2] "클립보드 읽기 권한 상태: granted", source: https://feblog.pstatic.net/real/pc/2025.10.01/js/vendor.6794114dd270eb42c37c.js (2)
[27571:735254:1009/091343.709471:INFO:CONSOLE:2] "클립보드 읽기 권한 상태: granted", source: https://feblog.pstatic.net/real/pc/2025.10.01/js/vendor.6794114dd270eb42c37c.js (2)
[27571:735254:1009/091347.088327:INFO:CONSOLE:2] "클립보드 읽기 권한 상태: granted", source: https://feblog.pstatic.net/real/pc/2025.10.01/js/vendor.6794114dd270eb42c37c.js (2)
[27571:735254:1009/091349.467601:INFO:CONSOLE:2] "클립보드 읽기 권한 상태: granted", source: https://feblog.pstatic.net/real/pc/2025.10.01/js/vendor.6794114dd270eb42c37c.js (2)
[27571:735254:1009/091351.448204:INFO:CONSOLE:2] "클립보드 읽기 권한 상태: granted", source: https://feblog.pstatic.net/real/pc/2025.10.01/js/vendor.6794114dd270eb42c37c.js (2)
[27571:735254:1009/091353.423170:INFO:CONSOLE:2] "클립보드 읽기 권한 상태: granted", source: https://feblog.pstatic.net/real/pc/2025.10.01/js/vendor.6794114dd270eb42c37c.js (2)
[27571:735254:1009/091353.958903:INFO:CONSOLE:1] "File chooser dialog can only be shown with a user activation.", source: https://editor-static.pstatic.net/e/basic.desktop/1.69.0/se-editor.js?t=1755855480440 (1)
[27571:735254:1009/091355.444695:INFO:CONSOLE:2] "클립보드 읽기 권한 상태: granted", source: https://feblog.pstatic.net/real/pc/2025.10.01/js/vendor.6794114dd270eb42c37c.js (2)
[27571:735254:1009/091355.971521:INFO:CONSOLE:1] "File chooser dialog can only be shown with a user activation.", source: https://editor-static.pstatic.net/e/basic.desktop/1.69.0/se-editor.js?t=1755855480440 (1)
[27571:735254:1009/091357.446075:INFO:CONSOLE:2] "클립보드 읽기 권한 상태: granted", source: https://feblog.pstatic.net/real/pc/2025.10.01/js/vendor.6794114dd270eb42c37c.js (2)
[27571:735254:1009/091357.975989:INFO:CONSOLE:1] "File chooser dialog can only be shown with a user activation.", source: https://editor-static.pstatic.net/e/basic.desktop/1.69.0/se-editor.js?t=1755855480440 (1)
[27571:735254:1009/091359.444885:INFO:CONSOLE:2] "클립보드 읽기 권한 상태: granted", source: https://feblog.pstatic.net/real/pc/2025.10.01/js/vendor.6794114dd270eb42c37c.js (2)
[27571:735254:1009/091359.970904:INFO:CONSOLE:1] "File chooser dialog can only be shown with a user activation.", source: https://editor-static.pstatic.net/e/basic.desktop/1.69.0/se-editor.js?t=1755855480440 (1)
[27571:735254:1009/091410.402492:INFO:CONSOLE:2] "키보드 입력 차단 및 포커스 정리 완료", source: https://feblog.pstatic.net/real/pc/2025.10.01/js/vendor.6794114dd270eb42c37c.js (2)
[27571:735254:1009/091415.500419:INFO:CONSOLE:2] "=== 최강화된 확인 버튼 찾기 시작 ===", source: https://feblog.pstatic.net/real/pc/2025.10.01/js/vendor.6794114dd270eb42c37c.js (2)
[27571:735254:1009/091415.500596:INFO:CONSOLE:2] "현재 페이지의 모든 버튼 상황:", source: https://feblog.pstatic.net/real/pc/2025.10.01/js/vendor.6794114dd270eb42c37c.js (2)
[27571:735254:1009/091415.500973:INFO:CONSOLE:2] "버튼 1: [object Object]", source: https://feblog.pstatic.net/real/pc/2025.10.01/js/vendor.6794114dd270eb42c37c.js (2)
[27571:735254:1009/091415.501198:INFO:CONSOLE:2] "버튼 2: [object Object]", source: https://feblog.pstatic.net/real/pc/2025.10.01/js/vendor.6794114dd270eb42c37c.js (2)
[27571:735254:1009/091415.501307:INFO:CONSOLE:2] "버튼 3: [object Object]", source: https://feblog.pstatic.net/real/pc/2025.10.01/js/vendor.6794114dd270eb42c37c.js (2)
[27571:735254:1009/091415.501474:INFO:CONSOLE:2] "버튼 4: [object Object]", source: https://feblog.pstatic.net/real/pc/2025.10.01/js/vendor.6794114dd270eb42c37c.js (2)
[27571:735254:1009/091415.501594:INFO:CONSOLE:2] "버튼 5: [object Object]", source: https://feblog.pstatic.net/real/pc/2025.10.01/js/vendor.6794114dd270eb42c37c.js (2)
[27571:735254:1009/091415.501717:INFO:CONSOLE:2] "버튼 6: [object Object]", source: https://feblog.pstatic.net/real/pc/2025.10.01/js/vendor.6794114dd270eb42c37c.js (2)
[27571:735254:1009/091415.501849:INFO:CONSOLE:2] "버튼 7: [object Object]", source: https://feblog.pstatic.net/real/pc/2025.10.01/js/vendor.6794114dd270eb42c37c.js (2)
[27571:735254:1009/091415.501947:INFO:CONSOLE:2] "버튼 8: [object Object]", source: https://feblog.pstatic.net/real/pc/2025.10.01/js/vendor.6794114dd270eb42c37c.js (2)
[27571:735254:1009/091415.502104:INFO:CONSOLE:2] "버튼 9: [object Object]", source: https://feblog.pstatic.net/real/pc/2025.10.01/js/vendor.6794114dd270eb42c37c.js (2)
[27571:735254:1009/091415.502224:INFO:CONSOLE:2] "버튼 10: [object Object]", source: https://feblog.pstatic.net/real/pc/2025.10.01/js/vendor.6794114dd270eb42c37c.js (2)
[27571:735254:1009/091415.502334:INFO:CONSOLE:2] "버튼 11: [object Object]", source: https://feblog.pstatic.net/real/pc/2025.10.01/js/vendor.6794114dd270eb42c37c.js (2)
[27571:735254:1009/091415.502445:INFO:CONSOLE:2] "버튼 12: [object Object]", source: https://feblog.pstatic.net/real/pc/2025.10.01/js/vendor.6794114dd270eb42c37c.js (2)
[27571:735254:1009/091415.502588:INFO:CONSOLE:2] "버튼 13: [object Object]", source: https://feblog.pstatic.net/real/pc/2025.10.01/js/vendor.6794114dd270eb42c37c.js (2)
[27571:735254:1009/091415.502693:INFO:CONSOLE:2] "버튼 14: [object Object]", source: https://feblog.pstatic.net/real/pc/2025.10.01/js/vendor.6794114dd270eb42c37c.js (2)
[27571:735254:1009/091415.502814:INFO:CONSOLE:2] "버튼 15: [object Object]", source: https://feblog.pstatic.net/real/pc/2025.10.01/js/vendor.6794114dd270eb42c37c.js (2)
[27571:735254:1009/091415.502924:INFO:CONSOLE:2] "버튼 16: [object Object]", source: https://feblog.pstatic.net/real/pc/2025.10.01/js/vendor.6794114dd270eb42c37c.js (2)
[27571:735254:1009/091415.503029:INFO:CONSOLE:2] "버튼 17: [object Object]", source: https://feblog.pstatic.net/real/pc/2025.10.01/js/vendor.6794114dd270eb42c37c.js (2)
[27571:735254:1009/091415.503130:INFO:CONSOLE:2] "버튼 18: [object Object]", source: https://feblog.pstatic.net/real/pc/2025.10.01/js/vendor.6794114dd270eb42c37c.js (2)
[27571:735254:1009/091415.503223:INFO:CONSOLE:2] "버튼 19: [object Object]", source: https://feblog.pstatic.net/real/pc/2025.10.01/js/vendor.6794114dd270eb42c37c.js (2)
[27571:735254:1009/091415.503334:INFO:CONSOLE:2] "버튼 20: [object Object]", source: https://feblog.pstatic.net/real/pc/2025.10.01/js/vendor.6794114dd270eb42c37c.js (2)
[27571:735254:1009/091415.503432:INFO:CONSOLE:2] "버튼 21: [object Object]", source: https://feblog.pstatic.net/real/pc/2025.10.01/js/vendor.6794114dd270eb42c37c.js (2)
[27571:735254:1009/091415.503551:INFO:CONSOLE:2] "버튼 22: [object Object]", source: https://feblog.pstatic.net/real/pc/2025.10.01/js/vendor.6794114dd270eb42c37c.js (2)
[27571:735254:1009/091415.503652:INFO:CONSOLE:2] "버튼 23: [object Object]", source: https://feblog.pstatic.net/real/pc/2025.10.01/js/vendor.6794114dd270eb42c37c.js (2)
[27571:735254:1009/091415.503752:INFO:CONSOLE:2] "버튼 24: [object Object]", source: https://feblog.pstatic.net/real/pc/2025.10.01/js/vendor.6794114dd270eb42c37c.js (2)
[27571:735254:1009/091415.503847:INFO:CONSOLE:2] "버튼 25: [object Object]", source: https://feblog.pstatic.net/real/pc/2025.10.01/js/vendor.6794114dd270eb42c37c.js (2)
[27571:735254:1009/091415.503952:INFO:CONSOLE:2] "버튼 26: [object Object]", source: https://feblog.pstatic.net/real/pc/2025.10.01/js/vendor.6794114dd270eb42c37c.js (2)
[27571:735254:1009/091415.504049:INFO:CONSOLE:2] "버튼 27: [object Object]", source: https://feblog.pstatic.net/real/pc/2025.10.01/js/vendor.6794114dd270eb42c37c.js (2)
[27571:735254:1009/091415.504153:INFO:CONSOLE:2] "버튼 28: [object Object]", source: https://feblog.pstatic.net/real/pc/2025.10.01/js/vendor.6794114dd270eb42c37c.js (2)
[27571:735254:1009/091415.504252:INFO:CONSOLE:2] "버튼 29: [object Object]", source: https://feblog.pstatic.net/real/pc/2025.10.01/js/vendor.6794114dd270eb42c37c.js (2)
[27571:735254:1009/091415.504350:INFO:CONSOLE:2] "버튼 30: [object Object]", source: https://feblog.pstatic.net/real/pc/2025.10.01/js/vendor.6794114dd270eb42c37c.js (2)
[27571:735254:1009/091415.504450:INFO:CONSOLE:2] "버튼 31: [object Object]", source: https://feblog.pstatic.net/real/pc/2025.10.01/js/vendor.6794114dd270eb42c37c.js (2)
[27571:735254:1009/091415.504551:INFO:CONSOLE:2] "버튼 32: [object Object]", source: https://feblog.pstatic.net/real/pc/2025.10.01/js/vendor.6794114dd270eb42c37c.js (2)
[27571:735254:1009/091415.504646:INFO:CONSOLE:2] "버튼 33: [object Object]", source: https://feblog.pstatic.net/real/pc/2025.10.01/js/vendor.6794114dd270eb42c37c.js (2)
[27571:735254:1009/091415.504738:INFO:CONSOLE:2] "버튼 34: [object Object]", source: https://feblog.pstatic.net/real/pc/2025.10.01/js/vendor.6794114dd270eb42c37c.js (2)
[27571:735254:1009/091415.504836:INFO:CONSOLE:2] "버튼 35: [object Object]", source: https://feblog.pstatic.net/real/pc/2025.10.01/js/vendor.6794114dd270eb42c37c.js (2)
[27571:735254:1009/091415.504945:INFO:CONSOLE:2] "버튼 36: [object Object]", source: https://feblog.pstatic.net/real/pc/2025.10.01/js/vendor.6794114dd270eb42c37c.js (2)
[27571:735254:1009/091415.505040:INFO:CONSOLE:2] "버튼 37: [object Object]", source: https://feblog.pstatic.net/real/pc/2025.10.01/js/vendor.6794114dd270eb42c37c.js (2)
[27571:735254:1009/091415.505255:INFO:CONSOLE:2] "버튼 38: [object Object]", source: https://feblog.pstatic.net/real/pc/2025.10.01/js/vendor.6794114dd270eb42c37c.js (2)
[27571:735254:1009/091415.505498:INFO:CONSOLE:2] "버튼 39: [object Object]", source: https://feblog.pstatic.net/real/pc/2025.10.01/js/vendor.6794114dd270eb42c37c.js (2)
[27571:735254:1009/091415.505631:INFO:CONSOLE:2] "버튼 40: [object Object]", source: https://feblog.pstatic.net/real/pc/2025.10.01/js/vendor.6794114dd270eb42c37c.js (2)
[27571:735254:1009/091415.505734:INFO:CONSOLE:2] "버튼 41: [object Object]", source: https://feblog.pstatic.net/real/pc/2025.10.01/js/vendor.6794114dd270eb42c37c.js (2)
[27571:735254:1009/091415.505839:INFO:CONSOLE:2] "버튼 42: [object Object]", source: https://feblog.pstatic.net/real/pc/2025.10.01/js/vendor.6794114dd270eb42c37c.js (2)
[27571:735254:1009/091415.505925:INFO:CONSOLE:2] "버튼 43: [object Object]", source: https://feblog.pstatic.net/real/pc/2025.10.01/js/vendor.6794114dd270eb42c37c.js (2)
[27571:735254:1009/091415.506050:INFO:CONSOLE:2] "버튼 45: [object Object]", source: https://feblog.pstatic.net/real/pc/2025.10.01/js/vendor.6794114dd270eb42c37c.js (2)
[27571:735254:1009/091415.506133:INFO:CONSOLE:2] "버튼 47: [object Object]", source: https://feblog.pstatic.net/real/pc/2025.10.01/js/vendor.6794114dd270eb42c37c.js (2)
[27571:735254:1009/091415.506221:INFO:CONSOLE:2] "버튼 51: [object Object]", source: https://feblog.pstatic.net/real/pc/2025.10.01/js/vendor.6794114dd270eb42c37c.js (2)
[27571:735254:1009/091415.506338:INFO:CONSOLE:2] "버튼 55: [object Object]", source: https://feblog.pstatic.net/real/pc/2025.10.01/js/vendor.6794114dd270eb42c37c.js (2)
[27571:735254:1009/091415.506388:INFO:CONSOLE:2] "버튼 58: [object Object]", source: https://feblog.pstatic.net/real/pc/2025.10.01/js/vendor.6794114dd270eb42c37c.js (2)
[27571:735254:1009/091415.506504:INFO:CONSOLE:2] "버튼 61: [object Object]", source: https://feblog.pstatic.net/real/pc/2025.10.01/js/vendor.6794114dd270eb42c37c.js (2)
[27571:735254:1009/091415.506582:INFO:CONSOLE:2] "버튼 62: [object Object]", source: https://feblog.pstatic.net/real/pc/2025.10.01/js/vendor.6794114dd270eb42c37c.js (2)
[27571:735254:1009/091415.506666:INFO:CONSOLE:2] "버튼 64: [object Object]", source: https://feblog.pstatic.net/real/pc/2025.10.01/js/vendor.6794114dd270eb42c37c.js (2)
[27571:735254:1009/091415.506817:INFO:CONSOLE:2] "버튼 65: [object Object]", source: https://feblog.pstatic.net/real/pc/2025.10.01/js/vendor.6794114dd270eb42c37c.js (2)
[27571:735254:1009/091415.506869:INFO:CONSOLE:2] "버튼 67: [object Object]", source: https://feblog.pstatic.net/real/pc/2025.10.01/js/vendor.6794114dd270eb42c37c.js (2)
[27571:735254:1009/091415.506975:INFO:CONSOLE:2] "버튼 68: [object Object]", source: https://feblog.pstatic.net/real/pc/2025.10.01/js/vendor.6794114dd270eb42c37c.js (2)
[27571:735254:1009/091415.507090:INFO:CONSOLE:2] "버튼 70: [object Object]", source: https://feblog.pstatic.net/real/pc/2025.10.01/js/vendor.6794114dd270eb42c37c.js (2)
[27571:735254:1009/091415.507177:INFO:CONSOLE:2] "버튼 71: [object Object]", source: https://feblog.pstatic.net/real/pc/2025.10.01/js/vendor.6794114dd270eb42c37c.js (2)
[27571:735254:1009/091415.507298:INFO:CONSOLE:2] "버튼 74: [object Object]", source: https://feblog.pstatic.net/real/pc/2025.10.01/js/vendor.6794114dd270eb42c37c.js (2)
[27571:735254:1009/091415.507321:INFO:CONSOLE:2] "버튼 75: [object Object]", source: https://feblog.pstatic.net/real/pc/2025.10.01/js/vendor.6794114dd270eb42c37c.js (2)
[27571:735254:1009/091415.507453:INFO:CONSOLE:2] "버튼 78: [object Object]", source: https://feblog.pstatic.net/real/pc/2025.10.01/js/vendor.6794114dd270eb42c37c.js (2)
[27571:735254:1009/091415.507580:INFO:CONSOLE:2] "버튼 98: [object Object]", source: https://feblog.pstatic.net/real/pc/2025.10.01/js/vendor.6794114dd270eb42c37c.js (2)
[27571:735254:1009/091415.507673:INFO:CONSOLE:2] "버튼 99: [object Object]", source: https://feblog.pstatic.net/real/pc/2025.10.01/js/vendor.6794114dd270eb42c37c.js (2)
[27571:735254:1009/091415.507795:INFO:CONSOLE:2] "버튼 100: [object Object]", source: https://feblog.pstatic.net/real/pc/2025.10.01/js/vendor.6794114dd270eb42c37c.js (2)
[27571:735254:1009/091415.507852:INFO:CONSOLE:2] "버튼 101: [object Object]", source: https://feblog.pstatic.net/real/pc/2025.10.01/js/vendor.6794114dd270eb42c37c.js (2)
[27571:735254:1009/091415.507947:INFO:CONSOLE:2] "버튼 102: [object Object]", source: https://feblog.pstatic.net/real/pc/2025.10.01/js/vendor.6794114dd270eb42c37c.js (2)
[27571:735254:1009/091415.507990:INFO:CONSOLE:2] "버튼 103: [object Object]", source: https://feblog.pstatic.net/real/pc/2025.10.01/js/vendor.6794114dd270eb42c37c.js (2)
[27571:735254:1009/091415.508092:INFO:CONSOLE:2] "버튼 104: [object Object]", source: https://feblog.pstatic.net/real/pc/2025.10.01/js/vendor.6794114dd270eb42c37c.js (2)
[27571:735254:1009/091415.508184:INFO:CONSOLE:2] "버튼 105: [object Object]", source: https://feblog.pstatic.net/real/pc/2025.10.01/js/vendor.6794114dd270eb42c37c.js (2)
[27571:735254:1009/091415.508260:INFO:CONSOLE:2] "버튼 106: [object Object]", source: https://feblog.pstatic.net/real/pc/2025.10.01/js/vendor.6794114dd270eb42c37c.js (2)
[27571:735254:1009/091415.508335:INFO:CONSOLE:2] "버튼 107: [object Object]", source: https://feblog.pstatic.net/real/pc/2025.10.01/js/vendor.6794114dd270eb42c37c.js (2)
[27571:735254:1009/091415.508416:INFO:CONSOLE:2] "버튼 108: [object Object]", source: https://feblog.pstatic.net/real/pc/2025.10.01/js/vendor.6794114dd270eb42c37c.js (2)
[27571:735254:1009/091415.508510:INFO:CONSOLE:2] "버튼 109: [object Object]", source: https://feblog.pstatic.net/real/pc/2025.10.01/js/vendor.6794114dd270eb42c37c.js (2)
[27571:735254:1009/091415.508593:INFO:CONSOLE:2] "버튼 110: [object Object]", source: https://feblog.pstatic.net/real/pc/2025.10.01/js/vendor.6794114dd270eb42c37c.js (2)
[27571:735254:1009/091415.508692:INFO:CONSOLE:2] "버튼 111: [object Object]", source: https://feblog.pstatic.net/real/pc/2025.10.01/js/vendor.6794114dd270eb42c37c.js (2)
[27571:735254:1009/091415.508778:INFO:CONSOLE:2] "버튼 112: [object Object]", source: https://feblog.pstatic.net/real/pc/2025.10.01/js/vendor.6794114dd270eb42c37c.js (2)
[27571:735254:1009/091415.508863:INFO:CONSOLE:2] "버튼 113: [object Object]", source: https://feblog.pstatic.net/real/pc/2025.10.01/js/vendor.6794114dd270eb42c37c.js (2)
[27571:735254:1009/091415.508997:INFO:CONSOLE:2] "버튼 114: [object Object]", source: https://feblog.pstatic.net/real/pc/2025.10.01/js/vendor.6794114dd270eb42c37c.js (2)
[27571:735254:1009/091415.509024:INFO:CONSOLE:2] "버튼 115: [object Object]", source: https://feblog.pstatic.net/real/pc/2025.10.01/js/vendor.6794114dd270eb42c37c.js (2)
[27571:735254:1009/091415.509118:INFO:CONSOLE:2] "버튼 116: [object Object]", source: https://feblog.pstatic.net/real/pc/2025.10.01/js/vendor.6794114dd270eb42c37c.js (2)
[27571:735254:1009/091415.509212:INFO:CONSOLE:2] "버튼 117: [object Object]", source: https://feblog.pstatic.net/real/pc/2025.10.01/js/vendor.6794114dd270eb42c37c.js (2)
[27571:735254:1009/091415.509320:INFO:CONSOLE:2] "버튼 118: [object Object]", source: https://feblog.pstatic.net/real/pc/2025.10.01/js/vendor.6794114dd270eb42c37c.js (2)
[27571:735254:1009/091415.509393:INFO:CONSOLE:2] "버튼 119: [object Object]", source: https://feblog.pstatic.net/real/pc/2025.10.01/js/vendor.6794114dd270eb42c37c.js (2)
[27571:735254:1009/091415.509488:INFO:CONSOLE:2] "버튼 120: [object Object]", source: https://feblog.pstatic.net/real/pc/2025.10.01/js/vendor.6794114dd270eb42c37c.js (2)
[27571:735254:1009/091415.509569:INFO:CONSOLE:2] "버튼 121: [object Object]", source: https://feblog.pstatic.net/real/pc/2025.10.01/js/vendor.6794114dd270eb42c37c.js (2)
[27571:735254:1009/091415.509640:INFO:CONSOLE:2] "버튼 122: [object Object]", source: https://feblog.pstatic.net/real/pc/2025.10.01/js/vendor.6794114dd270eb42c37c.js (2)
[27571:735254:1009/091415.509725:INFO:CONSOLE:2] "버튼 123: [object Object]", source: https://feblog.pstatic.net/real/pc/2025.10.01/js/vendor.6794114dd270eb42c37c.js (2)
[27571:735254:1009/091415.509825:INFO:CONSOLE:2] "버튼 124: [object Object]", source: https://feblog.pstatic.net/real/pc/2025.10.01/js/vendor.6794114dd270eb42c37c.js (2)
[27571:735254:1009/091415.509907:INFO:CONSOLE:2] "버튼 125: [object Object]", source: https://feblog.pstatic.net/real/pc/2025.10.01/js/vendor.6794114dd270eb42c37c.js (2)
[27571:735254:1009/091415.510046:INFO:CONSOLE:2] "1단계: 정확한 선택자로 시도...", source: https://feblog.pstatic.net/real/pc/2025.10.01/js/vendor.6794114dd270eb42c37c.js (2)
[27571:735254:1009/091415.510197:INFO:CONSOLE:2] "✅ 정확한 선택자로 확인 버튼 클릭: button.se-popup-button-confirm", source: https://feblog.pstatic.net/real/pc/2025.10.01/js/vendor.6794114dd270eb42c37c.js (2)
[27571:735254:1009/091417.780178:INFO:CONSOLE:2] "키보드 입력 차단 해제 완료", source: https://feblog.pstatic.net/real/pc/2025.10.01/js/vendor.6794114dd270eb42c37c.js (2)
[27571:735254:1009/091418.914211:INFO:CONSOLE:2] "Google Maps JavaScript API has been loaded directly without loading=async. This can result in suboptimal performance. For best-practice loading patterns please see https://goo.gle/js-api-loading", source: https://feblog.pstatic.net/real/pc/2025.10.01/js/vendor.6794114dd270eb42c37c.js (2)
[27571:735254:1009/091425.753780:INFO:CONSOLE:2] "추가 버튼 발견, 5번 클릭 시도 시작...", source: https://feblog.pstatic.net/real/pc/2025.10.01/js/vendor.6794114dd270eb42c37c.js (2)
[27571:735254:1009/091425.754126:INFO:CONSOLE:2] "1번째 클릭 시도...", source: https://feblog.pstatic.net/real/pc/2025.10.01/js/vendor.6794114dd270eb42c37c.js (2)
[27571:735254:1009/091426.757241:INFO:CONSOLE:2] "2번째 클릭 시도...", source: https://feblog.pstatic.net/real/pc/2025.10.01/js/vendor.6794114dd270eb42c37c.js (2)
[27571:735254:1009/091427.756526:INFO:CONSOLE:2] "3번째 클릭 시도...", source: https://feblog.pstatic.net/real/pc/2025.10.01/js/vendor.6794114dd270eb42c37c.js (2)
[27571:735254:1009/091428.756438:INFO:CONSOLE:2] "4번째 클릭 시도...", source: https://feblog.pstatic.net/real/pc/2025.10.01/js/vendor.6794114dd270eb42c37c.js (2)
[27571:735254:1009/091429.757320:INFO:CONSOLE:2] "5번째 클릭 시도...", source: https://feblog.pstatic.net/real/pc/2025.10.01/js/vendor.6794114dd270eb42c37c.js (2)
[27571:735254:1009/091430.783909:INFO:CONSOLE:2] "정확한 선택자로 확인 버튼 발견", source: https://feblog.pstatic.net/real/pc/2025.10.01/js/vendor.6794114dd270eb42c37c.js (2)
[27571:735254:1009/091521.280179:INFO:CONSOLE:2] "=== 최종 발행 버튼 찾기 시작 ===", source: https://feblog.pstatic.net/real/pc/2025.10.01/js/vendor.6794114dd270eb42c37c.js (2)
[27571:735254:1009/091521.281302:INFO:CONSOLE:2] "🎯 data-testid로 발행 버튼 찾기...", source: https://feblog.pstatic.net/real/pc/2025.10.01/js/vendor.6794114dd270eb42c37c.js (2)
[27571:735254:1009/091521.281383:INFO:CONSOLE:2] "🎯 confirm_btn 클래스로 발행 버튼 찾기...", source: https://feblog.pstatic.net/real/pc/2025.10.01/js/vendor.6794114dd270eb42c37c.js (2)
[27571:735254:1009/091521.281428:INFO:CONSOLE:2] "✅ confirm_btn으로 발행 버튼 발견: [object Object]", source: https://feblog.pstatic.net/real/pc/2025.10.01/js/vendor.6794114dd270eb42c37c.js (2)
[27571:735254:1009/091521.309957:INFO:CONSOLE:2] "✅ confirm_btn 발행 버튼 클릭 완료", source: https://feblog.pstatic.net/real/pc/2025.10.01/js/vendor.6794114dd270eb42c37c.js (2)
[27571:735254:1009/091522.770310:INFO:CONSOLE:275] "Google Maps JavaScript API has been loaded directly without loading=async. This can result in suboptimal performance. For best-practice loading patterns please see https://goo.gle/js-api-loading", source: https://maps.google.co.kr/maps/api/js?v=3&client=gme-nhncorp&language=ko&channel=naver_blog (275)
[27571:735254:1009/093944.109784:INFO:CONSOLE:2] "클립보드 읽기 권한 상태: granted", source: https://feblog.pstatic.net/real/pc/2025.10.01/js/vendor.6794114dd270eb42c37c.js (2)
[27571:735254:1009/093947.541745:INFO:CONSOLE:2] "클립보드 읽기 권한 상태: granted", source: https://feblog.pstatic.net/real/pc/2025.10.01/js/vendor.6794114dd270eb42c37c.js (2)
[27571:735254:1009/093951.308016:INFO:CONSOLE:2] "클립보드 읽기 권한 상태: granted", source: https://feblog.pstatic.net/real/pc/2025.10.01/js/vendor.6794114dd270eb42c37c.js (2)
[27571:735254:1009/093954.663572:INFO:CONSOLE:2] "클립보드 읽기 권한 상태: granted", source: https://feblog.pstatic.net/real/pc/2025.10.01/js/vendor.6794114dd270eb42c37c.js (2)
[27571:735254:1009/093956.637280:INFO:CONSOLE:2] "클립보드 읽기 권한 상태: granted", source: https://feblog.pstatic.net/real/pc/2025.10.01/js/vendor.6794114dd270eb42c37c.js (2)
[27571:735254:1009/093958.589867:INFO:CONSOLE:2] "클립보드 읽기 권한 상태: granted", source: https://feblog.pstatic.net/real/pc/2025.10.01/js/vendor.6794114dd270eb42c37c.js (2)
[27571:735254:1009/093959.126478:INFO:CONSOLE:1] "File chooser dialog can only be shown with a user activation.", source: https://editor-static.pstatic.net/e/basic.desktop/1.69.0/se-editor.js?t=1755855480440 (1)
[27571:735254:1009/094000.588545:INFO:CONSOLE:2] "클립보드 읽기 권한 상태: granted", source: https://feblog.pstatic.net/real/pc/2025.10.01/js/vendor.6794114dd270eb42c37c.js (2)
[27571:735254:1009/094001.118471:INFO:CONSOLE:1] "File chooser dialog can only be shown with a user activation.", source: https://editor-static.pstatic.net/e/basic.desktop/1.69.0/se-editor.js?t=1755855480440 (1)
[27571:735254:1009/094002.582327:INFO:CONSOLE:2] "클립보드 읽기 권한 상태: granted", source: https://feblog.pstatic.net/real/pc/2025.10.01/js/vendor.6794114dd270eb42c37c.js (2)
[27571:735254:1009/094003.108836:INFO:CONSOLE:1] "File chooser dialog can only be shown with a user activation.", source: https://editor-static.pstatic.net/e/basic.desktop/1.69.0/se-editor.js?t=1755855480440 (1)
[27571:735254:1009/094004.577634:INFO:CONSOLE:2] "클립보드 읽기 권한 상태: granted", source: https://feblog.pstatic.net/real/pc/2025.10.01/js/vendor.6794114dd270eb42c37c.js (2)
[27571:735254:1009/094005.104752:INFO:CONSOLE:1] "File chooser dialog can only be shown with a user activation.", source: https://editor-static.pstatic.net/e/basic.desktop/1.69.0/se-editor.js?t=1755855480440 (1)
[27571:735254:1009/094006.567322:INFO:CONSOLE:2] "클립보드 읽기 권한 상태: granted", source: https://feblog.pstatic.net/real/pc/2025.10.01/js/vendor.6794114dd270eb42c37c.js (2)
[27571:735254:1009/094007.095697:INFO:CONSOLE:1] "File chooser dialog can only be shown with a user activation.", source: https://editor-static.pstatic.net/e/basic.desktop/1.69.0/se-editor.js?t=1755855480440 (1)
[27571:735254:1009/094008.555918:INFO:CONSOLE:2] "클립보드 읽기 권한 상태: granted", source: https://feblog.pstatic.net/real/pc/2025.10.01/js/vendor.6794114dd270eb42c37c.js (2)
[27571:735254:1009/094009.075475:INFO:CONSOLE:1] "File chooser dialog can only be shown with a user activation.", source: https://editor-static.pstatic.net/e/basic.desktop/1.69.0/se-editor.js?t=1755855480440 (1)
[27571:735254:1009/094010.538681:INFO:CONSOLE:2] "클립보드 읽기 권한 상태: granted", source: https://feblog.pstatic.net/real/pc/2025.10.01/js/vendor.6794114dd270eb42c37c.js (2)
[27571:735254:1009/094011.061428:INFO:CONSOLE:1] "File chooser dialog can only be shown with a user activation.", source: https://editor-static.pstatic.net/e/basic.desktop/1.69.0/se-editor.js?t=1755855480440 (1)
[27571:735254:1009/094021.979731:INFO:CONSOLE:2] "키보드 입력 차단 및 포커스 정리 완료", source: https://feblog.pstatic.net/real/pc/2025.10.01/js/vendor.6794114dd270eb42c37c.js (2)
[27571:735254:1009/094027.117856:INFO:CONSOLE:2] "=== 최강화된 확인 버튼 찾기 시작 ===", source: https://feblog.pstatic.net/real/pc/2025.10.01/js/vendor.6794114dd270eb42c37c.js (2)
[27571:735254:1009/094027.118035:INFO:CONSOLE:2] "현재 페이지의 모든 버튼 상황:", source: https://feblog.pstatic.net/real/pc/2025.10.01/js/vendor.6794114dd270eb42c37c.js (2)
[27571:735254:1009/094027.118458:INFO:CONSOLE:2] "버튼 1: [object Object]", source: https://feblog.pstatic.net/real/pc/2025.10.01/js/vendor.6794114dd270eb42c37c.js (2)
[27571:735254:1009/094027.118679:INFO:CONSOLE:2] "버튼 2: [object Object]", source: https://feblog.pstatic.net/real/pc/2025.10.01/js/vendor.6794114dd270eb42c37c.js (2)
[27571:735254:1009/094027.118834:INFO:CONSOLE:2] "버튼 3: [object Object]", source: https://feblog.pstatic.net/real/pc/2025.10.01/js/vendor.6794114dd270eb42c37c.js (2)
[27571:735254:1009/094027.118948:INFO:CONSOLE:2] "버튼 4: [object Object]", source: https://feblog.pstatic.net/real/pc/2025.10.01/js/vendor.6794114dd270eb42c37c.js (2)
[27571:735254:1009/094027.119072:INFO:CONSOLE:2] "버튼 5: [object Object]", source: https://feblog.pstatic.net/real/pc/2025.10.01/js/vendor.6794114dd270eb42c37c.js (2)
[27571:735254:1009/094027.119204:INFO:CONSOLE:2] "버튼 6: [object Object]", source: https://feblog.pstatic.net/real/pc/2025.10.01/js/vendor.6794114dd270eb42c37c.js (2)
[27571:735254:1009/094027.119330:INFO:CONSOLE:2] "버튼 7: [object Object]", source: https://feblog.pstatic.net/real/pc/2025.10.01/js/vendor.6794114dd270eb42c37c.js (2)
[27571:735254:1009/094027.119438:INFO:CONSOLE:2] "버튼 8: [object Object]", source: https://feblog.pstatic.net/real/pc/2025.10.01/js/vendor.6794114dd270eb42c37c.js (2)
[27571:735254:1009/094027.119592:INFO:CONSOLE:2] "버튼 9: [object Object]", source: https://feblog.pstatic.net/real/pc/2025.10.01/js/vendor.6794114dd270eb42c37c.js (2)
[27571:735254:1009/094027.119712:INFO:CONSOLE:2] "버튼 10: [object Object]", source: https://feblog.pstatic.net/real/pc/2025.10.01/js/vendor.6794114dd270eb42c37c.js (2)
[27571:735254:1009/094027.119829:INFO:CONSOLE:2] "버튼 11: [object Object]", source: https://feblog.pstatic.net/real/pc/2025.10.01/js/vendor.6794114dd270eb42c37c.js (2)
[27571:735254:1009/094027.119947:INFO:CONSOLE:2] "버튼 12: [object Object]", source: https://feblog.pstatic.net/real/pc/2025.10.01/js/vendor.6794114dd270eb42c37c.js (2)
[27571:735254:1009/094027.120065:INFO:CONSOLE:2] "버튼 13: [object Object]", source: https://feblog.pstatic.net/real/pc/2025.10.01/js/vendor.6794114dd270eb42c37c.js (2)
[27571:735254:1009/094027.120182:INFO:CONSOLE:2] "버튼 14: [object Object]", source: https://feblog.pstatic.net/real/pc/2025.10.01/js/vendor.6794114dd270eb42c37c.js (2)
[27571:735254:1009/094027.120302:INFO:CONSOLE:2] "버튼 15: [object Object]", source: https://feblog.pstatic.net/real/pc/2025.10.01/js/vendor.6794114dd270eb42c37c.js (2)
[27571:735254:1009/094027.120407:INFO:CONSOLE:2] "버튼 16: [object Object]", source: https://feblog.pstatic.net/real/pc/2025.10.01/js/vendor.6794114dd270eb42c37c.js (2)
[27571:735254:1009/094027.120511:INFO:CONSOLE:2] "버튼 17: [object Object]", source: https://feblog.pstatic.net/real/pc/2025.10.01/js/vendor.6794114dd270eb42c37c.js (2)
[27571:735254:1009/094027.120626:INFO:CONSOLE:2] "버튼 18: [object Object]", source: https://feblog.pstatic.net/real/pc/2025.10.01/js/vendor.6794114dd270eb42c37c.js (2)
[27571:735254:1009/094027.120750:INFO:CONSOLE:2] "버튼 19: [object Object]", source: https://feblog.pstatic.net/real/pc/2025.10.01/js/vendor.6794114dd270eb42c37c.js (2)
[27571:735254:1009/094027.120856:INFO:CONSOLE:2] "버튼 20: [object Object]", source: https://feblog.pstatic.net/real/pc/2025.10.01/js/vendor.6794114dd270eb42c37c.js (2)
[27571:735254:1009/094027.120979:INFO:CONSOLE:2] "버튼 21: [object Object]", source: https://feblog.pstatic.net/real/pc/2025.10.01/js/vendor.6794114dd270eb42c37c.js (2)
[27571:735254:1009/094027.121106:INFO:CONSOLE:2] "버튼 22: [object Object]", source: https://feblog.pstatic.net/real/pc/2025.10.01/js/vendor.6794114dd270eb42c37c.js (2)
[27571:735254:1009/094027.121214:INFO:CONSOLE:2] "버튼 23: [object Object]", source: https://feblog.pstatic.net/real/pc/2025.10.01/js/vendor.6794114dd270eb42c37c.js (2)
[27571:735254:1009/094027.121320:INFO:CONSOLE:2] "버튼 24: [object Object]", source: https://feblog.pstatic.net/real/pc/2025.10.01/js/vendor.6794114dd270eb42c37c.js (2)
[27571:735254:1009/094027.121437:INFO:CONSOLE:2] "버튼 25: [object Object]", source: https://feblog.pstatic.net/real/pc/2025.10.01/js/vendor.6794114dd270eb42c37c.js (2)
[27571:735254:1009/094027.121570:INFO:CONSOLE:2] "버튼 26: [object Object]", source: https://feblog.pstatic.net/real/pc/2025.10.01/js/vendor.6794114dd270eb42c37c.js (2)
[27571:735254:1009/094027.121675:INFO:CONSOLE:2] "버튼 27: [object Object]", source: https://feblog.pstatic.net/real/pc/2025.10.01/js/vendor.6794114dd270eb42c37c.js (2)
[27571:735254:1009/094027.121787:INFO:CONSOLE:2] "버튼 28: [object Object]", source: https://feblog.pstatic.net/real/pc/2025.10.01/js/vendor.6794114dd270eb42c37c.js (2)
[27571:735254:1009/094027.121903:INFO:CONSOLE:2] "버튼 29: [object Object]", source: https://feblog.pstatic.net/real/pc/2025.10.01/js/vendor.6794114dd270eb42c37c.js (2)
[27571:735254:1009/094027.122010:INFO:CONSOLE:2] "버튼 30: [object Object]", source: https://feblog.pstatic.net/real/pc/2025.10.01/js/vendor.6794114dd270eb42c37c.js (2)
[27571:735254:1009/094027.122131:INFO:CONSOLE:2] "버튼 31: [object Object]", source: https://feblog.pstatic.net/real/pc/2025.10.01/js/vendor.6794114dd270eb42c37c.js (2)
[27571:735254:1009/094027.122256:INFO:CONSOLE:2] "버튼 32: [object Object]", source: https://feblog.pstatic.net/real/pc/2025.10.01/js/vendor.6794114dd270eb42c37c.js (2)
[27571:735254:1009/094027.122371:INFO:CONSOLE:2] "버튼 33: [object Object]", source: https://feblog.pstatic.net/real/pc/2025.10.01/js/vendor.6794114dd270eb42c37c.js (2)
[27571:735254:1009/094027.122487:INFO:CONSOLE:2] "버튼 34: [object Object]", source: https://feblog.pstatic.net/real/pc/2025.10.01/js/vendor.6794114dd270eb42c37c.js (2)
[27571:735254:1009/094027.122593:INFO:CONSOLE:2] "버튼 35: [object Object]", source: https://feblog.pstatic.net/real/pc/2025.10.01/js/vendor.6794114dd270eb42c37c.js (2)
[27571:735254:1009/094027.122703:INFO:CONSOLE:2] "버튼 36: [object Object]", source: https://feblog.pstatic.net/real/pc/2025.10.01/js/vendor.6794114dd270eb42c37c.js (2)
[27571:735254:1009/094027.122815:INFO:CONSOLE:2] "버튼 37: [object Object]", source: https://feblog.pstatic.net/real/pc/2025.10.01/js/vendor.6794114dd270eb42c37c.js (2)
[27571:735254:1009/094027.122920:INFO:CONSOLE:2] "버튼 38: [object Object]", source: https://feblog.pstatic.net/real/pc/2025.10.01/js/vendor.6794114dd270eb42c37c.js (2)
[27571:735254:1009/094027.123033:INFO:CONSOLE:2] "버튼 39: [object Object]", source: https://feblog.pstatic.net/real/pc/2025.10.01/js/vendor.6794114dd270eb42c37c.js (2)
[27571:735254:1009/094027.123248:INFO:CONSOLE:2] "버튼 40: [object Object]", source: https://feblog.pstatic.net/real/pc/2025.10.01/js/vendor.6794114dd270eb42c37c.js (2)
[27571:735254:1009/094027.123551:INFO:CONSOLE:2] "버튼 41: [object Object]", source: https://feblog.pstatic.net/real/pc/2025.10.01/js/vendor.6794114dd270eb42c37c.js (2)
[27571:735254:1009/094027.123737:INFO:CONSOLE:2] "버튼 42: [object Object]", source: https://feblog.pstatic.net/real/pc/2025.10.01/js/vendor.6794114dd270eb42c37c.js (2)
[27571:735254:1009/094027.123913:INFO:CONSOLE:2] "버튼 43: [object Object]", source: https://feblog.pstatic.net/real/pc/2025.10.01/js/vendor.6794114dd270eb42c37c.js (2)
[27571:735254:1009/094027.124034:INFO:CONSOLE:2] "버튼 45: [object Object]", source: https://feblog.pstatic.net/real/pc/2025.10.01/js/vendor.6794114dd270eb42c37c.js (2)
[27571:735254:1009/094027.124166:INFO:CONSOLE:2] "버튼 47: [object Object]", source: https://feblog.pstatic.net/real/pc/2025.10.01/js/vendor.6794114dd270eb42c37c.js (2)
[27571:735254:1009/094027.124304:INFO:CONSOLE:2] "버튼 51: [object Object]", source: https://feblog.pstatic.net/real/pc/2025.10.01/js/vendor.6794114dd270eb42c37c.js (2)
[27571:735254:1009/094027.124437:INFO:CONSOLE:2] "버튼 55: [object Object]", source: https://feblog.pstatic.net/real/pc/2025.10.01/js/vendor.6794114dd270eb42c37c.js (2)
[27571:735254:1009/094027.124525:INFO:CONSOLE:2] "버튼 58: [object Object]", source: https://feblog.pstatic.net/real/pc/2025.10.01/js/vendor.6794114dd270eb42c37c.js (2)
[27571:735254:1009/094027.124651:INFO:CONSOLE:2] "버튼 59: [object Object]", source: https://feblog.pstatic.net/real/pc/2025.10.01/js/vendor.6794114dd270eb42c37c.js (2)
[27571:735254:1009/094027.124783:INFO:CONSOLE:2] "버튼 61: [object Object]", source: https://feblog.pstatic.net/real/pc/2025.10.01/js/vendor.6794114dd270eb42c37c.js (2)
[27571:735254:1009/094027.124880:INFO:CONSOLE:2] "버튼 62: [object Object]", source: https://feblog.pstatic.net/real/pc/2025.10.01/js/vendor.6794114dd270eb42c37c.js (2)
[27571:735254:1009/094027.124977:INFO:CONSOLE:2] "버튼 64: [object Object]", source: https://feblog.pstatic.net/real/pc/2025.10.01/js/vendor.6794114dd270eb42c37c.js (2)
[27571:735254:1009/094027.125113:INFO:CONSOLE:2] "버튼 65: [object Object]", source: https://feblog.pstatic.net/real/pc/2025.10.01/js/vendor.6794114dd270eb42c37c.js (2)
[27571:735254:1009/094027.125284:INFO:CONSOLE:2] "버튼 67: [object Object]", source: https://feblog.pstatic.net/real/pc/2025.10.01/js/vendor.6794114dd270eb42c37c.js (2)
[27571:735254:1009/094027.125464:INFO:CONSOLE:2] "버튼 68: [object Object]", source: https://feblog.pstatic.net/real/pc/2025.10.01/js/vendor.6794114dd270eb42c37c.js (2)
[27571:735254:1009/094027.125567:INFO:CONSOLE:2] "버튼 70: [object Object]", source: https://feblog.pstatic.net/real/pc/2025.10.01/js/vendor.6794114dd270eb42c37c.js (2)
[27571:735254:1009/094027.125660:INFO:CONSOLE:2] "버튼 71: [object Object]", source: https://feblog.pstatic.net/real/pc/2025.10.01/js/vendor.6794114dd270eb42c37c.js (2)
[27571:735254:1009/094027.125766:INFO:CONSOLE:2] "버튼 73: [object Object]", source: https://feblog.pstatic.net/real/pc/2025.10.01/js/vendor.6794114dd270eb42c37c.js (2)
[27571:735254:1009/094027.125841:INFO:CONSOLE:2] "버튼 74: [object Object]", source: https://feblog.pstatic.net/real/pc/2025.10.01/js/vendor.6794114dd270eb42c37c.js (2)
[27571:735254:1009/094027.125924:INFO:CONSOLE:2] "버튼 77: [object Object]", source: https://feblog.pstatic.net/real/pc/2025.10.01/js/vendor.6794114dd270eb42c37c.js (2)
[27571:735254:1009/094027.126015:INFO:CONSOLE:2] "버튼 78: [object Object]", source: https://feblog.pstatic.net/real/pc/2025.10.01/js/vendor.6794114dd270eb42c37c.js (2)
[27571:735254:1009/094027.126112:INFO:CONSOLE:2] "버튼 81: [object Object]", source: https://feblog.pstatic.net/real/pc/2025.10.01/js/vendor.6794114dd270eb42c37c.js (2)
[27571:735254:1009/094027.126190:INFO:CONSOLE:2] "버튼 82: [object Object]", source: https://feblog.pstatic.net/real/pc/2025.10.01/js/vendor.6794114dd270eb42c37c.js (2)
[27571:735254:1009/094027.126290:INFO:CONSOLE:2] "버튼 85: [object Object]", source: https://feblog.pstatic.net/real/pc/2025.10.01/js/vendor.6794114dd270eb42c37c.js (2)
[27571:735254:1009/094027.126407:INFO:CONSOLE:2] "버튼 105: [object Object]", source: https://feblog.pstatic.net/real/pc/2025.10.01/js/vendor.6794114dd270eb42c37c.js (2)
[27571:735254:1009/094027.126505:INFO:CONSOLE:2] "버튼 106: [object Object]", source: https://feblog.pstatic.net/real/pc/2025.10.01/js/vendor.6794114dd270eb42c37c.js (2)
[27571:735254:1009/094027.126619:INFO:CONSOLE:2] "버튼 107: [object Object]", source: https://feblog.pstatic.net/real/pc/2025.10.01/js/vendor.6794114dd270eb42c37c.js (2)
[27571:735254:1009/094027.126694:INFO:CONSOLE:2] "버튼 108: [object Object]", source: https://feblog.pstatic.net/real/pc/2025.10.01/js/vendor.6794114dd270eb42c37c.js (2)
[27571:735254:1009/094027.126801:INFO:CONSOLE:2] "버튼 109: [object Object]", source: https://feblog.pstatic.net/real/pc/2025.10.01/js/vendor.6794114dd270eb42c37c.js (2)
[27571:735254:1009/094027.126865:INFO:CONSOLE:2] "버튼 110: [object Object]", source: https://feblog.pstatic.net/real/pc/2025.10.01/js/vendor.6794114dd270eb42c37c.js (2)
[27571:735254:1009/094027.127001:INFO:CONSOLE:2] "버튼 111: [object Object]", source: https://feblog.pstatic.net/real/pc/2025.10.01/js/vendor.6794114dd270eb42c37c.js (2)
[27571:735254:1009/094027.127062:INFO:CONSOLE:2] "버튼 112: [object Object]", source: https://feblog.pstatic.net/real/pc/2025.10.01/js/vendor.6794114dd270eb42c37c.js (2)
[27571:735254:1009/094027.127152:INFO:CONSOLE:2] "버튼 113: [object Object]", source: https://feblog.pstatic.net/real/pc/2025.10.01/js/vendor.6794114dd270eb42c37c.js (2)
[27571:735254:1009/094027.127217:INFO:CONSOLE:2] "버튼 114: [object Object]", source: https://feblog.pstatic.net/real/pc/2025.10.01/js/vendor.6794114dd270eb42c37c.js (2)
[27571:735254:1009/094027.127321:INFO:CONSOLE:2] "버튼 115: [object Object]", source: https://feblog.pstatic.net/real/pc/2025.10.01/js/vendor.6794114dd270eb42c37c.js (2)
[27571:735254:1009/094027.127417:INFO:CONSOLE:2] "버튼 116: [object Object]", source: https://feblog.pstatic.net/real/pc/2025.10.01/js/vendor.6794114dd270eb42c37c.js (2)
[27571:735254:1009/094027.127518:INFO:CONSOLE:2] "버튼 117: [object Object]", source: https://feblog.pstatic.net/real/pc/2025.10.01/js/vendor.6794114dd270eb42c37c.js (2)
[27571:735254:1009/094027.127674:INFO:CONSOLE:2] "버튼 118: [object Object]", source: https://feblog.pstatic.net/real/pc/2025.10.01/js/vendor.6794114dd270eb42c37c.js (2)
[27571:735254:1009/094027.127723:INFO:CONSOLE:2] "버튼 119: [object Object]", source: https://feblog.pstatic.net/real/pc/2025.10.01/js/vendor.6794114dd270eb42c37c.js (2)
[27571:735254:1009/094027.127800:INFO:CONSOLE:2] "버튼 120: [object Object]", source: https://feblog.pstatic.net/real/pc/2025.10.01/js/vendor.6794114dd270eb42c37c.js (2)
[27571:735254:1009/094027.127913:INFO:CONSOLE:2] "버튼 121: [object Object]", source: https://feblog.pstatic.net/real/pc/2025.10.01/js/vendor.6794114dd270eb42c37c.js (2)
[27571:735254:1009/094027.128012:INFO:CONSOLE:2] "버튼 122: [object Object]", source: https://feblog.pstatic.net/real/pc/2025.10.01/js/vendor.6794114dd270eb42c37c.js (2)
[27571:735254:1009/094027.128078:INFO:CONSOLE:2] "버튼 123: [object Object]", source: https://feblog.pstatic.net/real/pc/2025.10.01/js/vendor.6794114dd270eb42c37c.js (2)
[27571:735254:1009/094027.128202:INFO:CONSOLE:2] "버튼 124: [object Object]", source: https://feblog.pstatic.net/real/pc/2025.10.01/js/vendor.6794114dd270eb42c37c.js (2)
[27571:735254:1009/094027.128329:INFO:CONSOLE:2] "버튼 125: [object Object]", source: https://feblog.pstatic.net/real/pc/2025.10.01/js/vendor.6794114dd270eb42c37c.js (2)
[27571:735254:1009/094027.128361:INFO:CONSOLE:2] "버튼 126: [object Object]", source: https://feblog.pstatic.net/real/pc/2025.10.01/js/vendor.6794114dd270eb42c37c.js (2)
[27571:735254:1009/094027.128432:INFO:CONSOLE:2] "버튼 127: [object Object]", source: https://feblog.pstatic.net/real/pc/2025.10.01/js/vendor.6794114dd270eb42c37c.js (2)
[27571:735254:1009/094027.128555:INFO:CONSOLE:2] "버튼 128: [object Object]", source: https://feblog.pstatic.net/real/pc/2025.10.01/js/vendor.6794114dd270eb42c37c.js (2)
[27571:735254:1009/094027.128603:INFO:CONSOLE:2] "버튼 129: [object Object]", source: https://feblog.pstatic.net/real/pc/2025.10.01/js/vendor.6794114dd270eb42c37c.js (2)
[27571:735254:1009/094027.128695:INFO:CONSOLE:2] "버튼 130: [object Object]", source: https://feblog.pstatic.net/real/pc/2025.10.01/js/vendor.6794114dd270eb42c37c.js (2)
[27571:735254:1009/094027.128792:INFO:CONSOLE:2] "버튼 131: [object Object]", source: https://feblog.pstatic.net/real/pc/2025.10.01/js/vendor.6794114dd270eb42c37c.js (2)
[27571:735254:1009/094027.128902:INFO:CONSOLE:2] "버튼 132: [object Object]", source: https://feblog.pstatic.net/real/pc/2025.10.01/js/vendor.6794114dd270eb42c37c.js (2)
[27571:735254:1009/094027.129005:INFO:CONSOLE:2] "버튼 133: [object Object]", source: https://feblog.pstatic.net/real/pc/2025.10.01/js/vendor.6794114dd270eb42c37c.js (2)
[27571:735254:1009/094027.129038:INFO:CONSOLE:2] "버튼 134: [object Object]", source: https://feblog.pstatic.net/real/pc/2025.10.01/js/vendor.6794114dd270eb42c37c.js (2)
[27571:735254:1009/094027.129127:INFO:CONSOLE:2] "1단계: 정확한 선택자로 시도...", source: https://feblog.pstatic.net/real/pc/2025.10.01/js/vendor.6794114dd270eb42c37c.js (2)
[27571:735254:1009/094027.129316:INFO:CONSOLE:2] "✅ 정확한 선택자로 확인 버튼 클릭: button.se-popup-button-confirm", source: https://feblog.pstatic.net/real/pc/2025.10.01/js/vendor.6794114dd270eb42c37c.js (2)
[27571:735254:1009/094029.397843:INFO:CONSOLE:2] "키보드 입력 차단 해제 완료", source: https://feblog.pstatic.net/real/pc/2025.10.01/js/vendor.6794114dd270eb42c37c.js (2)
[27571:735254:1009/094030.949151:INFO:CONSOLE:2] "Google Maps JavaScript API has been loaded directly without loading=async. This can result in suboptimal performance. For best-practice loading patterns please see https://goo.gle/js-api-loading", source: https://feblog.pstatic.net/real/pc/2025.10.01/js/vendor.6794114dd270eb42c37c.js (2)
[27571:735254:1009/094037.407104:INFO:CONSOLE:2] "추가 버튼 발견, 5번 클릭 시도 시작...", source: https://feblog.pstatic.net/real/pc/2025.10.01/js/vendor.6794114dd270eb42c37c.js (2)
[27571:735254:1009/094037.407429:INFO:CONSOLE:2] "1번째 클릭 시도...", source: https://feblog.pstatic.net/real/pc/2025.10.01/js/vendor.6794114dd270eb42c37c.js (2)
[27571:735254:1009/094038.410406:INFO:CONSOLE:2] "2번째 클릭 시도...", source: https://feblog.pstatic.net/real/pc/2025.10.01/js/vendor.6794114dd270eb42c37c.js (2)
[27571:735254:1009/094039.410091:INFO:CONSOLE:2] "3번째 클릭 시도...", source: https://feblog.pstatic.net/real/pc/2025.10.01/js/vendor.6794114dd270eb42c37c.js (2)
[27571:735254:1009/094040.409952:INFO:CONSOLE:2] "4번째 클릭 시도...", source: https://feblog.pstatic.net/real/pc/2025.10.01/js/vendor.6794114dd270eb42c37c.js (2)
[27571:735254:1009/094041.410137:INFO:CONSOLE:2] "5번째 클릭 시도...", source: https://feblog.pstatic.net/real/pc/2025.10.01/js/vendor.6794114dd270eb42c37c.js (2)
[27571:735254:1009/094042.431053:INFO:CONSOLE:2] "정확한 선택자로 확인 버튼 발견", source: https://feblog.pstatic.net/real/pc/2025.10.01/js/vendor.6794114dd270eb42c37c.js (2)
[27571:735254:1009/094132.951823:INFO:CONSOLE:2] "=== 최종 발행 버튼 찾기 시작 ===", source: https://feblog.pstatic.net/real/pc/2025.10.01/js/vendor.6794114dd270eb42c37c.js (2)
[27571:735254:1009/094132.951974:INFO:CONSOLE:2] "🎯 data-testid로 발행 버튼 찾기...", source: https://feblog.pstatic.net/real/pc/2025.10.01/js/vendor.6794114dd270eb42c37c.js (2)
[27571:735254:1009/094132.952233:INFO:CONSOLE:2] "🎯 confirm_btn 클래스로 발행 버튼 찾기...", source: https://feblog.pstatic.net/real/pc/2025.10.01/js/vendor.6794114dd270eb42c37c.js (2)
[27571:735254:1009/094132.952671:INFO:CONSOLE:2] "✅ confirm_btn으로 발행 버튼 발견: [object Object]", source: https://feblog.pstatic.net/real/pc/2025.10.01/js/vendor.6794114dd270eb42c37c.js (2)
[27571:735254:1009/094132.982936:INFO:CONSOLE:2] "✅ confirm_btn 발행 버튼 클릭 완료", source: https://feblog.pstatic.net/real/pc/2025.10.01/js/vendor.6794114dd270eb42c37c.js (2)
[27571:735254:1009/094134.208111:INFO:CONSOLE:275] "Google Maps JavaScript API has been loaded directly without loading=async. This can result in suboptimal performance. For best-practice loading patterns please see https://goo.gle/js-api-loading", source: https://maps.google.co.kr/maps/api/js?v=3&client=gme-nhncorp&language=ko&channel=naver_blog (275)
[27571:735254:1009/094134.307362:INFO:CONSOLE:2] "MaxListenersExceededWarning: Possible EventEmitter memory leak detected. 11 visible listeners added. Use emitter.setMaxListeners() to increase limit", source: https://ssl.pstatic.net/t.static.blog/mylog/versioning//js/blogOnMap-811be5f_https.js (2)
[27571:735254:1009/094134.307520:INFO:CONSOLE:2] "MaxListenersExceededWarning: Possible EventEmitter memory leak detected. 11 invisible listeners added. Use emitter.setMaxListeners() to increase limit", source: https://ssl.pstatic.net/t.static.blog/mylog/versioning//js/blogOnMap-811be5f_https.js (2)
[27571:735254:1009/095955.409304:INFO:CONSOLE:2] "클립보드 읽기 권한 상태: granted", source: https://feblog.pstatic.net/real/pc/2025.10.01/js/vendor.6794114dd270eb42c37c.js (2)
[27571:735254:1009/095959.101171:INFO:CONSOLE:2] "클립보드 읽기 권한 상태: granted", source: https://feblog.pstatic.net/real/pc/2025.10.01/js/vendor.6794114dd270eb42c37c.js (2)
[27571:735254:1009/100002.343903:INFO:CONSOLE:2] "클립보드 읽기 권한 상태: granted", source: https://feblog.pstatic.net/real/pc/2025.10.01/js/vendor.6794114dd270eb42c37c.js (2)
[27571:735254:1009/100006.139656:INFO:CONSOLE:2] "클립보드 읽기 권한 상태: granted", source: https://feblog.pstatic.net/real/pc/2025.10.01/js/vendor.6794114dd270eb42c37c.js (2)
[27571:735254:1009/100008.491803:INFO:CONSOLE:2] "클립보드 읽기 권한 상태: granted", source: https://feblog.pstatic.net/real/pc/2025.10.01/js/vendor.6794114dd270eb42c37c.js (2)
[27571:735254:1009/100010.424096:INFO:CONSOLE:2] "클립보드 읽기 권한 상태: granted", source: https://feblog.pstatic.net/real/pc/2025.10.01/js/vendor.6794114dd270eb42c37c.js (2)
[27571:735254:1009/100012.379197:INFO:CONSOLE:2] "클립보드 읽기 권한 상태: granted", source: https://feblog.pstatic.net/real/pc/2025.10.01/js/vendor.6794114dd270eb42c37c.js (2)
[27571:735254:1009/100014.339715:INFO:CONSOLE:2] "클립보드 읽기 권한 상태: granted", source: https://feblog.pstatic.net/real/pc/2025.10.01/js/vendor.6794114dd270eb42c37c.js (2)
[27571:735254:1009/100014.864851:INFO:CONSOLE:1] "File chooser dialog can only be shown with a user activation.", source: https://editor-static.pstatic.net/e/basic.desktop/1.69.0/se-editor.js?t=1755855480440 (1)
[27571:735254:1009/100025.136799:INFO:CONSOLE:2] "키보드 입력 차단 및 포커스 정리 완료", source: https://feblog.pstatic.net/real/pc/2025.10.01/js/vendor.6794114dd270eb42c37c.js (2)
[27571:735254:1009/100030.239363:INFO:CONSOLE:2] "=== 최강화된 확인 버튼 찾기 시작 ===", source: https://feblog.pstatic.net/real/pc/2025.10.01/js/vendor.6794114dd270eb42c37c.js (2)
[27571:735254:1009/100030.239680:INFO:CONSOLE:2] "현재 페이지의 모든 버튼 상황:", source: https://feblog.pstatic.net/real/pc/2025.10.01/js/vendor.6794114dd270eb42c37c.js (2)
[27571:735254:1009/100030.240080:INFO:CONSOLE:2] "버튼 1: [object Object]", source: https://feblog.pstatic.net/real/pc/2025.10.01/js/vendor.6794114dd270eb42c37c.js (2)
[27571:735254:1009/100030.240353:INFO:CONSOLE:2] "버튼 2: [object Object]", source: https://feblog.pstatic.net/real/pc/2025.10.01/js/vendor.6794114dd270eb42c37c.js (2)
[27571:735254:1009/100030.240520:INFO:CONSOLE:2] "버튼 3: [object Object]", source: https://feblog.pstatic.net/real/pc/2025.10.01/js/vendor.6794114dd270eb42c37c.js (2)
[27571:735254:1009/100030.240654:INFO:CONSOLE:2] "버튼 4: [object Object]", source: https://feblog.pstatic.net/real/pc/2025.10.01/js/vendor.6794114dd270eb42c37c.js (2)
[27571:735254:1009/100030.240773:INFO:CONSOLE:2] "버튼 5: [object Object]", source: https://feblog.pstatic.net/real/pc/2025.10.01/js/vendor.6794114dd270eb42c37c.js (2)
[27571:735254:1009/100030.240905:INFO:CONSOLE:2] "버튼 6: [object Object]", source: https://feblog.pstatic.net/real/pc/2025.10.01/js/vendor.6794114dd270eb42c37c.js (2)
[27571:735254:1009/100030.241036:INFO:CONSOLE:2] "버튼 7: [object Object]", source: https://feblog.pstatic.net/real/pc/2025.10.01/js/vendor.6794114dd270eb42c37c.js (2)
[27571:735254:1009/100030.241204:INFO:CONSOLE:2] "버튼 8: [object Object]", source: https://feblog.pstatic.net/real/pc/2025.10.01/js/vendor.6794114dd270eb42c37c.js (2)
[27571:735254:1009/100030.241350:INFO:CONSOLE:2] "버튼 9: [object Object]", source: https://feblog.pstatic.net/real/pc/2025.10.01/js/vendor.6794114dd270eb42c37c.js (2)
[27571:735254:1009/100030.241471:INFO:CONSOLE:2] "버튼 10: [object Object]", source: https://feblog.pstatic.net/real/pc/2025.10.01/js/vendor.6794114dd270eb42c37c.js (2)
[27571:735254:1009/100030.241582:INFO:CONSOLE:2] "버튼 11: [object Object]", source: https://feblog.pstatic.net/real/pc/2025.10.01/js/vendor.6794114dd270eb42c37c.js (2)
[27571:735254:1009/100030.241699:INFO:CONSOLE:2] "버튼 12: [object Object]", source: https://feblog.pstatic.net/real/pc/2025.10.01/js/vendor.6794114dd270eb42c37c.js (2)
[27571:735254:1009/100030.241817:INFO:CONSOLE:2] "버튼 13: [object Object]", source: https://feblog.pstatic.net/real/pc/2025.10.01/js/vendor.6794114dd270eb42c37c.js (2)
[27571:735254:1009/100030.241917:INFO:CONSOLE:2] "버튼 14: [object Object]", source: https://feblog.pstatic.net/real/pc/2025.10.01/js/vendor.6794114dd270eb42c37c.js (2)
[27571:735254:1009/100030.242041:INFO:CONSOLE:2] "버튼 15: [object Object]", source: https://feblog.pstatic.net/real/pc/2025.10.01/js/vendor.6794114dd270eb42c37c.js (2)
[27571:735254:1009/100030.242157:INFO:CONSOLE:2] "버튼 16: [object Object]", source: https://feblog.pstatic.net/real/pc/2025.10.01/js/vendor.6794114dd270eb42c37c.js (2)
[27571:735254:1009/100030.242267:INFO:CONSOLE:2] "버튼 17: [object Object]", source: https://feblog.pstatic.net/real/pc/2025.10.01/js/vendor.6794114dd270eb42c37c.js (2)
[27571:735254:1009/100030.242395:INFO:CONSOLE:2] "버튼 18: [object Object]", source: https://feblog.pstatic.net/real/pc/2025.10.01/js/vendor.6794114dd270eb42c37c.js (2)
[27571:735254:1009/100030.242504:INFO:CONSOLE:2] "버튼 19: [object Object]", source: https://feblog.pstatic.net/real/pc/2025.10.01/js/vendor.6794114dd270eb42c37c.js (2)
[27571:735254:1009/100030.242602:INFO:CONSOLE:2] "버튼 20: [object Object]", source: https://feblog.pstatic.net/real/pc/2025.10.01/js/vendor.6794114dd270eb42c37c.js (2)
[27571:735254:1009/100030.242707:INFO:CONSOLE:2] "버튼 21: [object Object]", source: https://feblog.pstatic.net/real/pc/2025.10.01/js/vendor.6794114dd270eb42c37c.js (2)
[27571:735254:1009/100030.242809:INFO:CONSOLE:2] "버튼 22: [object Object]", source: https://feblog.pstatic.net/real/pc/2025.10.01/js/vendor.6794114dd270eb42c37c.js (2)
[27571:735254:1009/100030.242928:INFO:CONSOLE:2] "버튼 23: [object Object]", source: https://feblog.pstatic.net/real/pc/2025.10.01/js/vendor.6794114dd270eb42c37c.js (2)
[27571:735254:1009/100030.243022:INFO:CONSOLE:2] "버튼 24: [object Object]", source: https://feblog.pstatic.net/real/pc/2025.10.01/js/vendor.6794114dd270eb42c37c.js (2)
[27571:735254:1009/100030.243152:INFO:CONSOLE:2] "버튼 25: [object Object]", source: https://feblog.pstatic.net/real/pc/2025.10.01/js/vendor.6794114dd270eb42c37c.js (2)
[27571:735254:1009/100030.243284:INFO:CONSOLE:2] "버튼 26: [object Object]", source: https://feblog.pstatic.net/real/pc/2025.10.01/js/vendor.6794114dd270eb42c37c.js (2)
[27571:735254:1009/100030.243382:INFO:CONSOLE:2] "버튼 27: [object Object]", source: https://feblog.pstatic.net/real/pc/2025.10.01/js/vendor.6794114dd270eb42c37c.js (2)
[27571:735254:1009/100030.243476:INFO:CONSOLE:2] "버튼 28: [object Object]", source: https://feblog.pstatic.net/real/pc/2025.10.01/js/vendor.6794114dd270eb42c37c.js (2)
[27571:735254:1009/100030.243589:INFO:CONSOLE:2] "버튼 29: [object Object]", source: https://feblog.pstatic.net/real/pc/2025.10.01/js/vendor.6794114dd270eb42c37c.js (2)
[27571:735254:1009/100030.243680:INFO:CONSOLE:2] "버튼 30: [object Object]", source: https://feblog.pstatic.net/real/pc/2025.10.01/js/vendor.6794114dd270eb42c37c.js (2)
[27571:735254:1009/100030.243790:INFO:CONSOLE:2] "버튼 31: [object Object]", source: https://feblog.pstatic.net/real/pc/2025.10.01/js/vendor.6794114dd270eb42c37c.js (2)
[27571:735254:1009/100030.243894:INFO:CONSOLE:2] "버튼 32: [object Object]", source: https://feblog.pstatic.net/real/pc/2025.10.01/js/vendor.6794114dd270eb42c37c.js (2)
[27571:735254:1009/100030.243999:INFO:CONSOLE:2] "버튼 33: [object Object]", source: https://feblog.pstatic.net/real/pc/2025.10.01/js/vendor.6794114dd270eb42c37c.js (2)
[27571:735254:1009/100030.244091:INFO:CONSOLE:2] "버튼 34: [object Object]", source: https://feblog.pstatic.net/real/pc/2025.10.01/js/vendor.6794114dd270eb42c37c.js (2)
[27571:735254:1009/100030.244196:INFO:CONSOLE:2] "버튼 35: [object Object]", source: https://feblog.pstatic.net/real/pc/2025.10.01/js/vendor.6794114dd270eb42c37c.js (2)
[27571:735254:1009/100030.244290:INFO:CONSOLE:2] "버튼 36: [object Object]", source: https://feblog.pstatic.net/real/pc/2025.10.01/js/vendor.6794114dd270eb42c37c.js (2)
[27571:735254:1009/100030.244396:INFO:CONSOLE:2] "버튼 37: [object Object]", source: https://feblog.pstatic.net/real/pc/2025.10.01/js/vendor.6794114dd270eb42c37c.js (2)
[27571:735254:1009/100030.244684:INFO:CONSOLE:2] "버튼 38: [object Object]", source: https://feblog.pstatic.net/real/pc/2025.10.01/js/vendor.6794114dd270eb42c37c.js (2)
[27571:735254:1009/100030.244851:INFO:CONSOLE:2] "버튼 39: [object Object]", source: https://feblog.pstatic.net/real/pc/2025.10.01/js/vendor.6794114dd270eb42c37c.js (2)
[27571:735254:1009/100030.244996:INFO:CONSOLE:2] "버튼 40: [object Object]", source: https://feblog.pstatic.net/real/pc/2025.10.01/js/vendor.6794114dd270eb42c37c.js (2)
[27571:735254:1009/100030.245068:INFO:CONSOLE:2] "버튼 41: [object Object]", source: https://feblog.pstatic.net/real/pc/2025.10.01/js/vendor.6794114dd270eb42c37c.js (2)
[27571:735254:1009/100030.245196:INFO:CONSOLE:2] "버튼 42: [object Object]", source: https://feblog.pstatic.net/real/pc/2025.10.01/js/vendor.6794114dd270eb42c37c.js (2)
[27571:735254:1009/100030.245307:INFO:CONSOLE:2] "버튼 43: [object Object]", source: https://feblog.pstatic.net/real/pc/2025.10.01/js/vendor.6794114dd270eb42c37c.js (2)
[27571:735254:1009/100030.245384:INFO:CONSOLE:2] "버튼 45: [object Object]", source: https://feblog.pstatic.net/real/pc/2025.10.01/js/vendor.6794114dd270eb42c37c.js (2)
[27571:735254:1009/100030.245464:INFO:CONSOLE:2] "버튼 47: [object Object]", source: https://feblog.pstatic.net/real/pc/2025.10.01/js/vendor.6794114dd270eb42c37c.js (2)
[27571:735254:1009/100030.245578:INFO:CONSOLE:2] "버튼 51: [object Object]", source: https://feblog.pstatic.net/real/pc/2025.10.01/js/vendor.6794114dd270eb42c37c.js (2)
[27571:735254:1009/100030.245660:INFO:CONSOLE:2] "버튼 55: [object Object]", source: https://feblog.pstatic.net/real/pc/2025.10.01/js/vendor.6794114dd270eb42c37c.js (2)
[27571:735254:1009/100030.245814:INFO:CONSOLE:2] "버튼 59: [object Object]", source: https://feblog.pstatic.net/real/pc/2025.10.01/js/vendor.6794114dd270eb42c37c.js (2)
[27571:735254:1009/100030.245903:INFO:CONSOLE:2] "버튼 63: [object Object]", source: https://feblog.pstatic.net/real/pc/2025.10.01/js/vendor.6794114dd270eb42c37c.js (2)
[27571:735254:1009/100030.245984:INFO:CONSOLE:2] "버튼 64: [object Object]", source: https://feblog.pstatic.net/real/pc/2025.10.01/js/vendor.6794114dd270eb42c37c.js (2)
[27571:735254:1009/100030.246070:INFO:CONSOLE:2] "버튼 67: [object Object]", source: https://feblog.pstatic.net/real/pc/2025.10.01/js/vendor.6794114dd270eb42c37c.js (2)
[27571:735254:1009/100030.246165:INFO:CONSOLE:2] "버튼 68: [object Object]", source: https://feblog.pstatic.net/real/pc/2025.10.01/js/vendor.6794114dd270eb42c37c.js (2)
[27571:735254:1009/100030.246248:INFO:CONSOLE:2] "버튼 71: [object Object]", source: https://feblog.pstatic.net/real/pc/2025.10.01/js/vendor.6794114dd270eb42c37c.js (2)
[27571:735254:1009/100030.246377:INFO:CONSOLE:2] "버튼 72: [object Object]", source: https://feblog.pstatic.net/real/pc/2025.10.01/js/vendor.6794114dd270eb42c37c.js (2)
[27571:735254:1009/100030.246581:INFO:CONSOLE:2] "버튼 75: [object Object]", source: https://feblog.pstatic.net/real/pc/2025.10.01/js/vendor.6794114dd270eb42c37c.js (2)
[27571:735254:1009/100030.246758:INFO:CONSOLE:2] "버튼 95: [object Object]", source: https://feblog.pstatic.net/real/pc/2025.10.01/js/vendor.6794114dd270eb42c37c.js (2)
[27571:735254:1009/100030.246895:INFO:CONSOLE:2] "버튼 96: [object Object]", source: https://feblog.pstatic.net/real/pc/2025.10.01/js/vendor.6794114dd270eb42c37c.js (2)
[27571:735254:1009/100030.246983:INFO:CONSOLE:2] "버튼 97: [object Object]", source: https://feblog.pstatic.net/real/pc/2025.10.01/js/vendor.6794114dd270eb42c37c.js (2)
[27571:735254:1009/100030.247066:INFO:CONSOLE:2] "버튼 98: [object Object]", source: https://feblog.pstatic.net/real/pc/2025.10.01/js/vendor.6794114dd270eb42c37c.js (2)
[27571:735254:1009/100030.247176:INFO:CONSOLE:2] "버튼 99: [object Object]", source: https://feblog.pstatic.net/real/pc/2025.10.01/js/vendor.6794114dd270eb42c37c.js (2)
[27571:735254:1009/100030.247240:INFO:CONSOLE:2] "버튼 100: [object Object]", source: https://feblog.pstatic.net/real/pc/2025.10.01/js/vendor.6794114dd270eb42c37c.js (2)
[27571:735254:1009/100030.247355:INFO:CONSOLE:2] "버튼 101: [object Object]", source: https://feblog.pstatic.net/real/pc/2025.10.01/js/vendor.6794114dd270eb42c37c.js (2)
[27571:735254:1009/100030.247409:INFO:CONSOLE:2] "버튼 102: [object Object]", source: https://feblog.pstatic.net/real/pc/2025.10.01/js/vendor.6794114dd270eb42c37c.js (2)
[27571:735254:1009/100030.247528:INFO:CONSOLE:2] "버튼 103: [object Object]", source: https://feblog.pstatic.net/real/pc/2025.10.01/js/vendor.6794114dd270eb42c37c.js (2)
[27571:735254:1009/100030.247618:INFO:CONSOLE:2] "버튼 104: [object Object]", source: https://feblog.pstatic.net/real/pc/2025.10.01/js/vendor.6794114dd270eb42c37c.js (2)
[27571:735254:1009/100030.247682:INFO:CONSOLE:2] "버튼 105: [object Object]", source: https://feblog.pstatic.net/real/pc/2025.10.01/js/vendor.6794114dd270eb42c37c.js (2)
[27571:735254:1009/100030.247784:INFO:CONSOLE:2] "버튼 106: [object Object]", source: https://feblog.pstatic.net/real/pc/2025.10.01/js/vendor.6794114dd270eb42c37c.js (2)
[27571:735254:1009/100030.247892:INFO:CONSOLE:2] "버튼 107: [object Object]", source: https://feblog.pstatic.net/real/pc/2025.10.01/js/vendor.6794114dd270eb42c37c.js (2)
[27571:735254:1009/100030.247978:INFO:CONSOLE:2] "버튼 108: [object Object]", source: https://feblog.pstatic.net/real/pc/2025.10.01/js/vendor.6794114dd270eb42c37c.js (2)
[27571:735254:1009/100030.248192:INFO:CONSOLE:2] "버튼 109: [object Object]", source: https://feblog.pstatic.net/real/pc/2025.10.01/js/vendor.6794114dd270eb42c37c.js (2)
[27571:735254:1009/100030.248340:INFO:CONSOLE:2] "버튼 110: [object Object]", source: https://feblog.pstatic.net/real/pc/2025.10.01/js/vendor.6794114dd270eb42c37c.js (2)
[27571:735254:1009/100030.248455:INFO:CONSOLE:2] "버튼 111: [object Object]", source: https://feblog.pstatic.net/real/pc/2025.10.01/js/vendor.6794114dd270eb42c37c.js (2)
[27571:735254:1009/100030.248545:INFO:CONSOLE:2] "버튼 112: [object Object]", source: https://feblog.pstatic.net/real/pc/2025.10.01/js/vendor.6794114dd270eb42c37c.js (2)
[27571:735254:1009/100030.248645:INFO:CONSOLE:2] "버튼 113: [object Object]", source: https://feblog.pstatic.net/real/pc/2025.10.01/js/vendor.6794114dd270eb42c37c.js (2)
[27571:735254:1009/100030.248739:INFO:CONSOLE:2] "버튼 114: [object Object]", source: https://feblog.pstatic.net/real/pc/2025.10.01/js/vendor.6794114dd270eb42c37c.js (2)
[27571:735254:1009/100030.248816:INFO:CONSOLE:2] "버튼 115: [object Object]", source: https://feblog.pstatic.net/real/pc/2025.10.01/js/vendor.6794114dd270eb42c37c.js (2)
[27571:735254:1009/100030.248930:INFO:CONSOLE:2] "버튼 116: [object Object]", source: https://feblog.pstatic.net/real/pc/2025.10.01/js/vendor.6794114dd270eb42c37c.js (2)
[27571:735254:1009/100030.248996:INFO:CONSOLE:2] "버튼 117: [object Object]", source: https://feblog.pstatic.net/real/pc/2025.10.01/js/vendor.6794114dd270eb42c37c.js (2)
[27571:735254:1009/100030.249106:INFO:CONSOLE:2] "버튼 118: [object Object]", source: https://feblog.pstatic.net/real/pc/2025.10.01/js/vendor.6794114dd270eb42c37c.js (2)
[27571:735254:1009/100030.249218:INFO:CONSOLE:2] "버튼 119: [object Object]", source: https://feblog.pstatic.net/real/pc/2025.10.01/js/vendor.6794114dd270eb42c37c.js (2)
[27571:735254:1009/100030.249277:INFO:CONSOLE:2] "버튼 120: [object Object]", source: https://feblog.pstatic.net/real/pc/2025.10.01/js/vendor.6794114dd270eb42c37c.js (2)
[27571:735254:1009/100030.249370:INFO:CONSOLE:2] "1단계: 정확한 선택자로 시도...", source: https://feblog.pstatic.net/real/pc/2025.10.01/js/vendor.6794114dd270eb42c37c.js (2)
[27571:735254:1009/100030.249518:INFO:CONSOLE:2] "✅ 정확한 선택자로 확인 버튼 클릭: button.se-popup-button-confirm", source: https://feblog.pstatic.net/real/pc/2025.10.01/js/vendor.6794114dd270eb42c37c.js (2)
[27571:735254:1009/100032.535289:INFO:CONSOLE:2] "키보드 입력 차단 해제 완료", source: https://feblog.pstatic.net/real/pc/2025.10.01/js/vendor.6794114dd270eb42c37c.js (2)
[27571:735254:1009/100033.679311:INFO:CONSOLE:2] "Google Maps JavaScript API has been loaded directly without loading=async. This can result in suboptimal performance. For best-practice loading patterns please see https://goo.gle/js-api-loading", source: https://feblog.pstatic.net/real/pc/2025.10.01/js/vendor.6794114dd270eb42c37c.js (2)
[27571:735254:1009/100040.492857:INFO:CONSOLE:2] "추가 버튼 발견, 5번 클릭 시도 시작...", source: https://feblog.pstatic.net/real/pc/2025.10.01/js/vendor.6794114dd270eb42c37c.js (2)
[27571:735254:1009/100040.493203:INFO:CONSOLE:2] "1번째 클릭 시도...", source: https://feblog.pstatic.net/real/pc/2025.10.01/js/vendor.6794114dd270eb42c37c.js (2)
[27571:735254:1009/100041.494988:INFO:CONSOLE:2] "2번째 클릭 시도...", source: https://feblog.pstatic.net/real/pc/2025.10.01/js/vendor.6794114dd270eb42c37c.js (2)
[27571:735254:1009/100042.495038:INFO:CONSOLE:2] "3번째 클릭 시도...", source: https://feblog.pstatic.net/real/pc/2025.10.01/js/vendor.6794114dd270eb42c37c.js (2)
[27571:735254:1009/100043.495477:INFO:CONSOLE:2] "4번째 클릭 시도...", source: https://feblog.pstatic.net/real/pc/2025.10.01/js/vendor.6794114dd270eb42c37c.js (2)
[27571:735254:1009/100044.495673:INFO:CONSOLE:2] "5번째 클릭 시도...", source: https://feblog.pstatic.net/real/pc/2025.10.01/js/vendor.6794114dd270eb42c37c.js (2)
[27571:735254:1009/100045.517536:INFO:CONSOLE:2] "정확한 선택자로 확인 버튼 발견", source: https://feblog.pstatic.net/real/pc/2025.10.01/js/vendor.6794114dd270eb42c37c.js (2)
[27571:735254:1009/100135.747443:INFO:CONSOLE:2] "=== 최종 발행 버튼 찾기 시작 ===", source: https://feblog.pstatic.net/real/pc/2025.10.01/js/vendor.6794114dd270eb42c37c.js (2)
[27571:735254:1009/100135.747596:INFO:CONSOLE:2] "🎯 data-testid로 발행 버튼 찾기...", source: https://feblog.pstatic.net/real/pc/2025.10.01/js/vendor.6794114dd270eb42c37c.js (2)
[27571:735254:1009/100135.747777:INFO:CONSOLE:2] "🎯 confirm_btn 클래스로 발행 버튼 찾기...", source: https://feblog.pstatic.net/real/pc/2025.10.01/js/vendor.6794114dd270eb42c37c.js (2)
[27571:735254:1009/100135.748085:INFO:CONSOLE:2] "✅ confirm_btn으로 발행 버튼 발견: [object Object]", source: https://feblog.pstatic.net/real/pc/2025.10.01/js/vendor.6794114dd270eb42c37c.js (2)
[27571:735254:1009/100135.777783:INFO:CONSOLE:2] "✅ confirm_btn 발행 버튼 클릭 완료", source: https://feblog.pstatic.net/real/pc/2025.10.01/js/vendor.6794114dd270eb42c37c.js (2)
[27571:735254:1009/100137.038922:INFO:CONSOLE:275] "Google Maps JavaScript API has been loaded directly without loading=async. This can result in suboptimal performance. For best-practice loading patterns please see https://goo.gle/js-api-loading", source: https://maps.google.co.kr/maps/api/js?v=3&client=gme-nhncorp&language=ko&channel=naver_blog (275)
[27571:735254:1009/102455.742228:INFO:CONSOLE:2] "클립보드 읽기 권한 상태: granted", source: https://feblog.pstatic.net/real/pc/2025.10.01/js/vendor.6794114dd270eb42c37c.js (2)
[27571:735254:1009/102459.517214:INFO:CONSOLE:2] "클립보드 읽기 권한 상태: granted", source: https://feblog.pstatic.net/real/pc/2025.10.01/js/vendor.6794114dd270eb42c37c.js (2)
[27571:735254:1009/102503.150611:INFO:CONSOLE:2] "클립보드 읽기 권한 상태: granted", source: https://feblog.pstatic.net/real/pc/2025.10.01/js/vendor.6794114dd270eb42c37c.js (2)
[27571:735254:1009/102506.789524:INFO:CONSOLE:2] "클립보드 읽기 권한 상태: granted", source: https://feblog.pstatic.net/real/pc/2025.10.01/js/vendor.6794114dd270eb42c37c.js (2)
[27571:735254:1009/102509.591567:INFO:CONSOLE:2] "클립보드 읽기 권한 상태: granted", source: https://feblog.pstatic.net/real/pc/2025.10.01/js/vendor.6794114dd270eb42c37c.js (2)
[27571:735254:1009/102511.589209:INFO:CONSOLE:2] "클립보드 읽기 권한 상태: granted", source: https://feblog.pstatic.net/real/pc/2025.10.01/js/vendor.6794114dd270eb42c37c.js (2)
[27571:735254:1009/102513.530739:INFO:CONSOLE:2] "클립보드 읽기 권한 상태: granted", source: https://feblog.pstatic.net/real/pc/2025.10.01/js/vendor.6794114dd270eb42c37c.js (2)
[27571:735254:1009/102514.062216:INFO:CONSOLE:1] "File chooser dialog can only be shown with a user activation.", source: https://editor-static.pstatic.net/e/basic.desktop/1.69.0/se-editor.js?t=1755855480440 (1)
[27571:735254:1009/102515.532491:INFO:CONSOLE:2] "클립보드 읽기 권한 상태: granted", source: https://feblog.pstatic.net/real/pc/2025.10.01/js/vendor.6794114dd270eb42c37c.js (2)
[27571:735254:1009/102516.053829:INFO:CONSOLE:1] "File chooser dialog can only be shown with a user activation.", source: https://editor-static.pstatic.net/e/basic.desktop/1.69.0/se-editor.js?t=1755855480440 (1)
[27571:735254:1009/102517.499744:INFO:CONSOLE:2] "클립보드 읽기 권한 상태: granted", source: https://feblog.pstatic.net/real/pc/2025.10.01/js/vendor.6794114dd270eb42c37c.js (2)
[27571:735254:1009/102518.024586:INFO:CONSOLE:1] "File chooser dialog can only be shown with a user activation.", source: https://editor-static.pstatic.net/e/basic.desktop/1.69.0/se-editor.js?t=1755855480440 (1)
[27571:735254:1009/102519.479099:INFO:CONSOLE:2] "클립보드 읽기 권한 상태: granted", source: https://feblog.pstatic.net/real/pc/2025.10.01/js/vendor.6794114dd270eb42c37c.js (2)
[27571:735254:1009/102520.004258:INFO:CONSOLE:1] "File chooser dialog can only be shown with a user activation.", source: https://editor-static.pstatic.net/e/basic.desktop/1.69.0/se-editor.js?t=1755855480440 (1)
[27571:735254:1009/102530.796878:INFO:CONSOLE:2] "키보드 입력 차단 및 포커스 정리 완료", source: https://feblog.pstatic.net/real/pc/2025.10.01/js/vendor.6794114dd270eb42c37c.js (2)
[27571:735254:1009/102535.881522:INFO:CONSOLE:2] "=== 최강화된 확인 버튼 찾기 시작 ===", source: https://feblog.pstatic.net/real/pc/2025.10.01/js/vendor.6794114dd270eb42c37c.js (2)
[27571:735254:1009/102535.881672:INFO:CONSOLE:2] "현재 페이지의 모든 버튼 상황:", source: https://feblog.pstatic.net/real/pc/2025.10.01/js/vendor.6794114dd270eb42c37c.js (2)
[27571:735254:1009/102535.881968:INFO:CONSOLE:2] "버튼 1: [object Object]", source: https://feblog.pstatic.net/real/pc/2025.10.01/js/vendor.6794114dd270eb42c37c.js (2)
[27571:735254:1009/102535.882153:INFO:CONSOLE:2] "버튼 2: [object Object]", source: https://feblog.pstatic.net/real/pc/2025.10.01/js/vendor.6794114dd270eb42c37c.js (2)
[27571:735254:1009/102535.882274:INFO:CONSOLE:2] "버튼 3: [object Object]", source: https://feblog.pstatic.net/real/pc/2025.10.01/js/vendor.6794114dd270eb42c37c.js (2)
[27571:735254:1009/102535.882377:INFO:CONSOLE:2] "버튼 4: [object Object]", source: https://feblog.pstatic.net/real/pc/2025.10.01/js/vendor.6794114dd270eb42c37c.js (2)
[27571:735254:1009/102535.882470:INFO:CONSOLE:2] "버튼 5: [object Object]", source: https://feblog.pstatic.net/real/pc/2025.10.01/js/vendor.6794114dd270eb42c37c.js (2)
[27571:735254:1009/102535.882550:INFO:CONSOLE:2] "버튼 6: [object Object]", source: https://feblog.pstatic.net/real/pc/2025.10.01/js/vendor.6794114dd270eb42c37c.js (2)
[27571:735254:1009/102535.882633:INFO:CONSOLE:2] "버튼 7: [object Object]", source: https://feblog.pstatic.net/real/pc/2025.10.01/js/vendor.6794114dd270eb42c37c.js (2)
[27571:735254:1009/102535.882722:INFO:CONSOLE:2] "버튼 8: [object Object]", source: https://feblog.pstatic.net/real/pc/2025.10.01/js/vendor.6794114dd270eb42c37c.js (2)
[27571:735254:1009/102535.882817:INFO:CONSOLE:2] "버튼 9: [object Object]", source: https://feblog.pstatic.net/real/pc/2025.10.01/js/vendor.6794114dd270eb42c37c.js (2)
[27571:735254:1009/102535.882915:INFO:CONSOLE:2] "버튼 10: [object Object]", source: https://feblog.pstatic.net/real/pc/2025.10.01/js/vendor.6794114dd270eb42c37c.js (2)
[27571:735254:1009/102535.882991:INFO:CONSOLE:2] "버튼 11: [object Object]", source: https://feblog.pstatic.net/real/pc/2025.10.01/js/vendor.6794114dd270eb42c37c.js (2)
[27571:735254:1009/102535.883058:INFO:CONSOLE:2] "버튼 12: [object Object]", source: https://feblog.pstatic.net/real/pc/2025.10.01/js/vendor.6794114dd270eb42c37c.js (2)
[27571:735254:1009/102535.883172:INFO:CONSOLE:2] "버튼 13: [object Object]", source: https://feblog.pstatic.net/real/pc/2025.10.01/js/vendor.6794114dd270eb42c37c.js (2)
[27571:735254:1009/102535.883258:INFO:CONSOLE:2] "버튼 14: [object Object]", source: https://feblog.pstatic.net/real/pc/2025.10.01/js/vendor.6794114dd270eb42c37c.js (2)
[27571:735254:1009/102535.883326:INFO:CONSOLE:2] "버튼 15: [object Object]", source: https://feblog.pstatic.net/real/pc/2025.10.01/js/vendor.6794114dd270eb42c37c.js (2)
[27571:735254:1009/102535.883398:INFO:CONSOLE:2] "버튼 16: [object Object]", source: https://feblog.pstatic.net/real/pc/2025.10.01/js/vendor.6794114dd270eb42c37c.js (2)
[27571:735254:1009/102535.883470:INFO:CONSOLE:2] "버튼 17: [object Object]", source: https://feblog.pstatic.net/real/pc/2025.10.01/js/vendor.6794114dd270eb42c37c.js (2)
[27571:735254:1009/102535.883552:INFO:CONSOLE:2] "버튼 18: [object Object]", source: https://feblog.pstatic.net/real/pc/2025.10.01/js/vendor.6794114dd270eb42c37c.js (2)
[27571:735254:1009/102535.883630:INFO:CONSOLE:2] "버튼 19: [object Object]", source: https://feblog.pstatic.net/real/pc/2025.10.01/js/vendor.6794114dd270eb42c37c.js (2)
[27571:735254:1009/102535.883697:INFO:CONSOLE:2] "버튼 20: [object Object]", source: https://feblog.pstatic.net/real/pc/2025.10.01/js/vendor.6794114dd270eb42c37c.js (2)
[27571:735254:1009/102535.883778:INFO:CONSOLE:2] "버튼 21: [object Object]", source: https://feblog.pstatic.net/real/pc/2025.10.01/js/vendor.6794114dd270eb42c37c.js (2)
[27571:735254:1009/102535.883873:INFO:CONSOLE:2] "버튼 22: [object Object]", source: https://feblog.pstatic.net/real/pc/2025.10.01/js/vendor.6794114dd270eb42c37c.js (2)
[27571:735254:1009/102535.883930:INFO:CONSOLE:2] "버튼 23: [object Object]", source: https://feblog.pstatic.net/real/pc/2025.10.01/js/vendor.6794114dd270eb42c37c.js (2)
[27571:735254:1009/102535.884006:INFO:CONSOLE:2] "버튼 24: [object Object]", source: https://feblog.pstatic.net/real/pc/2025.10.01/js/vendor.6794114dd270eb42c37c.js (2)
[27571:735254:1009/102535.884092:INFO:CONSOLE:2] "버튼 25: [object Object]", source: https://feblog.pstatic.net/real/pc/2025.10.01/js/vendor.6794114dd270eb42c37c.js (2)
[27571:735254:1009/102535.884150:INFO:CONSOLE:2] "버튼 26: [object Object]", source: https://feblog.pstatic.net/real/pc/2025.10.01/js/vendor.6794114dd270eb42c37c.js (2)
[27571:735254:1009/102535.884243:INFO:CONSOLE:2] "버튼 27: [object Object]", source: https://feblog.pstatic.net/real/pc/2025.10.01/js/vendor.6794114dd270eb42c37c.js (2)
[27571:735254:1009/102535.884308:INFO:CONSOLE:2] "버튼 28: [object Object]", source: https://feblog.pstatic.net/real/pc/2025.10.01/js/vendor.6794114dd270eb42c37c.js (2)
[27571:735254:1009/102535.884380:INFO:CONSOLE:2] "버튼 29: [object Object]", source: https://feblog.pstatic.net/real/pc/2025.10.01/js/vendor.6794114dd270eb42c37c.js (2)
[27571:735254:1009/102535.884461:INFO:CONSOLE:2] "버튼 30: [object Object]", source: https://feblog.pstatic.net/real/pc/2025.10.01/js/vendor.6794114dd270eb42c37c.js (2)
[27571:735254:1009/102535.884531:INFO:CONSOLE:2] "버튼 31: [object Object]", source: https://feblog.pstatic.net/real/pc/2025.10.01/js/vendor.6794114dd270eb42c37c.js (2)
[27571:735254:1009/102535.884604:INFO:CONSOLE:2] "버튼 32: [object Object]", source: https://feblog.pstatic.net/real/pc/2025.10.01/js/vendor.6794114dd270eb42c37c.js (2)
[27571:735254:1009/102535.884681:INFO:CONSOLE:2] "버튼 33: [object Object]", source: https://feblog.pstatic.net/real/pc/2025.10.01/js/vendor.6794114dd270eb42c37c.js (2)
[27571:735254:1009/102535.884753:INFO:CONSOLE:2] "버튼 34: [object Object]", source: https://feblog.pstatic.net/real/pc/2025.10.01/js/vendor.6794114dd270eb42c37c.js (2)
[27571:735254:1009/102535.884810:INFO:CONSOLE:2] "버튼 35: [object Object]", source: https://feblog.pstatic.net/real/pc/2025.10.01/js/vendor.6794114dd270eb42c37c.js (2)
[27571:735254:1009/102535.884893:INFO:CONSOLE:2] "버튼 36: [object Object]", source: https://feblog.pstatic.net/real/pc/2025.10.01/js/vendor.6794114dd270eb42c37c.js (2)
[27571:735254:1009/102535.884962:INFO:CONSOLE:2] "버튼 37: [object Object]", source: https://feblog.pstatic.net/real/pc/2025.10.01/js/vendor.6794114dd270eb42c37c.js (2)
[27571:735254:1009/102535.885040:INFO:CONSOLE:2] "버튼 38: [object Object]", source: https://feblog.pstatic.net/real/pc/2025.10.01/js/vendor.6794114dd270eb42c37c.js (2)
[27571:735254:1009/102535.885108:INFO:CONSOLE:2] "버튼 39: [object Object]", source: https://feblog.pstatic.net/real/pc/2025.10.01/js/vendor.6794114dd270eb42c37c.js (2)
[27571:735254:1009/102535.885198:INFO:CONSOLE:2] "버튼 40: [object Object]", source: https://feblog.pstatic.net/real/pc/2025.10.01/js/vendor.6794114dd270eb42c37c.js (2)
[27571:735254:1009/102535.885269:INFO:CONSOLE:2] "버튼 41: [object Object]", source: https://feblog.pstatic.net/real/pc/2025.10.01/js/vendor.6794114dd270eb42c37c.js (2)
[27571:735254:1009/102535.885346:INFO:CONSOLE:2] "버튼 42: [object Object]", source: https://feblog.pstatic.net/real/pc/2025.10.01/js/vendor.6794114dd270eb42c37c.js (2)
[27571:735254:1009/102535.885411:INFO:CONSOLE:2] "버튼 43: [object Object]", source: https://feblog.pstatic.net/real/pc/2025.10.01/js/vendor.6794114dd270eb42c37c.js (2)
[27571:735254:1009/102535.885494:INFO:CONSOLE:2] "버튼 45: [object Object]", source: https://feblog.pstatic.net/real/pc/2025.10.01/js/vendor.6794114dd270eb42c37c.js (2)
[27571:735254:1009/102535.885583:INFO:CONSOLE:2] "버튼 47: [object Object]", source: https://feblog.pstatic.net/real/pc/2025.10.01/js/vendor.6794114dd270eb42c37c.js (2)
[27571:735254:1009/102535.885652:INFO:CONSOLE:2] "버튼 51: [object Object]", source: https://feblog.pstatic.net/real/pc/2025.10.01/js/vendor.6794114dd270eb42c37c.js (2)
[27571:735254:1009/102535.885730:INFO:CONSOLE:2] "버튼 55: [object Object]", source: https://feblog.pstatic.net/real/pc/2025.10.01/js/vendor.6794114dd270eb42c37c.js (2)
[27571:735254:1009/102535.885790:INFO:CONSOLE:2] "버튼 58: [object Object]", source: https://feblog.pstatic.net/real/pc/2025.10.01/js/vendor.6794114dd270eb42c37c.js (2)
[27571:735254:1009/102535.885929:INFO:CONSOLE:2] "버튼 61: [object Object]", source: https://feblog.pstatic.net/real/pc/2025.10.01/js/vendor.6794114dd270eb42c37c.js (2)
[27571:735254:1009/102535.885958:INFO:CONSOLE:2] "버튼 62: [object Object]", source: https://feblog.pstatic.net/real/pc/2025.10.01/js/vendor.6794114dd270eb42c37c.js (2)
[27571:735254:1009/102535.886064:INFO:CONSOLE:2] "버튼 64: [object Object]", source: https://feblog.pstatic.net/real/pc/2025.10.01/js/vendor.6794114dd270eb42c37c.js (2)
[27571:735254:1009/102535.886162:INFO:CONSOLE:2] "버튼 65: [object Object]", source: https://feblog.pstatic.net/real/pc/2025.10.01/js/vendor.6794114dd270eb42c37c.js (2)
[27571:735254:1009/102535.886183:INFO:CONSOLE:2] "버튼 67: [object Object]", source: https://feblog.pstatic.net/real/pc/2025.10.01/js/vendor.6794114dd270eb42c37c.js (2)
[27571:735254:1009/102535.886296:INFO:CONSOLE:2] "버튼 68: [object Object]", source: https://feblog.pstatic.net/real/pc/2025.10.01/js/vendor.6794114dd270eb42c37c.js (2)
[27571:735254:1009/102535.886343:INFO:CONSOLE:2] "버튼 70: [object Object]", source: https://feblog.pstatic.net/real/pc/2025.10.01/js/vendor.6794114dd270eb42c37c.js (2)
[27571:735254:1009/102535.886360:INFO:CONSOLE:2] "버튼 71: [object Object]", source: https://feblog.pstatic.net/real/pc/2025.10.01/js/vendor.6794114dd270eb42c37c.js (2)
[27571:735254:1009/102535.886442:INFO:CONSOLE:2] "버튼 74: [object Object]", source: https://feblog.pstatic.net/real/pc/2025.10.01/js/vendor.6794114dd270eb42c37c.js (2)
[27571:735254:1009/102535.886525:INFO:CONSOLE:2] "버튼 75: [object Object]", source: https://feblog.pstatic.net/real/pc/2025.10.01/js/vendor.6794114dd270eb42c37c.js (2)
[27571:735254:1009/102535.886593:INFO:CONSOLE:2] "버튼 78: [object Object]", source: https://feblog.pstatic.net/real/pc/2025.10.01/js/vendor.6794114dd270eb42c37c.js (2)
[27571:735254:1009/102535.886780:INFO:CONSOLE:2] "버튼 98: [object Object]", source: https://feblog.pstatic.net/real/pc/2025.10.01/js/vendor.6794114dd270eb42c37c.js (2)
[27571:735254:1009/102535.886809:INFO:CONSOLE:2] "버튼 99: [object Object]", source: https://feblog.pstatic.net/real/pc/2025.10.01/js/vendor.6794114dd270eb42c37c.js (2)
[27571:735254:1009/102535.886897:INFO:CONSOLE:2] "버튼 100: [object Object]", source: https://feblog.pstatic.net/real/pc/2025.10.01/js/vendor.6794114dd270eb42c37c.js (2)
[27571:735254:1009/102535.886927:INFO:CONSOLE:2] "버튼 101: [object Object]", source: https://feblog.pstatic.net/real/pc/2025.10.01/js/vendor.6794114dd270eb42c37c.js (2)
[27571:735254:1009/102535.886996:INFO:CONSOLE:2] "버튼 102: [object Object]", source: https://feblog.pstatic.net/real/pc/2025.10.01/js/vendor.6794114dd270eb42c37c.js (2)
[27571:735254:1009/102535.887063:INFO:CONSOLE:2] "버튼 103: [object Object]", source: https://feblog.pstatic.net/real/pc/2025.10.01/js/vendor.6794114dd270eb42c37c.js (2)
[27571:735254:1009/102535.887133:INFO:CONSOLE:2] "버튼 104: [object Object]", source: https://feblog.pstatic.net/real/pc/2025.10.01/js/vendor.6794114dd270eb42c37c.js (2)
[27571:735254:1009/102535.887206:INFO:CONSOLE:2] "버튼 105: [object Object]", source: https://feblog.pstatic.net/real/pc/2025.10.01/js/vendor.6794114dd270eb42c37c.js (2)
[27571:735254:1009/102535.887267:INFO:CONSOLE:2] "버튼 106: [object Object]", source: https://feblog.pstatic.net/real/pc/2025.10.01/js/vendor.6794114dd270eb42c37c.js (2)
[27571:735254:1009/102535.887322:INFO:CONSOLE:2] "버튼 107: [object Object]", source: https://feblog.pstatic.net/real/pc/2025.10.01/js/vendor.6794114dd270eb42c37c.js (2)
[27571:735254:1009/102535.887401:INFO:CONSOLE:2] "버튼 108: [object Object]", source: https://feblog.pstatic.net/real/pc/2025.10.01/js/vendor.6794114dd270eb42c37c.js (2)
[27571:735254:1009/102535.887463:INFO:CONSOLE:2] "버튼 109: [object Object]", source: https://feblog.pstatic.net/real/pc/2025.10.01/js/vendor.6794114dd270eb42c37c.js (2)
[27571:735254:1009/102535.887544:INFO:CONSOLE:2] "버튼 110: [object Object]", source: https://feblog.pstatic.net/real/pc/2025.10.01/js/vendor.6794114dd270eb42c37c.js (2)
[27571:735254:1009/102535.887621:INFO:CONSOLE:2] "버튼 111: [object Object]", source: https://feblog.pstatic.net/real/pc/2025.10.01/js/vendor.6794114dd270eb42c37c.js (2)
[27571:735254:1009/102535.887690:INFO:CONSOLE:2] "버튼 112: [object Object]", source: https://feblog.pstatic.net/real/pc/2025.10.01/js/vendor.6794114dd270eb42c37c.js (2)
[27571:735254:1009/102535.887764:INFO:CONSOLE:2] "버튼 113: [object Object]", source: https://feblog.pstatic.net/real/pc/2025.10.01/js/vendor.6794114dd270eb42c37c.js (2)
[27571:735254:1009/102535.887836:INFO:CONSOLE:2] "버튼 114: [object Object]", source: https://feblog.pstatic.net/real/pc/2025.10.01/js/vendor.6794114dd270eb42c37c.js (2)
[27571:735254:1009/102535.887903:INFO:CONSOLE:2] "버튼 115: [object Object]", source: https://feblog.pstatic.net/real/pc/2025.10.01/js/vendor.6794114dd270eb42c37c.js (2)
[27571:735254:1009/102535.887988:INFO:CONSOLE:2] "버튼 116: [object Object]", source: https://feblog.pstatic.net/real/pc/2025.10.01/js/vendor.6794114dd270eb42c37c.js (2)
[27571:735254:1009/102535.888054:INFO:CONSOLE:2] "버튼 117: [object Object]", source: https://feblog.pstatic.net/real/pc/2025.10.01/js/vendor.6794114dd270eb42c37c.js (2)
[27571:735254:1009/102535.888136:INFO:CONSOLE:2] "버튼 118: [object Object]", source: https://feblog.pstatic.net/real/pc/2025.10.01/js/vendor.6794114dd270eb42c37c.js (2)
[27571:735254:1009/102535.888192:INFO:CONSOLE:2] "버튼 119: [object Object]", source: https://feblog.pstatic.net/real/pc/2025.10.01/js/vendor.6794114dd270eb42c37c.js (2)
[27571:735254:1009/102535.888259:INFO:CONSOLE:2] "버튼 120: [object Object]", source: https://feblog.pstatic.net/real/pc/2025.10.01/js/vendor.6794114dd270eb42c37c.js (2)
[27571:735254:1009/102535.888323:INFO:CONSOLE:2] "버튼 121: [object Object]", source: https://feblog.pstatic.net/real/pc/2025.10.01/js/vendor.6794114dd270eb42c37c.js (2)
[27571:735254:1009/102535.888400:INFO:CONSOLE:2] "버튼 122: [object Object]", source: https://feblog.pstatic.net/real/pc/2025.10.01/js/vendor.6794114dd270eb42c37c.js (2)
[27571:735254:1009/102535.888472:INFO:CONSOLE:2] "버튼 123: [object Object]", source: https://feblog.pstatic.net/real/pc/2025.10.01/js/vendor.6794114dd270eb42c37c.js (2)
[27571:735254:1009/102535.888528:INFO:CONSOLE:2] "버튼 124: [object Object]", source: https://feblog.pstatic.net/real/pc/2025.10.01/js/vendor.6794114dd270eb42c37c.js (2)
[27571:735254:1009/102535.888593:INFO:CONSOLE:2] "버튼 125: [object Object]", source: https://feblog.pstatic.net/real/pc/2025.10.01/js/vendor.6794114dd270eb42c37c.js (2)
[27571:735254:1009/102535.888674:INFO:CONSOLE:2] "1단계: 정확한 선택자로 시도...", source: https://feblog.pstatic.net/real/pc/2025.10.01/js/vendor.6794114dd270eb42c37c.js (2)
[27571:735254:1009/102535.888778:INFO:CONSOLE:2] "✅ 정확한 선택자로 확인 버튼 클릭: button.se-popup-button-confirm", source: https://feblog.pstatic.net/real/pc/2025.10.01/js/vendor.6794114dd270eb42c37c.js (2)
[27571:735254:1009/102538.143746:INFO:CONSOLE:2] "키보드 입력 차단 해제 완료", source: https://feblog.pstatic.net/real/pc/2025.10.01/js/vendor.6794114dd270eb42c37c.js (2)
[27571:735254:1009/102539.270858:INFO:CONSOLE:2] "Google Maps JavaScript API has been loaded directly without loading=async. This can result in suboptimal performance. For best-practice loading patterns please see https://goo.gle/js-api-loading", source: https://feblog.pstatic.net/real/pc/2025.10.01/js/vendor.6794114dd270eb42c37c.js (2)
[27571:735254:1009/102546.099634:INFO:CONSOLE:2] "추가 버튼 발견, 5번 클릭 시도 시작...", source: https://feblog.pstatic.net/real/pc/2025.10.01/js/vendor.6794114dd270eb42c37c.js (2)
[27571:735254:1009/102546.099900:INFO:CONSOLE:2] "1번째 클릭 시도...", source: https://feblog.pstatic.net/real/pc/2025.10.01/js/vendor.6794114dd270eb42c37c.js (2)
[27571:735254:1009/102547.101015:INFO:CONSOLE:2] "2번째 클릭 시도...", source: https://feblog.pstatic.net/real/pc/2025.10.01/js/vendor.6794114dd270eb42c37c.js (2)
[27571:735254:1009/102548.102030:INFO:CONSOLE:2] "3번째 클릭 시도...", source: https://feblog.pstatic.net/real/pc/2025.10.01/js/vendor.6794114dd270eb42c37c.js (2)
[27571:735254:1009/102549.101752:INFO:CONSOLE:2] "4번째 클릭 시도...", source: https://feblog.pstatic.net/real/pc/2025.10.01/js/vendor.6794114dd270eb42c37c.js (2)
[27571:735254:1009/102550.101905:INFO:CONSOLE:2] "5번째 클릭 시도...", source: https://feblog.pstatic.net/real/pc/2025.10.01/js/vendor.6794114dd270eb42c37c.js (2)
[27571:735254:1009/102551.118538:INFO:CONSOLE:2] "정확한 선택자로 확인 버튼 발견", source: https://feblog.pstatic.net/real/pc/2025.10.01/js/vendor.6794114dd270eb42c37c.js (2)
[27571:735254:1009/102641.322162:INFO:CONSOLE:2] "=== 최종 발행 버튼 찾기 시작 ===", source: https://feblog.pstatic.net/real/pc/2025.10.01/js/vendor.6794114dd270eb42c37c.js (2)
[27571:735254:1009/102641.322356:INFO:CONSOLE:2] "🎯 data-testid로 발행 버튼 찾기...", source: https://feblog.pstatic.net/real/pc/2025.10.01/js/vendor.6794114dd270eb42c37c.js (2)
[27571:735254:1009/102641.322571:INFO:CONSOLE:2] "🎯 confirm_btn 클래스로 발행 버튼 찾기...", source: https://feblog.pstatic.net/real/pc/2025.10.01/js/vendor.6794114dd270eb42c37c.js (2)
[27571:735254:1009/102641.322903:INFO:CONSOLE:2] "✅ confirm_btn으로 발행 버튼 발견: [object Object]", source: https://feblog.pstatic.net/real/pc/2025.10.01/js/vendor.6794114dd270eb42c37c.js (2)
[27571:735254:1009/102641.353692:INFO:CONSOLE:2] "✅ confirm_btn 발행 버튼 클릭 완료", source: https://feblog.pstatic.net/real/pc/2025.10.01/js/vendor.6794114dd270eb42c37c.js (2)
[27571:735254:1009/102642.690851:INFO:CONSOLE:275] "Google Maps JavaScript API has been loaded directly without loading=async. This can result in suboptimal performance. For best-practice loading patterns please see https://goo.gle/js-api-loading", source: https://maps.google.co.kr/maps/api/js?v=3&client=gme-nhncorp&language=ko&channel=naver_blog (275)
[27571:735310:1009/112853.227685:ERROR:google_apis/gcm/engine/connection_factory_impl.cc:483] ConnectionHandler failed with net error: -2
[27571:735254:1009/112853.272433:ERROR:content/browser/network_service_instance_impl.cc:599] Network service crashed, restarting service.
[44930:1302003:1009/112853.889894:WARNING:components/prefs/pref_notifier_impl.cc:26] Init observer found at shutdown.
[44930:1302005:1009/112853.981016:WARNING:net/extras/sqlite/sqlite_persistent_store_backend_base.cc:176] Failed to post task from operator()@net/extras/sqlite/sqlite_persistent_shared_dictionary_store.cc:259 to client_task_runner_.
[44930:1302008:1009/112853.981185:WARNING:net/extras/sqlite/sqlite_persistent_store_backend_base.cc:176] Failed to post task from LoadReportingClientsAndNotifyInBackground@net/extras/sqlite/sqlite_persistent_reporting_and_nel_store.cc:1452 to client_task_runner_.
[44930:1302005:1009/112853.982390:WARNING:net/extras/sqlite/sqlite_persistent_store_backend_base.cc:176] Failed to post task from operator()@net/extras/sqlite/sqlite_persistent_shared_dictionary_store.cc:252 to client_task_runner_.
